name,generic_name,category,unit,description,side_effect,source_url
A-Methapred (Methylprednisolone Sodium Succinate),methylprednisolone sodium succinate,Corticosteroids,Dosage recommendations for A-Methapred vary for each individual. Talk to your doctor about your individual dosage recommendation.,"A-Methapred (methylprednisolone sodium succinate) is an anti-inflammatory steroid used to treat conditions such as arthritis, lupus, dermatitis, Steven's-Johnson Syndrome, asthma, eye inflammation, ulcerative colitis, leukemia, multiple sclerosis, and more. A-Methapred is available in generic form.","Common side effects of A-Methapred include: muscle weakness peptic ulcer slow wound healing thinning skin facial redness vertigo headache changes in menstrual cycle increased eye pressure nausea vomiting heartburn dizziness trouble sleeping appetite changes increased sweating acne fluid retention abdominal bloating high blood pressure injection site reactions (pain, redness, swelling)",https://www.rxlist.com/a-methapred-drug.htm
Abacavir and Lamivudine Film-coated Tablets (Kivexa),abacavir and lamivudine film-coated tablets,,The recommended dose of Kivexa tablets in adults and adolescents is one tablet once daily.,Kivexa (abacavir and lamivudine) is a combination of antiviral drugs called nucleoside analogues that is indicated in antiretroviral combination therapy for the treatment of Human Immunodeficiency Virus (HIV) infection in adults and adolescents from 12 years of age. Epzicom is the name for the drug equivalent in the U.S.,"Kivexa may cause serious side effects including: hives, difficulty breathing, swelling of your face, lips, tongue, or throat, dizziness, pale skin, unusual tiredness, weakness, shortness of breath, unusual bleeding, nosebleeds, easy bruising, blood in urine, coughing blood, bleeding gums, any bleeding that will not stop, poor concentration, changes in weight, decreased interest in activities, thoughts of self-harm, changes in sleep, fever, chills, sore throat, cough, nausea, vomiting, abdominal pain (upper left side), diarrhea, black or tarry stools, vomit that looks like coffee grounds, any rash (no matter how minor), a rash with blistering or peeling, back pain, rapid heartbeat, swelling of the abdomen, dizziness, rapid heart rate, and rapid or shallow breathing Get medical help right away, if you have any of the symptoms listed above. Common side effects of Kivexa include: hypersensitivity reactions (fever and/or rash), nausea, vomiting, diarrhea, abdominal pain, mouth sores, shortness of breath, cough, sore throat, fever, fatigue, feeling unwell (malaise), headache, elevated liver function tests, and muscle pain Seek medical care or call 911 at once if you have the following serious side effects:",https://www.rxlist.com/kivexa-drug.htm
Abacavir Sulfate (Ziagen),abacavir sulfate,"HIV, NNRTIs, Antiretroviral Agents","The recommended oral dose of Ziagen for adults is 600 mg daily, administered as either 300 mg twice daily or 600 mg once daily, in combination with other antiretroviral agents. Pediatric dose is deter","Ziagen (abacavir sulfate) is an antiviral medication used to treat HIV, which causes the acquired immunodeficiency syndrome (AIDS). Ziagen is not a cure for HIV or AIDS.","Common side effects of Ziagen include: trouble sleeping, loss of appetite, strange dreams, headache, ear pain, cold symptoms (stuffy nose, sneezing, sinus pain), or changes in the shape or location of body fat (especially in your arms, legs, face, neck, breasts, and trunk). Tell your doctor if you have any serious side effects of Ziagen including: unexplained weight loss, persistent muscle aches or weakness, joint pain, numbness or tingling of the hands/feet/arms/legs, severe tiredness, vision changes, severe or persistent headaches, signs of infection (such as fever, chills, trouble breathing, cough, non-healing skin sores), signs of an overactive thyroid (such as irritability, nervousness, heat intolerance, fast/pounding/irregular heartbeat, bulging eyes, unusual growth in the neck/thyroid known as a goiter), signs of a certain nerve problem known as Guillain-Barre Syndrome (such as difficulty breathing/swallowing/moving your eyes, drooping face, paralysis, slurred speech), or mental/mood changes (depression, anxiety).",https://www.rxlist.com/ziagen-drug.htm
Abacavir Sulfate and Lamivudine Tablets (Epzicom),abacavir sulfate and lamivudine tablets,"HIV, NNRTIs, HIV, ART Combos","The recommended oral dose of Epzicom for adults is one tablet daily, in combination with other antiretroviral agents.","Epzicom (abacavir sulfate and lamivudine) is a type of antiviral medication called a reverse transcriptase inhibitor used to treat HIV, which causes the acquired immunodeficiency syndrome (AIDS). Epzicom is not a cure for HIV or AIDS.","Common side effects of Epzicom include: headache, nausea, diarrhea, dizziness, tiredness, trouble sleeping, strange dreams, depression, anxiety, or changes in the shape or location of body fat (especially in your arms, legs, face, neck, breasts, and trunk). Tell your doctor if you have serious side effects of Epzicom including: unexplained weight loss, persistent muscle aches or weakness, joint pain, numbness or tingling of the hands/feet/arms/legs, severe tiredness, vision changes, severe or persistent headaches, signs of infection (such as fever, chills, trouble breathing, cough, non-healing skin sores), signs of an overactive thyroid (such as irritability, nervousness, heat intolerance, fast/pounding/irregular heartbeat, bulging eyes, unusual growth in the neck/thyroid known as a goiter), signs of a certain nerve problem known as Guillain-Barre Syndrome (such as difficulty breathing/swallowing/moving your eyes, drooping face, paralysis, slurred speech), mental/mood changes (such as depression, anxiety), easy bruising or bleeding, or signs of anemia (such as unusual tiredness, fast breathing, pale skin, fast heartbeat). Epzicom may cause serious side effects including: hives, difficulty breathing, swelling of your face, lips, tongue, or throat, unexplained weight loss, severe tiredness, muscle aches, weakness, severe headaches, joint pain, numbness or tingling of the hands, feet, arms, legs, vision changes, fever, chills, swollen lymph nodes, cough, non-healing skin sores, irritability, nervousness, heat intolerance, fast, pounding, or irregular heartbeat, bulging eyes, unusual growth in the neck or thyroid (goiter), trouble swallowing, difficulty moving your eyes, drooping face, paralysis, difficulty speaking, mental or mood changes, depression, anxiety, easy bruising, unusual bleeding, unusual tiredness, fast breathing, pale skin, nausea, vomiting, stomach pain, back pain, fever, loss of appetite, yellowing of the eyes and skin (jaundice), dark urine, deep or rapid breathing, and drowsiness",https://www.rxlist.com/epzicom-drug.htm
"Abacavir Sulfate, Lamivudine, and Zidovudine (Trizivir)","abacavir sulfate, lamivudine, and zidovudine","HIV, NNRTIs, HIV, ART Combos",The recommended oral dose of Trizivir is one tablet twice daily.,"Trizivir (abacavir sulfate, lamivudine, and zidovudine) is a type of antiviral medication called a reverse transcriptase inhibitor used to treat HIV, which causes the acquired immunodeficiency syndrome (AIDS). Trizivir is not a cure for HIV or AIDS.","Common side effects of Trizivir include: headache, tiredness, weakness, nausea, vomiting, loss of appetite, diarrhea, dizziness, trouble sleeping, joint pain, depression, nervousness, cold symptoms (stuffy nose, sneezing, sinus pain), or changes in the shape or location of body fat (especially in your arms, legs, face, neck, breasts, and trunk). Tell your doctor if you have serious side effects of Trizivir including: unexplained weight loss, persistent muscle aches or weakness, joint pain, numbness or tingling of the hands/feet/arms/legs, severe tiredness, vision changes, severe or persistent headaches, signs of infection (such as fever, chills, trouble breathing, cough, non-healing skin sores), signs of an overactive thyroid (such as irritability, nervousness, heat intolerance, fast/pounding/irregular heartbeat, bulging eyes, unusual growth in the neck/thyroid known as a goiter), signs of a certain nerve problem known as Guillain-Barre Syndrome (such as difficulty breathing/swallowing/moving your eyes, drooping face, paralysis, slurred speech), mental/mood changes (such as depression, anxiety), easy bruising or bleeding, or skin and nail color changes. Seek medical care or call 911 at once if you have the following serious side effects: Serious eye symptoms such as sudden vision loss, blurred vision, tunnel vision, eye pain or swelling, or seeing halos around lights; Serious heart symptoms such as fast, irregular, or pounding heartbeats; fluttering in your chest; shortness of breath; and sudden dizziness, lightheartedness, or passing out; Severe headache, confusion, slurred speech, arm or leg weakness, trouble walking, loss of coordination, feeling unsteady, very stiff muscles, high fever, profuse sweating, or tremors.",https://www.rxlist.com/trizivir-drug.htm
"Abacavir, Dolutegravir, and Lamivudine Film-coated Tablets (Triumeq)","abacavir, dolutegravir, and lamivudine film-coated tablets","HIV, ART Combos",The adult dose of Triumeq is one tablet daily.,"Triumeq (abacavir, dolutegravir, and lamivudine) is a combination of an integrase strand transfer inhibitor (INSTI) and two nucleoside analogues used to treat human immunodeficiency virus type 1 (HIV1) infection.","Triumeq may cause serious side effects including: hives, difficulty breathing, swelling of your face, lips, tongue, or throat, fever, rash, nausea, vomiting, diarrhea, stomach pain, general ill feeling, extreme tiredness, body aches, shortness of breath, cough, sore throat, unusual muscle pain, trouble breathing, stomach pain, irregular heart rate, dizziness, feeling cold, weakness, tiredness, swelling around your midsection, right-sided upper stomach pain, loss of appetite, dark urine, clay-colored stools, yellowing of the skin or eyes (jaundice), chest pain or pressure, pain spreading to your jaw or shoulder, and sweating Get medical help right away, if you have any of the symptoms listed above. Common side effects of Triumeq include: insomnia, headache, fatigue, diarrhea, nausea, vomiting, fever, loss of appetite, low energy, nightmares or abnormal dreams, abnormal body fat distribution, numbness and tingling, hypersensitivity reactions (fever, rash, shortness of breath, cough, or sore throat), joint pain or swelling, muscle pain, extremity swelling, depression, dizziness, and spinning sensation (vertigo). Seek medical care or call 911 at once if you have the following serious side effects:",https://www.rxlist.com/triumeq-drug.htm
Abaloparatide Injection (Tymlos),abaloparatide injection,Parathyroid Hormone Analogs,The recommended dose of Tymlos is 80 mcg subcutaneously once daily; patients should receive supplemental calcium and vitamin D if dietary intake is inadequate.,Tymlos (abaloparatide) injection is a human parathyroid hormone related peptide [PTHrP(1-34)] analog indicated for the treatment of postmenopausal women with osteoporosis at high risk for fracture.,"Tymlos may cause serious side effects including: hives, difficulty breathing, swelling of your face, lips, tongue, or throat, nausea, and palpitations Get medical help right away, if you have any of the symptoms listed above. Common side effects of Tymlos include: high calcium levels in the urine (hypercalciuria), dizziness, nausea, headache, palpitations, fatigue, upper abdominal pain and spinning sensation (vertigo). Seek medical care or call 911 at once if you have the following serious side effects:",https://www.rxlist.com/tymlos-drug.htm
Abametapir Lotion (Xeglyze),abametapir lotion,Topical Pediculicide,Apply Xeglyze to dry hair in an amount sufficient (up to the full content of one bottle) to thoroughly coat the hair and scalp. Avoid contact with eyes. Massage Xeglyze into the scalp and throughout t,"Xeglyze (abametapir) is a pediculicide indicated for the topical treatment of head lice infestation in patients 6 months of age and older. Xeglyze should be used in the context of an overall lice management program: Wash (with hot water) or dry-clean all recently worn clothing, hats, used bedding and towel; wash personal care items such as combs, brushes and hair clips in hot water; and use a fine-tooth comb or special nit comb to remove dead lice and nits.","Side effects of Xeglyze include: skin redness, rash, skin burning sensation, contact dermatitis, vomiting, eye irritation, itching, and hair color changes Seek medical care or call 911 at once if you have the following serious side effects: Serious eye symptoms such as sudden vision loss, blurred vision, tunnel vision, eye pain or swelling, or seeing halos around lights; Serious heart symptoms such as fast, irregular, or pounding heartbeats; fluttering in your chest; shortness of breath; and sudden dizziness, lightheartedness, or passing out; Severe headache, confusion, slurred speech, arm or leg weakness, trouble walking, loss of coordination, feeling unsteady, very stiff muscles, high fever, profuse sweating, or tremors. This document does not contain all possible side effects and others may occur. Check with your physician for additional information about side effects.",https://www.rxlist.com/xeglyze-drug.htm
Abarelix (Plenaxis),abarelix,Gonadotropin Releasing Hormone Antagonists,The recommended dose of Plenaxis is 100 mg administered intramuscularly to the buttock on Day 1 15 29 (week 4) and every 4 weeks thereafter.,Plenaxis (abarelix) for Injectable Suspension inhibits gonadotropin releasing-hormone (GnRH) and is used in the palliative treatment of advanced prostate cancer. The brand name Plenaxis is discontinued but generic versions may be available.,"Common side effects of Plenaxis (abarelix) include: hot flashes sleep disturbances breast enlargement or pain nipple tenderness diarrhea or constipation swelling of extremities nausea dizziness headache fatigue changes with or difficulty urinating urinary tract infection or upper respiratory tract infection. Seek medical care or call 911 at once if you have the following serious side effects: Serious eye symptoms such as sudden vision loss, blurred vision, tunnel vision, eye pain or swelling, or seeing halos around lights; Serious heart symptoms such as fast, irregular, or pounding heartbeats; fluttering in your chest; shortness of breath; and sudden dizziness, lightheartedness, or passing out; Severe headache, confusion, slurred speech, arm or leg weakness, trouble walking, loss of coordination, feeling unsteady, very stiff muscles, high fever, profuse sweating, or tremors. This document does not contain all possible side effects and others may occur. Check with your physician for additional information about side effects.",https://www.rxlist.com/plenaxis-drug.htm
Abatacept (Orencia),abatacept,"DMARDs, Immunomodulators, Immunosuppressants",Orencia is supplied in single use vials at a strength of 250mg per vial. Orencia is administered intravenously (IV) as a 30-minute infusion. Dosing is based on the patient's weight. Following the init,Orencia (abatacept) is a recombinant DNA generated fusion protein used to treat the symptoms of rheumatoid arthritis and to prevent joint damage caused by these conditions. Orencia is also used to treat arthritis in children who are at least 6 years old. Orencia is not a cure for any autoimmune disorder and only treats symptoms.,"Orencia may cause serious side effects including: fever, chills, night sweats, flu symptoms, weight loss, feeling very tired, dry cough, sore throat, warmth, pain or redness of your skin trouble breathing, stabbing chest pain, wheezing, cough with yellow or green mucus, pain or burning when you urinate, and signs of skin infection such as itching, swelling, warmth, redness, or oozing Get medical help right away, if you have any of the symptoms listed above. Common side effects of Orencia include: headache, nausea, diarrhea, stomach pain, indigestion, dizziness, flushing, back pain, or cold symptoms such as stuffy head/nose, sneezing, sore throat, or cough. Seek medical care or call 911 at once if you have the following serious side effects:",https://www.rxlist.com/orencia-drug.htm
Abciximab (ReoPro),abciximab,"Antineoplastics CDK Inhibitors, Glycoprotein IIb/IIIa Inhibitors,","The recommended dosage of Abciximab in adults is a 0.25 mg/kg intravenous bolus administered 10-60 minutes before the start of PCI, followed by a continuous intravenous infusion of 0.125 µg/kg/min (to","ReoPro (abciximab) is a blood thinner used to prevent blood clots during procedures used to open up the blood vessels in the heart (e.g., balloon angioplasty, coronary stent placement, percutaneous coronary intervention-PCI). ReoPro is usually used with heparin and aspirin.","Common side effects of ReoPro include: nausea, vomiting, injection site reactions (bleeding, irritation, or pain), back pain, changes in vision, heartburn, stomach upset, abdominal pain, low blood pressure, slow heart rate, chest pain, headache, swelling of the extremities, or mood changes.",https://www.rxlist.com/reopro-drug.htm
Abecma (Idecabtagene Vicleucel Suspension),idecabtagene vicleucel suspension,"CAR-T Cell Therapies, CAR T-Cell Immunotherapy",Dosing of Abecma is based on the number of chimeric antigen receptor (CAR)-positive T cells. The recommended dose range of Abecma is 300 to 460×106 CAR-positive T cells.,"Abecma (idecabtagene vicleucel) is a B-cell maturation antigen (BCMA)-directed genetically modified autologous T cell immunotherapy used to treat adult patients with relapsed or refractory multiple myeloma after four or more prior lines of therapy, including an immunomodulatory agent, a proteasome inhibitor, and an anti-CD38 monoclonal antibody.","Side effects of Abecma include: cytokine release syndrome (CRS), infections, fatigue, musculoskeletal pain, hypogammaglobulinemia, diarrhea, upper respiratory tract infection, nausea, viral infections, encephalopathy, fluid retention (edema), fever, cough, headache, decreased appetite, low white blood cells (neutropenia, leukopenia, lymphopenia), low platelets (thrombocytopenia), and anemia Seek medical care or call 911 at once if you have the following serious side effects: Serious eye symptoms such as sudden vision loss, blurred vision, tunnel vision, eye pain or swelling, or seeing halos around lights; Serious heart symptoms such as fast, irregular, or pounding heartbeats; fluttering in your chest; shortness of breath; and sudden dizziness, lightheadedness, or passing out; Severe headache, confusion, slurred speech, arm or leg weakness, trouble walking, loss of coordination, feeling unsteady, very stiff muscles, high fever, profuse sweating, or tremors. This document does not contain all possible side effects and others may occur. Check with your physician for additional information about side effects.",https://www.rxlist.com/abecma-drug.htm
Abelcet (Amphotericin B Injection),amphotericin b injection,"Antifungals, Systemic",The recommended dosage of Abelcet is 5 mg/kg.,Abelcet (amphotericin B lipid complex) Injection is an antifungal antibiotic used to treat a variety of serious fungal infections. Abelcet is available in generic form.,"Side effects of Abelcet include: chills, fever, shaking, flushing, loss of appetite, dizziness, nausea, vomiting, headache, shortness of breath, or fast breathing 1 to 2 hours after the infusion is started",https://www.rxlist.com/abelcet-drug.htm
Abemaciclib Tablets (Verzenio),abemaciclib tablets,Antineoplastics CDK Inhibitors,The recommended starting dose of Verzenio in combination with fulvestrant is 150 mg twice daily. The recommended starting dose of Verzenio as monotherapy is 200 mg twice daily.,"Verzenio (abemaciclib) is a kinase inhibitor indicated in combination with fulvestrant for the treatment of women with hormone receptor (HR)-positive, human epidermal growth factor receptor 2 (HER2)-negative advanced or metastatic breast cancer with disease progression following endocrine therapy; and as monotherapy for the treatment of adult patients with HR-positive, HER2-negative advanced or metastatic breast cancer with disease progression following endocrine therapy and prior chemotherapy in the metastatic setting.","Verzenio may cause serious side effects, including: hives, difficulty breathing, swelling of your face, lips, tongue, or throat, severe or ongoing diarrhea, pain or burning when you urinate, right-sided upper stomach pain, loss of appetite, easy bruising, unusual bleeding, tiredness, fever, chills, tiredness, mouth sores, skin sores, pale skin, cold hands and feet, lightheadedness, shortness of breath, new or worsening cough, painful breathing, wheezing, pain or swelling in an arm or leg, chest pain, and fast heartbeats Common side effects of Verzenio include : diarrhea, low white blood cell count (neutropenia, leukopenia), nausea, abdominal pain, infections, fatigue, anemia, decreased appetite, vomiting, headache, low blood platelet count (thrombocytopenia), sores and inflammation inside the mouth, swelling of extremities, fever, cough, hair loss, itching, rash, changes in taste, dizziness, alanine aminotransferase increased, aspartate aminotransferase increased, and weight loss. Seek medical care or call 911 at once if you have the following serious side effects: Serious eye symptoms such as sudden vision loss, blurred vision, tunnel vision, eye pain or swelling, or seeing halos around lights; Serious heart symptoms such as fast, irregular, or pounding heartbeats; fluttering in your chest; shortness of breath; and sudden dizziness, lightheadedness, or passing out; Severe headache, confusion, slurred speech, arm or leg weakness, trouble walking, loss of coordination, feeling unsteady, very stiff muscles, high fever, profuse sweating, or tremors.",https://www.rxlist.com/verzenio-drug.htm
Abilify (Aripiprazole),aripiprazole,"Antipsychotics, Second Generation, Antimanic Agents","tablet, orally disintegrating tablets, oral solution and injectable formulations","Abilify (aripiprazole) is a psychotropic drug (antipsychotic) that alters brain chemical activity used to treat: schizophrenia, mania, depression, bipolar disorders, autistic disorder, and some irritable behavior disorders. Generic Abilify is not available in the U.S., but is available in other countries under the name aripiprazole.","Abilify may cause serious side effects including: severe agitation or distress, feeling restless, twitching or uncontrollable movements of your eyes, lips, tongue, face, arms or legs, mask-like appearance of the face, trouble swallowing, speech problems, seizure (convulsions), thoughts of suicide or self-harm, stiff or rigid muscles, high fever, sweating, confusion, fast or uneven heartbeats, tremors (shaking), feeling lightheaded, chills, sore throat, mouth sores, skin sores, cough, difficulty breathing, increased thirst, increased urination, dry mouth, and fruity breath odor Get medical help right away, if you have any of the symptoms listed above. Common side effects of Abilify include: dizziness lightheadedness drowsiness weakness lightheadedness nausea vomiting stomach upset tiredness excess saliva or drooling choking or trouble swallowing blurred vision headache anxiety weight gain drowsiness sleep problems (insomnia) constipation Suicidal thoughts are may occur in some patients, especially children, teens, and young adults. Tell your doctor if this occurs. Other serious side effects of Abilify include:",https://www.rxlist.com/abilify-drug.htm
Abilify Asimtufii (Aripiprazole for Extended-release Injectable Suspension),aripiprazole for extended-release injectable suspension,"Antipsychotics, Second Generation, Antimanic Agents",The recommended dosage of Abilify Asimtufii is 960 mg administered once every 2 months as a single injection. The dose can be reduced to 720 mg in patients with adverse reactions.,Abilify Asimtufii (aripiprazole) is an atypical antipsychotic indicated for the treatment of schizophrenia in adults and as maintenance monotherapy treatment of bipolar I disorder in adults.,"Side effects of Abilify Asimtufii include: weight gain, restlessness/inability to sit still, injection site pain, sedation, constipation, dry mouth, diarrhea, vomiting, abdominal discomfort, upper respiratory tract infection, joint pain, back pain, muscle aches, musculoskeletal pain, dizziness, tremor, and nasal congestion. Seek medical care or call 911 at once if you have the following serious side effects: Serious eye symptoms such as sudden vision loss, blurred vision, tunnel vision, eye pain or swelling, or seeing halos around lights; Serious heart symptoms such as fast, irregular, or pounding heartbeats; fluttering in your chest; shortness of breath; and sudden dizziness, lightheadedness, or passing out; Severe headache, confusion, slurred speech, arm or leg weakness, trouble walking, loss of coordination, feeling unsteady, very stiff muscles, high fever, profuse sweating, or tremors. This document does not contain all possible side effects and others may occur. Check with your physician for additional information about side effects.",https://www.rxlist.com/abilify-asimtufii-drug.htm
Abilify Maintena (Aripiprazole Extended-Release Injectable Suspension),aripiprazole extended-release injectable suspension,"Antipsychotics, Second Generation, Antimanic Agents",Ability Maintena is administered under doctor's supervision via intramuscular injection. The recommended dose is 400 mg given monthly as a single injection. Dosage adjustments are required for missed,Abilify Maintena (aripiprazole) is an antipsychotic drug used for the treatment of schizophrenia.,"The most common side effect of Abilify Maintena is a movement disorder characterized by a feeling of inner restlessness and a compelling need to be in constant motion (akathisia). Other side effects of Abilify Maintena include: dizziness, lightheadedness, drowsiness, tiredness, blurred vision, weight gain, shaking (tremors), and redness/pain/swelling at the injection site. Tell your doctor if you have serious side effects of Abilify Maintena including: fainting, trouble swallowing, restlessness (especially in the legs), seizures, or signs of infection (such as fever, persistent sore throat). Abilify Maintena may cause serious side effects including: fainting, trouble swallowing, restlessness (especially in the legs), seizures, fever, persistent sore throat, high blood sugar, increased thirst, increased urination, uncontrolled movements (face, mouth, tongue, arms or legs), muscle stiffness, pain, tenderness or weakness, severe tiredness, severe confusion, sweating, fast or irregular heartbeat, dark urine, change in the amount of urine, rash, itching, swelling of the face, tongue or throat, severe dizziness, and trouble breathing Get medical help right away, if you have any of the symptoms listed above. Abilify Maintena may infrequently make your blood sugar level rise, which can cause or worsen diabetes. Tell your doctor if you develop symptoms of high blood sugar, such as increased thirst and urination. Seek medical care or call 911 at once if you have the following serious side effects: Serious eye symptoms such as sudden vision loss, blurred vision, tunnel vision, eye pain or swelling, or seeing halos around lights; Serious heart symptoms such as fast, irregular, or pounding heartbeats; fluttering in your chest; shortness of breath; and sudden dizziness, lightheadedness, or passing out; Severe headache, confusion, slurred speech, arm or leg weakness, trouble walking, loss of coordination, feeling unsteady, very stiff muscles, high fever, profuse sweating, or tremors. This document does not contain all possible side effects and others may occur. Check with your physician for additional information about side effects. Dosage for Abilify Maintena Ability Maintena is administered under doctor's supervision via intramuscular injection. The recommended dose is 400 mg given monthly as a single injection. Dosage adjustments are required for missed doses. What Drugs, Substances, or Supplements Interact with Abilify Maintena? Abilify Maintena may react with anticonvulsant medications that contain carbamazepine, antifungal mediations that contain ketoconazole, quinidine, CNS depressants, or high blood pressure medications. Abilify Maintena During Pregnancy and Breastfeeding Abilify Maintena has not been studied in pregnant women. Abilify Maintena is excreted in breast milk. Nursing mothers should consult their doctors before breastfeeding. Additional Information Our Abilify Maintena (aripiprazole) Side Effects Drug Center provides a comprehensive view of available drug information on the potential side effects when taking this medication.",https://www.rxlist.com/abilify-maintena-drug.htm
Abilify MyCite (Aripiprazole Tablets with Sensor),aripiprazole tablets with sensor,"Antipsychotics, Second Generation, Antimanic Agents",The recommended dose of Abilify MyCite depends on the condition being treated and ranges from 5 to 15 mg/day.,"Abilify MyCite (aripiprazole tablets with sensor) a drug-device combination product comprised of aripiprazole tablets embedded with an Ingestible Event Marker (IEM) sensor intended to track drug ingestion, is indicated for the treatment of adults with schizophrenia; treatment of bipolar I disorder: acute treatment of adults with manic and mixed episodes as monotherapy and as adjunct to lithium or valproate and maintenance treatment of adults as monotherapy and as adjunct to lithium or valproate; and as adjunctive treatment of adults with major depressive disorder (MDD).","Abilify MyCite may cause serious side effects including: hives, difficulty breathing, swelling of your face, lips, tongue, or throat, fainting, mental or mood changes, anxiety, depression, thoughts of self-harm, trouble swallowing, restlessness (especially in the legs), shaking, muscle spasm, mask-like expression of the face, seizures, trouble controlling certain urges (gambling, sex, eating, or shopping), interrupted breathing during sleep, increased thirst or urination, uncontrolled movements (especially of the face, mouth, tongue, arms, or legs), fever, muscle stiffness, pain, tenderness, or weakness, severe tiredness, severe confusion, sweating, fast or irregular heartbeat, dark urine, change in the amount of urine, swollen lymph nodes, rash, itching, and severe dizziness Get medical help right away, if you have any of the symptoms listed above. Common side effects of Abilify MyCite include: restlessness, sedation, tremors, extrapyramidal disorder (muscle spasms, slowness of movement, and irregular/jerky movements), insomnia, constipation, fatigue, and blurred vision. Seek medical care or call 911 at once if you have the following serious side effects:",https://www.rxlist.com/abilify-mycite-drug.htm
Abiraterone Acetate Tablets (Zytiga),abiraterone acetate tablets,"Antineoplastics, Antiandrogen, Antiandrogens",Zytiga is prescribed in 250 mg dosage tablets. It is important that Zytiga be taken on an empty stomach. No food should be consumed for at least two hours before the dose of Zytiga is taken and for at,"Zytiga (abiraterone acetate) is is an inhibitor of CYP17 (17a-hydroxylase/C17,20-lyase) given in combination with prednisone and indicated for the treatment of patients with metastatic castration-resistant prostate cancer.",Common side effects of Zytiga include: joint swelling or pain diarrhea cough sweating hot flashes weakness swelling in your legs or feet vomiting high blood pressure shortness of breath urinary tract infection bruising anemia low blood potassium high blood sugar levels high blood cholesterol and triglycerides,https://www.rxlist.com/zytiga-drug.htm
Abiraterone Acetate Tablets (Yonsa),abiraterone acetate tablets,"Antineoplastics, Antiandrogen, Antiandrogens",The recommended dose of Yonsa is 500 mg (four 125 mg tablets) administered orally once daily in combination with methylprednisolone 4 mg administered orally twice daily.,Yonsa (abiraterone acetate) is a CYP17 inhibitor indicated in combination with methylprednisolone for the treatment of patients with metastatic castration-resistant prostate cancer (CRPC).,"Common side effects of Yonsa include: fatigue, joint swelling or discomfort, edema, hot flush, diarrhea, vomiting, cough, high blood pressure (hypertension), shortness of breath, urinary tract infection (UTI), and bruising",https://www.rxlist.com/yonsa-drug.htm
Ablavar (Gadofosveset Trisodium Injection),gadofosveset trisodium injection,Gadolinium-Containing Contrast Agents,"Ablavar is given as an intravenous bolus injection, manually or by power injection, at a dose of 0.12 mL/kg body weight (0.03 mmol/kg) over a period of time up to 30 seconds followed by a 25-30 mL nor","Ablavar (gadofosveset trisodium) Injection is a contrast agent used in combination with magnetic resonance angiography (MRA) to allow blood vessels, organs, and other non-bony tissues to be seen more clearly on the MRA. Ablavar is used to help diagnose certain disorders of the heart and blood vessels.","Ablavar may cause serious side effects including: hives, difficulty breathing, swelling of your face, lips, tongue, or throat, urinating less than usual or not at all, drowsiness, confusion, mood changes, increased thirst, loss of appetite, swelling, weight gain, shortness or breath, and fast or uneven heart rate Get medical help right away, if you have any of the symptoms listed above. Common side effects of Ablavar include: itching headache dizziness nausea unusual or unpleasant taste in your mouth flushing (warmth, redness, burning, or tingly feeling under your skin) injection site reactions (cold feeling, warmth, pain, bruising, redness, or burning) numbness or tingling in your hands or feet Tell your doctor if you have serious side effects of Ablavar including:",https://www.rxlist.com/ablavar-drug.htm
Ablysinol (Dehydrated Alcohol),dehydrated alcohol,,"In most situations, a dose of 1 mL to 2 mL Ablysinol is sufficient. The maximum dose of Ablysinol that should be used in a single procedure is 5 mL.",Ablysinol (dehydrated alcohol) is an ablative agent used to induce controlled cardiac septal infarction to improve exercise capacity in adults with symptomatic hypertrophic obstructive cardiomyopathy who are not candidates for surgical myectomy.,"Common side effects of Ablysinol include: arrhythmias, including ventricular tachycardia and/or ventricular fibrillation",https://www.rxlist.com/ablysinol-drug.htm
Abobotulinumtoxin A Injection (Dysport),abobotulinumtoxin a injection,"Neuromuscular Blockers, Depolarizing, Botulinum Toxins",The recommended initial dose of Dysport for the treatment of cervical dystonia is 500 Units given intramuscularly as a divided dose among affected muscles. The dose of Dysport for the treatment of gla,"Dysport for Injection (abobotulinumtoxinA), also called botulinum toxin type A, is made from the bacteria that causes botulism and is used to treat cervical dystonia (severe spasms in the neck muscles). Dysport is also used to temporarily lessen the appearance of facial wrinkles.","Dysport may cause serious side effects including: hives, difficulty breathing, swelling of your face, lips, tongue, or throat, trouble breathing, talking or swallowing, hoarse voice, drooping eyelids, problems with vision, unusual or severe muscle weakness, loss of bladder control, pain or burning when you urinate, red or pink urine, crusting or drainage from your eyes, severe skin rash, itching, fast, slow, or uneven heartbeats, chest pain or heavy feeling, pain spreading to the arm or shoulder, and general ill feeling Get medical help right away, if you have any of the symptoms listed above. Common side effects of Dysport include: muscle weakness near where the medicine was injected injection site reactions (bruising, bleeding, pain, redness, or swelling) headache muscle pain or stiffness neck or back pain fever cough sore throat runny nose flu symptoms dizziness drowsiness tired feeling nausea diarrhea stomach pain loss of appetite dry mouth dry eyes ringing in your ears increased sweating in areas other than the underarms itchy or watery eyes increased sensitivity to light eyelid swelling or bruising The botulinum toxin contained in Dysport can spread to other body areas beyond where it was injected which can cause serious and life-threatening side effects in some people, some of which can occur up to several weeks after an injection, including:",https://www.rxlist.com/dysport-drug.htm
Abraxane (Albumin-bound Paclitaxel for Injectable Suspension),albumin-bound paclitaxel for injectable suspension,"Antineoplastics, Antimicrotubular","The recommended dose and regimen for Abraxane is 260 mg/m2 administered intravenously over 30 minutes every 3 weeks. Do not receive ""live"" vaccines during treatment with Abraxane.",Abraxane (paclitaxel protein-bound particles for Injectable suspension) is a cancer (antineoplastic) medication used in the treatment of breast cancer.,"Common side effects of Abraxane include: nausea, vomiting, indigestion, diarrhea, mouth sores, headache, muscle or joint pain, numbness/tingling/burning of the hands or feet, weakness, dizziness, infections, anemia, or temporary hair loss. Tell your doctor if you have serious side effects of Abraxane including: signs of anemia (e.g., unusual tiredness, pale skin), easy bruising or bleeding, fast/slow/irregular heartbeat, pain/redness/swelling/weakness of the arms or legs, calf pain or swelling that is warm to the touch, or vision changes.",https://www.rxlist.com/abraxane-drug.htm
Abreva (Docosanol Cream),docosanol cream,"Antivirals, Topical",Product: 50090-3476 NDC: 50090-3476-0 2 g in a TUBE,"Abreva (docosanol cream) is a cold sore/fever blister treatment used to treat cold sores/fever blisters on the face or lips. It shortens healing time and duration of symptoms such as tingling, pain, burning, and/or itching. Abreva is available as a generic and over-the-counter (OTC). Side effects of Abreva are uncommon and may include:",,https://www.rxlist.com/abreva-drug.htm
"Abrilada (Adalimumab-afzb Injection, for Subcutaneous Use)","adalimumab-afzb injection, for subcutaneous use","DMARDs, TNF Inhibitors, Monoclonal Antibodies, Antipsoriatics, Systemic, Inflammatory Bowel Disease Agents","The dose of Abrilada to treat rheumatoid arthritis, psoriatic arthritis, ankylosing spondylitis is 40 mg every other week. The dose of Abrilada to treat juvenile idiopathic arthritis in children is ba","Abrilada (adalimumab-afzb) is a tumor necrosis factor (TNF) blocker used to treat rheumatoid arthritis, juvenile idiopathic arthritis, psoriatic arthritis, ankylosing spondylitis, adult Crohn's disease, ulcerative colitis and plaque psoriasis. Abrilada is biosimilar to Humira (adalimumab).","Abrilada may cause serious side effects including: hives, difficulty breathing, swelling of your face, lips, tongue, or throat, fever, swollen glands, night sweats, general feeling of illness, joint and muscle pain, skin rash, easy bruising, unusual bleeding, pale skin, lightheadedness, shortness of breath, cold hands and feet, pain in your upper stomach that may spread to your shoulder, loss of appetite, feeling full after eating only a small amount, weight loss, new or worsening psoriasis (raised, silvery flaking of the skin), sore or bump on your skin that does not heal, confusion, chills, severe drowsiness, fast heartbeats, rapid breathing, body aches, tiredness, stomach pain, right sided upper stomach pain, vomiting, loss of appetite, dark urine, clay-colored stools, yellowing of the skin or eyes (jaundice), joint pain or swelling, chest pain, patchy skin color that worsens in sunlight, numbness, tingling, dizziness, vision problems, weakness in your arms or legs, and fever with ongoing cough Get medical help right away, if you have any of the symptoms listed above. Common side effects of Abrilada include: nfections (e.g. upper respiratory, sinusitis), injection site reactions, headache, and rash Abrilada may cause serious side effects including:",https://www.rxlist.com/abrilada-drug.htm
Abrocitinib Tablets (Cibinqo),abrocitinib tablets,"Dermatologics, Other, DMARDs, JAK Inhibitors",The recommended dosage of Cibinqo is 100 mg orally once daily.,"Cibinqo (abrocitinib) is a Janus kinase (JAK) inhibitor used to treat adults with refractory, moderate-to-severe atopic dermatitis whose disease is not adequately controlled with other systemic drug products, including biologics, or when use of those therapies is inadvisable.","Cibinqo may cause serious side effects including: hives, difficulty breathing, swelling of your face, lips, tongue, or throat, fever, sweating, chills, muscle aches, cough, shortness of breath, blood in your phlegm, weight loss, diarrhea, abdominal pain, increased urination, pain or discomfort when urinating, tiredness, red, irritated, or painful skin or sores, chest pain or pressure, pain spreading from your jaw to your arm, weakness (especially in one side of your body), slurred speech, nausea, vomiting, lightheadedness, and swelling, pain or tenderness in one or both legs Get medical help right away, if you have any of the symptoms listed above. Side effects of Cibinqo include: runny or stuffy nose, nausea, headache, herpes infections, increased blood creatinine phosphokinase, dizziness, urinary tract infection (UTI), fatigue, acne, vomiting, mouth and throat pain, influenza, gastroenteritis, high blood pressure (hypertension), contact dermatitis, upper abdominal pain, abdominal discomfort, and low platelet count (thrombocytopenia) Seek medical care or call 911 at once if you have the following serious side effects:",https://www.rxlist.com/cibinqo-drug.htm
Abrysvo (Respiratory Syncytial Virus Vaccine for Injection),respiratory syncytial virus vaccine for injection,"Vaccines, Inactivated, Viral",Abrysvo is administered as a single approximately 0.5 mL dose.,Abrysvo (respiratory syncytial virus vaccine) is a vaccine indicated for active immunization for the prevention of lower respiratory tract disease (LRTD) caused by respiratory syncytial virus (RSV) in individuals 60 years of age and older.,"Side effects of Abrysvo include: fatigue, headache, pain at the injection site, and muscle pain. Seek medical care or call 911 at once if you have the following serious side effects: Serious eye symptoms such as sudden vision loss, blurred vision, tunnel vision, eye pain or swelling, or seeing halos around lights; Serious heart symptoms such as fast, irregular, or pounding heartbeats; fluttering in your chest; shortness of breath; and sudden dizziness, lightheadedness, or passing out; Severe headache, confusion, slurred speech, arm or leg weakness, trouble walking, loss of coordination, feeling unsteady, very stiff muscles, high fever, profuse sweating, or tremors. This document does not contain all possible side effects and others may occur. Check with your physician for additional information about side effects.",https://www.rxlist.com/abrysvo-drug.htm
"Absorbable Gelatin Compressed Sponge, USP (Gelfoam Compressed Sponge)","absorbable gelatin compressed sponge, usp",Hemostatics,The minimum amount of Gelfoam Compressed Sponge of appropriate size and shape should be applied dry or wet to the bleeding site and held firmly in place until hemostasis is observed.,"Gelfoam Compressed Sponge (absorbable gelatin compressed sponge) is a medical device intended for application to bleeding surfaces is indicated in surgical procedures as a hemostatic device, when control of capillary, venous, and arteriolar bleeding by pressure, ligature, and other conventional procedures is either ineffective or impractical. Although not necessary, Gelfoam Compressed Sponge can be used either with or without thrombin to obtain hemostasis.","Common side effects of Gelfoam Compressed Sponge include: fever infection abscess formation foreign body reactions “encapsulation” of fluid blood clots Seek medical care or call 911 at once if you have the following serious side effects: Serious eye symptoms such as sudden vision loss, blurred vision, tunnel vision, eye pain or swelling, or seeing halos around lights; Serious heart symptoms such as fast, irregular, or pounding heartbeats; fluttering in your chest; shortness of breath; and sudden dizziness, lightheartedness, or passing out; Severe headache, confusion, slurred speech, arm or leg weakness, trouble walking, loss of coordination, feeling unsteady, very stiff muscles, high fever, profuse sweating, or tremors. This document does not contain all possible side effects and others may occur. Check with your physician for additional information about side effects.",https://www.rxlist.com/gelfoam-compressed-sponge-drug.htm
Absorbable Gelatin Dental Sponge (Gelfoam Dental Sponge),absorbable gelatin dental sponge,,,Gelfoam Dental Sponge (absorbable gelatin dental sponge) is a medical device indicated in oral and dental surgery as an aid in providing hemostasis. Common side effects of Gelfoam Dental Sponge include:,,https://www.rxlist.com/gelfoam-dental-sponge-drug.htm
Absorbable Gelatin Powder (Gelfoam),absorbable gelatin powder,,"The minimum amount of Gelfoam should be applied to the bleeding site with pressure until hemostasis is observed. The Gelfoam may be left in place at the bleeding site, when necessary.","Gelfoam (absorbable gelatin powder from absorbable gelatin sponge) is a medical device indicated in surgical procedures, including those involving cancellous bone bleeding, as a hemostatic device, when control of capillary, venous, and arteriolar bleeding by pressure, ligature, and other conventional procedures is either ineffective or impractical.","Common side effects of Gelfoam include fever, infection, abscess formation, foreign body reactions, “encapsulation” of fluid, and blood clots.",https://www.rxlist.com/gelfoam-drug.htm
"Absorbable Gelatin Sponge, USP (Gelfoam Sponge)","absorbable gelatin sponge, usp",,,"Gelfoam Sponge (absorbable gelatin sponge) is a medical device intended for application to bleeding surfaces is indicated in surgical procedures as a hemostatic device, when control of capillary, venous, and arteriolar bleeding by pressure, ligature, and other conventional procedures is either ineffective or impractical. Although not necessary, Gelfoam Sponge can be used either with or without thrombin to obtain hemostasis. Common side effects of Gelfoam Sponge include:",,https://www.rxlist.com/gelfoam-sponge-drug.htm
Absorbable Gelatin Sterile Ophthalmic Film (Gelfilm ),absorbable gelatin sterile ophthalmic film,,"To prepare for use, Gelfilm is immersed in sterile saline solution and allowed to soak until it becomes quite pliable; it may then be cut to desired size and shape without difficulty and applied.","Gelfilm (absorbable gelatin film) and Gelfilm Sterile Ophthalmic Film are absorbable gelatin film approximately 0.075 mm in thickness, designed for use as an absorbable gelatin implant in neurosurgery and thoracic and ocular surgery.",Tell your doctor if you experience any side effects of Gelfilm.,https://www.rxlist.com/gelfilm-drug.htm
Absorica (Isotretinoin),isotretinoin,"Acne Agents, Systemic, Retinoid-like Agents, Topical",Absorica is taken orally. The recommended dosage of 0.5 to 1 mg/kg/day is given in two divided doses for 15 to 20 weeks. Absorica is not substitutable with other forms of isotretinoin.,"Absorica (isotretinoin) is a retinoid, a form of vitamin A, used to treat a severe form of acne called nodular acne in patients 12 years of age and older who have not been helped by other acne treatments, including antibiotics.","Side effects of Absorica include: mental health problems (such as depression, psychosis, or thoughts of suicide), fatigue, skin reactions such as infections or rash, dry skin, bone or joint pain, eye inflammation (dry eyes, burning, redness, itching), difficulty moving, dry nose that can lead to nosebleeds, inflammation of the lips (including chapping, scaling, redness, pain, burning), and abdominal pain Contact your doctor immediately if you experience depression, thoughts of suicide, or psychosis while taking Absorica. Seek medical care or call 911 at once if you have the following serious side effects: Serious eye symptoms such as sudden vision loss, blurred vision, tunnel vision, eye pain or swelling, or seeing halos around lights; Serious heart symptoms such as fast, irregular, or pounding heartbeats; fluttering in your chest; shortness of breath; and sudden dizziness, lightheadedness, or passing out; Severe headache, confusion, slurred speech, arm or leg weakness, trouble walking, loss of coordination, feeling unsteady, very stiff muscles, high fever, profuse sweating, or tremors. This document does not contain all possible side effects and others may occur. Check with your physician for additional information about side effects.",https://www.rxlist.com/absorica-drug.htm
Absorica LD (Isotretinoin Capsules),isotretinoin capsules,"Retinoid-like Agents, Topical, Acne Agents, Topical, Acne Agents, Systemic",The dose of Absorica LD is 0.4 to 0.8 mg/kg/day given in two divided doses with or without meals for 15 to 20 weeks.,"Absorica LD (isotretinoin capsule) is indicated for the treatment of severe recalcitrant nodular acne in non-pregnant patients 12 years of age and older with multiple inflammatory nodules with a diameter of 5 mm or greater. Because of significant adverse reactions associated with its use, Absorica LD is reserved for patients with severe nodular acne who are unresponsive to conventional therapy, including systemic antibiotics.","Side effects of Absorica LD include: fatigue, irritability, pain, allergic reactions, systemic hypersensitivity, fluid retention, swollen lymph nodes, weight changes, palpitations, fast heart rate, decreased appetite, changes in blood sugar. dry or chapped lips, lip inflammation, nausea, constipation, diarrhea, abdominal pain, vomiting, inflammatory bowel disease, hepatitis, pancreatitis, bleeding and inflammation of the gums, anemia, runny or stuffy nose, and infections (including disseminated herpes simplex and upper respiratory tract infection). Seek medical care or call 911 at once if you have the following serious side effects: Serious eye symptoms such as sudden vision loss, blurred vision, tunnel vision, eye pain or swelling, or seeing halos around lights; Serious heart symptoms such as fast, irregular, or pounding heartbeats; fluttering in your chest; shortness of breath; and sudden dizziness, lightheadedness, or passing out; Severe headache, confusion, slurred speech, arm or leg weakness, trouble walking, loss of coordination, feeling unsteady, very stiff muscles, high fever, profuse sweating, or tremors. This document does not contain all possible side effects and others may occur. Check with your physician for additional information about side effects.",https://www.rxlist.com/absorica-ld-drug.htm
Abstral (Fentanyl Sublingual Tablets),fentanyl sublingual tablets,"Opioid Analgesics, Opioids, Anilidopiperidine",The recommended dosage of Abstral tablets for adults is 1 tablet (100 mcg) sublingually (placed under the tongue) for each pain episode. Your doctor may adjust your dose as needed. Abstral adds to the,Abstral (fentanyl) sublingual is a narcotic analgesic (pain reliever) used to treat severe pain in cancer patients who are already receiving and who are tolerant to opioid therapy for their underlying persistent cancer pain.,"hives, difficulty breathing, swelling of your face, lips, tongue, or throat, slow breathing with long pauses, blue colored lips, slow heart rate, sighing, shallowing breathing, breathing that stops during sleep, severe drowsiness, lightheadedness, confusion, extreme fear, unusual thoughts or behavior, nausea, vomiting, loss of appetite, dizziness, worsening tiredness, weakness, agitation, hallucinations, fever, sweating, shivering, fast heart rate, muscle stiffness, twitching, loss of coordination, and diarrhea Get medical help right away, if you have any of the symptoms listed above. Common side effects of Abstral include: nausea, vomiting, drowsiness, dizziness, confusion, constipation, dry mouth, headache, tired feeling, or white patches or sores inside your mouth or on your lips Seek medical care or call 911 at once if you have the following serious side effects:",https://www.rxlist.com/abstral-drug.htm
Acalabrutinib Capsules (Calquence),acalabrutinib capsules,"Antineoplastic Tyrosine Kinase Inhibitors, BRUTON TYROSINE KINASE INHIBITORS",The recommended dose of Calquence is 100 mg orally approximately every 12 hours swallowed whole with water and with or without food.,"Calquence (acalabrutinib) is a kinase inhibitor indicated for use in combination with bendamustine and rituximab for the treatment of adult patients with previously untreated mantle cell lymphoma (MCL) who are ineligible for autologous hematopoietic stem cell transplantation (HSCT), for the treatment of adult patients with MCL who have received at least one prior therapy, and for the treatment of adult patients with chronic lymphocytic leukemia (CLL) or small lymphocytic lymphoma (SLL).","Side effects of Calquence include: upper respiratory tract infection, diarrhea, headache, musculoskeletal pain, decreased neutrophils, increased uric acid, decreased lymphocytes, and decreased platelets. Seek medical care or call 911 at once if you have the following serious side effects: Serious eye symptoms such as sudden vision loss, blurred vision, tunnel vision, eye pain or swelling, or seeing halos around lights; Serious heart symptoms such as fast, irregular, or pounding heartbeats; fluttering in your chest; shortness of breath; and sudden dizziness, lightheadedness, or passing out; Severe headache, confusion, slurred speech, arm or leg weakness, trouble walking, loss of coordination, feeling unsteady, very stiff muscles, high fever, profuse sweating, or tremors. This document does not contain all possible side effects and others may occur. Check with your physician for additional information about side effects.",https://www.rxlist.com/calquence-drug.htm
"ACAM2000 (Smallpox (Vaccinia) Vaccine, Live)","smallpox (vaccinia) vaccine, live","Vaccines, Live, Viral",ACAM2000 must be administered only by vaccine providers with training to safely and effectively administer the vaccine.,"ACAM2000 (smallpox vaccine, live) is an immunization used against smallpox disease for persons determined to be at high risk for smallpox infection.","Common side effects of ACAM2000 include: injection site reactions (itching, redness, pain, swelling) enlarged lymph nodes feeling of being unwell (malaise) fatigue fever muscle pain headache arm soreness body aches rash nausea vomiting diarrhea constipation feeling hot, and shortness of breath ACAM2000 may cause serious side effects including: hives, difficulty breathing, swelling of your face, lips, tongue, or throat, and dizziness Get medical help right away, if you have any of the symptoms listed above. Seek medical care or call 911 at once if you have the following serious side effects:",https://www.rxlist.com/acam2000-drug.htm
Acamprosate Calcium (Campral),acamprosate calcium,"Psychiatry Agents Other, GABA Analogs",The recommended dose of Campral is two 333 mg tablets (each dose should total 666 mg) taken three times daily.,Campral (acamprosate calcium) works by restoring the natural balance of chemicals in the brain (neurotransmitters) and is used to help alcohol-dependent patients keep from drinking alcohol. Campral should be used as part of a complete treatment program that includes both counseling and psychological support. Campral is unlikely to be helpful to a person who has not already quit drinking or undergone detoxification. Campral may not be helpful to a person who is also addicted to other substances besides alcohol.,"Common side effects of Campral include: diarrhea, nausea, vomiting, gas, stomach pain, loss of appetite, headache, drowsiness, dizziness, vision problems, problems with memory or thinking, constipation, fatigue, weight gain/loss, back pain, muscle or joint pain, weakness, cold or flu-like symptoms, dry mouth, decreased or distorted sense of taste, sleep problems (insomnia), sweating, skin rash, numbness or tingly feeling, impotence, change in or loss of sexual desire, or decreased sexual ability. Suicidal thoughts may occur during treatment with Campral. Tell your doctor if you feel depressed or have any suicidal thoughts or actions while using Campral. Tell your doctor if you have unlikely but serious side effects of Campral including: mental/mood changes (including severe depression, thoughts of suicide), fainting, fast or pounding heartbeat, vision or hearing changes, or increased thirst. Seek medical care or call 911 at once if you have the following serious side effects: Serious eye symptoms such as sudden vision loss, blurred vision, tunnel vision, eye pain or swelling, or seeing halos around lights; Serious heart symptoms such as fast, irregular, or pounding heartbeats; fluttering in your chest; shortness of breath; and sudden dizziness, lightheartedness, or passing out; Severe headache, confusion, slurred speech, arm or leg weakness, trouble walking, loss of coordination, feeling unsteady, very stiff muscles, high fever, profuse sweating, or tremors.",https://www.rxlist.com/campral-drug.htm
Acanya Gel (Clindamycin Phosphate 1.2% and Benzoyl Peroxide 2.5%),clindamycin phosphate 1.2% and benzoyl peroxide 2.5%,"Acne Agents, Topical Combos",The recommended dosage of Acanya is a pea sized amount applied to your face once a day.,Acanya (clindamycin phosphate 1.2% and benzoyl peroxide 2.5%) for topical use is a combination of an antibiotic and an antibacterial and keratolytic agent used to treat acne.,"Common side effects of Acanya include: skin irritation such as burning or stinging, itching or tingly feeling, dryness or peeling of treated skin, or redness or other irritation. Tell your doctor if you have serious side effects of Acanya including: severe redness, burning, stinging, or peeling of treated skin areas; or diarrhea that is watery or bloody.",https://www.rxlist.com/acanya-drug.htm
Acarbose (Precose),acarbose,"Antidiabetics, Alpha-Glucosidase Inhibitors",There is no fixed dosage regimen for the management of diabetes mellitus with Precose. Dosage is individualized on the basis of effectiveness and tolerance. The maximum dose should not exceed 100 mg t,Precose (acarbose tablets) is an oral alpha-glucosidase inhibitor used to treat type 2 diabetes. Precose is sometimes used in combination with insulin or other diabetes medications you take by mouth. Precose is available in generic form.,"Common side effects of Precose include: diarrhea, gas, bloating, upset stomach, or stomach pain in the first few weeks of treatment as your body adjusts to this medication but usually improve with time. Other side effects of Precose include skin rash or itching. Tell your doctor if you have rare but very serious side effects of Precose including: unusual tiredness, persistent nausea or vomiting, severe stomach or abdominal pain, rectal bleeding, yellowing eyes or skin, or dark urine.",https://www.rxlist.com/precose-drug.htm
Accolate (Zafirlukast),zafirlukast,Leukotriene Receptor Antagonists,The recommended dose of Accolate in adults and children 12 years and older is 20 mg twice daily. The recommended dose in children 5 through 11 years of age is 10 mg twice daily.,Accolate (zafirlukast) is a leukotriene inhibitor used to treat and prevent asthma attacks in adults and children as young as 5 years old. Do not give Accolate to a child without a doctor's advice. Accolate is available in generic form.,"Accolate may cause serious side effects including: hives, blisters, severe itching, difficulty breathing, swelling of your face, lips, tongue, or throat, depressed mood, unusual thoughts or behavior, severe sinus pain, sinus congestion, numbness or tingly feeling in your arms or legs, worsening or no improvement in your asthma, nausea, upper stomach pain, tired feeling, loss of appetite, dark urine, clay-colored stools, yellowing of the skin or eyes (jaundice), skin rash, bruising, severe tingling, pain, muscle weakness, new or worsening cough, fever, and trouble breathing Get medical help right away, if you have any of the symptoms listed above. Common side effects of Accolate include: headache, sore throat, cold symptoms, trouble sleeping, malaise, nausea, stomach pain, diarrhea, weakness, dizziness, and muscle pain. Tell your doctor if you have rare but very serious side effects of Accolate including:",https://www.rxlist.com/accolate-drug.htm
Accretropin (Somatropin Injection),somatropin injection,Growth Hormone Analogs,The dose regimen for Accretropin is individualized for each patient and depends on the condition being treated.,"Accretropin (recombinant human growth hormone (r-hGH); somatropin) is a protein used to treat pediatric patients who have growth failure due to an inadequate secretion of normal endogenous growth hormone, and to treat short stature associated with Turner Syndrome in pediatric patients whose epiphyses are not closed. The brand name Accretropin is discontinued, but generic versions may be available.","Accretropin may cause serious side effects including: hives, difficulty breathing, swelling of your face, lips, tongue, or throat, sudden and severe pain or tenderness in your upper stomach, nausea, vomiting, sweating, fever, fast heartbeat, yellowing of the skin or eyes (jaundice), increased thirst, increased urination, sudden and severe pain behind your eyes, vision changes, swelling in your head, face, hands, or feet, and numbness or tingling in your wrist, hand, or fingers Get medical help right away, if you have any of the symptoms listed above. Common side effects of Accretropin (recombinant human growth hormone (r-hGH); somatropin) include: injection site reactions (such as bruising, redness, swelling, itching, rash, pain) nausea headache fatigue, and scoliosis Seek medical care or call 911 at once if you have the following serious side effects:",https://www.rxlist.com/accretropin-drug.htm
Accrufer (Ferric Maltol Capsules),ferric maltol capsules,Iron Products,The dose of Accrufer is 30 mg twice daily on an empty stomach.,Accrufer (ferric maltol) is an iron replacement product indicated for the treatment of iron deficiency in adults.,"Accrufer may cause serious side effects including: hives, difficulty breathing, swelling of your face, lips, tongue, or throat, chronic fatigue, joint pain, abdominal pain, irregular heart rhythm, darkening of the skin, diabetes, persistent diarrhea, abdominal pain, rectal bleeding, bloody stools, weight loss, and fatigue Get medical help right away, if you have any of the symptoms listed above. Common side effects of Accrufer include: gas (flatulence), diarrhea, constipation, discolored feces, abdominal pain, nausea, vomiting, and abdominal discomfort/distension Seek medical care or call 911 at once if you have the following serious side effects:",https://www.rxlist.com/accrufer-drug.htm
AccuNeb (Albuterol Sulfate Inhalation Solution),albuterol sulfate inhalation solution,Beta2 Agonists,,AccuNeb (albuterol sulfate inhalation solution) is a bronchodilator used to treat or prevent bronchospasm in patients 2 to 12 years of age with reversible obstructive airway disease. AccuNeb is also used to prevent exercise-induced bronchospasm. AccuNeb is available in generic form. Common side effects of AccuNeb include:,,https://www.rxlist.com/accuneb-drug.htm
Accupril (Quinapril Hydrochloride),quinapril hydrochloride,ACE Inhibitors,The recommended dose for treating hypertension is 10-80 mg a day as a single dose or in two doses. The dose for heart failure is 20-40 mg a day in two divided doses.,Accupril (quinapril) is an angiotensin converting enzyme (ACE) inhibitor used for treating high blood pressure and heart failure. Generic formulations of Accupril are available.,"Common side effects of Accupril include: cough, dizziness, lightheadedness, tiredness, fatigue, nausea, vomiting, stomach discomfort, diarrhea, headache, muscle pain, back pain, skin itching or rash, and low blood pressure (hypotension).",https://www.rxlist.com/accupril-drug.htm
Accuretic (Quinapril HCl/Hydrochlorothiazide),quinapril hcl/hydrochlorothiazide,"ACEIHCTZ Combos, ACEI/Diuretic Combos",The dose of Accuretic ranges from quinapril doses of 2.5 to 40 mg and hydrochlorothiazide doses of 6.25 to 25 mg.,Accuretic (quinapril HCl/hydrochlorothiazide) is a combination of two drugs used to treat hypertension (high blood pressure). Accuretic is not indicated for the initial treatment of hypertension. Accuretic is available as a generic termed Quinaretic.,"Side effects of Accuretic include: cough, dizziness, headache, tired feeling, muscle or back pain, runny nose, sleep problems (insomnia), diarrhea, constipation, upset stomach, skin rash, increased sweating, a serious allergic reaction (anaphylaxis), angioedema (similar to hives, but deeper in the skin), low blood pressure, and liver failure. Tell your doctor if you have unlikely but serious side effects of Accuretic including: signs of infection (e.g., fever, chills, persistent sore throat), easy bruising or bleeding, symptoms of a high potassium blood level (such as muscle weakness, slow/irregular heartbeat), numbness/tingling/swelling of the hands or feet, muscle or joint aches, decrease in vision, or eye pain. Accuretic may cause serious side effects including: hives, difficulty breathing, swelling of your face, lips, tongue, or throat, severe stomach pain, fever, sore throat, burning in your eyes, skin pain, red or purple skin rash that spreads and causes blistering and peeling, lightheadedness, eye pain, vision problems, swelling, weight gain, shortness of breath, sudden weakness, ill feeling, chills, mouth sores, trouble swallowing, nausea, tingly feeling, chest pain, irregular heartbeats, loss of movement, leg cramps, constipation, fluttering in your chest, increased thirst or urination, numbness or tingling, muscle weakness, headache, confusion, slurred speech, severe weakness, vomiting, loss of coordination, and feeling unsteady",https://www.rxlist.com/accuretic-drug.htm
Accutane (Isotretinoin),isotretinoin,"Acne Agents, Topical",The recommended dose of Accutane is 0.5 to 2 mg per kg of body weight daily.,"Accutane (isotretinoin) is a retinoid used for the treatment and prevention of severe acne. The brand name Accutane is discontinued in the U.S., but generic formulations are available.","The most common side effects of Accutane are: dry skin, itching, rash, dry nose, nosebleeds, cracks in the corners of the mouth, dry mouth, dry lips, cracking or peeling skin, inflammation of the whites of the eyes, dry eyes, joint pain, back pain, dizziness, drowsiness, nervousness, or changes in your fingernails or toenails. Accutane may cause serious side effects including: hives, difficulty breathing, swelling of your face, lips, tongue, or throat, dizziness, fever, sore throat, burning eyes, skin pain, red or purple skin rash with blistering and peeling, problems with your vision or hearing, muscle or joint pain, bone pain, back pain, increased thirst, increased urination, hallucinations, unusual mood changes, crying spells, feelings of low self-worth, loss of interest in things you once enjoyed, new sleep problems, thoughts of self-harm, loss of appetite, upper stomach pain (that may spread to your back), nausea, vomiting, fast heart rate, dark urine, yellowing of the skin or eyes (jaundice), severe stomach or chest pain, pain when swallowing, heartburn, diarrhea, rectal bleeding, bloody or tarry stools, severe headaches, ringing in your ears, vision problems, and pain behind your eyes Get medical help right away, if you have any of the symptoms listed above. Seek medical care or call 911 at once if you have the following serious side effects:",https://www.rxlist.com/accutane-drug.htm
Accuzyme (Papain and Urea),papain and urea,Wound Care,"Apply a dose of Accuzyme directly to the wound, cover with appropriate dressing, secure into place. Daily or twice daily applications are preferred.","Accuzyme (papain and urea) enzymatic debriding ointment is used to break down dead skin or tissues in wounds such as bed sores, ulcers, burns, surgical wounds, cysts, and carbuncles. Accuzyme may be available in generic form.","Common side effects of Accuzyme include mild stinging or burning of the skin or skin irritation where the medicine is applied. Tell your doctor if you experience side effects of a severe allergic reaction to Accuzyme including rash, hives, itching, difficulty breathing, or swelling. Dosage for Accuzyme Apply a dose of Accuzyme directly to the wound, cover with appropriate dressing, secure into place. Daily or twice daily applications are preferred. What Drugs, Substances, or Supplements Interact with Accuzyme? Accuzyme may interact with hydrogen peroxide applied to the wound area. Tell your doctor all medications and supplements you use. Accuzyme During Pregnancy or Breastfeeding It is unknown if Accuzyme will be harmful to a fetus. Tell your doctor if you are pregnant or plan to become pregnant during treatment. It is unknown if this drug passes into breast milk. Consult your doctor before breastfeeding. Additional Information Our Accuzyme (papain and urea) enzymatic debriding ointment Side Effects Drug Center provides a comprehensive view of available drug information on the potential side effects when taking this medication.",https://www.rxlist.com/accuzyme-drug.htm
Acebutolol (Sectral),acebutolol,"Antidysrhythmics, II, Beta-Blockers, Intrinsic Sympathomimetic",The initial dosage of Sectral in uncomplicated mild-to-moderate hypertension is 400 mg. The usual initial dose of Sectral to treat ventricular arrhythmia is 400 mg daily given as 200 mg twice daily.,Sectral (acebutolol hydrochloride) is a beta-blocker used to treat hypertension (high blood pressure) and heart rhythm disorders. Sectral is available in generic form.,"Sectral may cause serious side effects including: hives, difficulty breathing, swelling of your face, lips, tongue, or throat, shortness of breath, rapid weight gain, swelling, new or worsening chest pain, slow heartbeats, lightheadedness, severe headache, blurred vision, pounding in your neck or ears, nosebleeds, anxiety, confusion, severe chest pain, shortness of breath, and irregular heartbeats Get medical help right away, if you have any of the symptoms listed above. Common side effects of Sectral include: dizziness, lightheadedness, drowsiness, tiredness, slow heartbeat, anxiety, nervousness, constipation, diarrhea, stomach upset/gas, nausea, trouble sleeping (insomnia), or unusual dreams your body adjusts to the medication. Other side effects of Sectral include decreased sex drive, impotence, or difficulty having an orgasm. Tell your doctor if you have serious side effects of Sectral including:",https://www.rxlist.com/sectral-drug.htm
Aceclidine Ophthalmic Solution (Vizz),aceclidine ophthalmic solution,"Miotics, Direct-Acting","Contact lenses should be removed prior to the instillation of Vizz, and may be reinserted 10 minutes after instillation. The dose of Vizz is one drop instilled in each eye, then wait 2 minutes and ins",Vizz (aceclidine ophthalmic solution) is a cholinergic agonist indicated for the treatment of age-related farsightedness (presbyopia) in adults.,"Side effects of Vizz include: instillation site irritation, dim vision, headache, ad eye redness. Seek medical care or call 911 at once if you have the following serious side effects: Serious eye symptoms such as sudden vision loss, blurred vision,tunnel vision,eye painor swelling, or seeing halos around lights; Serious heart symptoms such as fast, irregular, or pounding heartbeats; fluttering in your chest; shortness of breath; and sudden dizziness, lightheadedness, or passing out; Severe headache,confusion, slurred speech, arm or leg weakness, trouble walking, loss of coordination, feeling unsteady, very stiff muscles, high fever, profuse sweating, or tremors. This document does not contain all possible side effects and others may occur. Check with your physician for additional information about side effects.",https://www.rxlist.com/vizz-drug.htm
"Aceclofenac Tablet, Film Coated (Clanza CR)","aceclofenac tablet, film coated",NSAIDs,"The recommended adult dose of Clanza CR is 200 mg daily, taken as one dose (every 24 hours).","Clanza CR (aceclofenac tablet, film coated) is a nonsteroidal anti-inflammatory drug (NSAID) indicated for rheumatoid arthritis, ankylosing spondylitis, osteoarthritis and periarthritis of scapulohumerous, lumbago, ischiadynia, and pain caused by nonaticular rheumatism.","Side effects of Clanza CR include: gastrointestinal disorders (indigestion/heartburn, abdominal pain, nausea), rash, redness, hives, symptoms of bedwetting, headache, dizziness, and drowsiness",https://www.rxlist.com/clanza-cr-drug.htm
Acellular Tissue Engineered Vessel-tyod for Surgical Vascular Implantation (Symvess),acellular tissue engineered vessel-tyod for surgical vascular implantation,,Symvess is administered by surgical implantation to replace the injured extremity artery. The anatomical location and length are decided upon at the discretion of the implanting surgeon and based on t,"Symvess (acellular tissue engineered vessel-tyod) is an acellular tissue engineered vessel indicated for use in adults as a vascular conduit for extremity arterial injury when urgent revascularization is needed to avoid imminent limb loss, and autologous vein graft is not feasible.","Side effects of Symvess include: blood clot, fever, pain, anastomotic stenosis, rupture or anastomotic failure, and infection. Seek medical care or call 911 at once if you have the following serious side effects: Serious eye symptoms such as sudden vision loss, blurred vision,tunnel vision,eye painor swelling, or seeing halos around lights; Serious heart symptoms such as fast, irregular, or pounding heartbeats; fluttering in your chest; shortness of breath; and sudden dizziness, lightheadedness, or passing out; Severe headache,confusion, slurred speech, arm or leg weakness, trouble walking, loss of coordination, feeling unsteady, very stiff muscles, high fever, profuse sweating, or tremors. This document does not contain all possible side effects and others may occur. Check with your physician for additional information about side effects.",https://www.rxlist.com/symvess-drug.htm
Aceon (Perindopril Erbumine),perindopril erbumine,ACE Inhibitors,Aceon is taken orally in tablet form. The usual recommended initial daily dosage of Aceon is 4 mg daily.,"Aceon (perindopril erbumine) is an angiotensin converting enzyme (ACE) inhibitor indicated for the treatment of patients with stable coronary artery disease to reduce the risk of cardiovascular mortality or heart attack (myocardial infarction). Aceon may be used alone or given with other classes of antihypertensives, especially thiazide diuretics. Aceon is available in generic form.","Aceon may cause serious side effects including: hives, difficulty breathing, swelling of your face, lips, tongue, or throat, weakness, slow or irregular heartbeat, fainting, nausea, vomiting, loss of appetite, abdominal pain, yellowing of eyes or skin (jaundice), dark urine, and severe dizziness Get medical help right away, if you have any of the symptoms listed above. Common side effects of Aceon include: lightheadedness, fainting, dizziness, back pain, cough, headache, tiredness, decreased sexual ability, or urinating more or less than usual, or not at all. Tell your doctor if you have unlikely but serious side effects of Aceon including:",https://www.rxlist.com/aceon-drug.htm
Acephen (Acetaminophen Suppositories),acephen,"Analgesics, Other, Other analgesics, acetaminophen",The dose of Acephen in adults and children 12 years and older is 1 suppository every 4 to 6 hours while symptoms persist. Do not exceed 6 doses of Acephen in any 24-hour period.,"Acephen (acetaminophen suppository) is a pain reliever/fever reducer used to temporarily reduce fever and to relieve minor aches, pains, and headache.","Acephen may cause serious side effects including: hives, difficulty breathing, swelling of your face, lips, tongue, or throat, skin redness, rash that spreads and causes blistering and peeling, nausea, upper stomach pain, loss of appetite, itching, dark urine, clay-colored stools, and yellowing of the skin or eyes (jaundice) Get medical help right away, if you have any of the symptoms listed above. Side effects of Acephen are uncommon and may include: allergic skin reactions (redness, blisters, rash) Seek medical care or call 911 at once if you have the following serious side effects:",https://www.rxlist.com/acephen-drug.htm
Acetadote (Acetylcysteine Injection),acetylcysteine injection,"Antidotes, Other",The recommended dose of Acetadote is 300 mg/kg administered over 21 hours.,Acetadote (acetylcysteine) Injection is an amino acid used to prevent or lessen hepatic injury due to acetaminophen overdose. Acetadote is available in generic form.,"Common side effects of Acetadote include: rash, hives, facial flushing (warmth, redness, or tingly feeling), itching, respiratory symptoms (cough, wheezing, noisy breathing, shortness of breath, chest tightness, or bronchospasm), swelling, or low blood pressure (hypotension) Seek medical care or call 911 at once if you have the following serious side effects: Serious eye symptoms such as sudden vision loss, blurred vision, tunnel vision, eye pain or swelling, or seeing halos around lights; Serious heart symptoms such as fast, irregular, or pounding heartbeats; fluttering in your chest; shortness of breath; and sudden dizziness, lightheadedness, or passing out; Severe headache, confusion, slurred speech, arm or leg weakness, trouble walking, loss of coordination, feeling unsteady, very stiff muscles, high fever, profuse sweating, or tremors. This document does not contain all possible side effects and others may occur. Check with your physician for additional information about side effects.",https://www.rxlist.com/acetadote-drug.htm
Acetaminophen (Tylenol),acetaminophen,"Other analgesics, acetaminophen, Analgesics, Opioid Combos, Analgesics, Other, Analgesics, Topical",The oral dose of Tylenol for adults is 325 to 650 mg every 4 to 6 hours. The maximum daily dose is 4 grams.,Tylenol (acetaminophen) is an analgesic (pain reliever) and antipyretic (fever reducer) used for treating pain and fever associated with many conditions. Tylenol is available in generic form and over-the-counter (OTC).,"Side effects of Tylenol include: nausea, stomach pain, loss of appetite, itching, rash, headache, dark urine, clay-colored stools, or jaundice (yellowing of skin or eyes). Get medical help right away if you notice symptoms of a rare serious allergic reaction to Tylenol, including: rash, itching/swelling (especially of the face/tongue/throat), severe dizziness, or trouble breathing.",https://www.rxlist.com/tylenol-drug.htm
Acetaminophen and Codeine (Tylenol-Codeine),acetaminophen and codeine,"Analgesics, Opioid Combos","The usual adult dosage of Tylenol with Codeine is 15 mg to 60 mg codeine, and 300 mg to 1000 mg acetaminophen. Doses may be repeated up to every 4 hours.",Tylenol with Codeine (acetaminophen and codeine phosphate) is a combination of a narcotic pain reliever and a non-salicylate analgesic (pain reliever) and antipyretic (fever reducer) used to relieve moderate to severe pain. Tylenol with Codeine is available in generic form.,"Tylenol-Codeine may cause serious side effects including: noisy breathing sighing shallow breathing feeling lightheaded confusion serious drowsiness nausea upper stomach pain itching loss of appetite dark urine clay-colored stools yellowing of the skin or eyes (jaundice) Get medical help right away, if you have any of the symptoms listed above. Common side effects of Tylenol with Codeine include: nausea, vomiting, upset stomach, constipation, headache, lightheadedness, dizziness, drowsiness, blurred vision, or dry mouth.",https://www.rxlist.com/tylenol-codeine-drug.htm
Acetaminophen and Ibuprofen Injection (Combogesic IV),acetaminophen and ibuprofen injection,"Analgesics, Other Combos","The recommended dosage of Combogesic IV for adult patients weighing greater than or equal to 50 kg (actual body weight) is 1,000 mg of acetaminophen and 300 mg of ibuprofen administered as a 15-minute",Combogesic IV (acetaminophen and ibuprofen) is a combination of an analgesic and a nonsteroidal anti-inflammatory drug (NSAID) indicated in adults where an intravenous route of administration is considered clinically necessary for the relief of mild to moderate pain or the management of moderate to severe pain as an adjunct to opioid analgesics,"Side effects of Combogesic IV include: infusion site reactions (pain, fluid leakage), nausea/vomiting, constipation, dizziness, vomiting, headache, and sleepiness. Seek medical care or call 911 at once if you have the following serious side effects: Serious eye symptoms such as sudden vision loss, blurred vision,tunnel vision,eye painor swelling, or seeing halos around lights; Serious heart symptoms such as fast, irregular, or pounding heartbeats; fluttering in your chest; shortness of breath; and sudden dizziness, lightheadedness, or passing out; Severe headache,confusion, slurred speech, arm or leg weakness, trouble walking, loss of coordination, feeling unsteady, very stiff muscles, high fever, profuse sweating, or tremors. This document does not contain all possible side effects and others may occur. Check with your physician for additional information about side effects.",https://www.rxlist.com/combogesic-iv-drug.htm
Acetaminophen and Ibuprofen Tablets (Combogesic),acetaminophen and ibuprofen tablets,"Analgesics, Other Combos","The dose of Combogesic is three tablets every 6 hours as needed for pain relief, up to a maximum of 12 tablets per day.",Combogesic (acetaminophen and ibuprofen) is a combination of an analgesics and a nonsteroidal anti-inflammatory drug (NSAID) indicated in adults for the short-term management of mild to moderate acute pain,"Side effects of Combogesic include: nausea, vomiting, headache, dizziness, drowsiness, post-procedural bleeding, and swelling of the face. Seek medical care or call 911 at once if you have the following serious side effects: Serious eye symptoms such as sudden vision loss, blurred vision, tunnel vision, eye pain or swelling, or seeing halos around lights; Serious heart symptoms such as fast, irregular, or pounding heartbeats; fluttering in your chest; shortness of breath; and sudden dizziness, lightheadedness, or passing out; Severe headache, confusion, slurred speech, arm or leg weakness, trouble walking, loss of coordination, feeling unsteady, very stiff muscles, high fever, profuse sweating, or tremors. This document does not contain all possible side effects and others may occur. Check with your physician for additional information about side effects.",https://www.rxlist.com/combogesic-drug.htm
Acetaminophen for Injection (Ofirmev),acetaminophen for injection,"Analgesics, Other, Other analgesics, acetaminophen","an injection and may be given as a single or repeated dose, based on the weight of the patient",Ofirmev (acetaminophen) injection is a non-salicylate antipyretic (anti-fever) and non-opioid analgesic (pain reliever) used to manage pain and to reduce fever.,"Ofirmev may cause serious side effects including: hives, difficulty breathing, swelling of your face, lips, tongue, or throat, severe redness, rash that spreads and causes blistering and peeling, chest pain, trouble breathing, nausea, upper stomach pain, itching, loss of appetite, dark urine, clay-colored stools, and yellowing of the skin or eyes (jaundice) Get medical help right away, if you have any of the symptoms listed above. Common side effects of Ofirmev include: nausea, vomiting, headache, and sleep problems (insomnia) in adult patients, and nausea, vomiting, constipation, itching, agitation, and partial or total lung collapse in pediatric patients. Tell your doctor if you have serious effects of Ofirmev including:",https://www.rxlist.com/ofirmev-drug.htm
"Acetaminophen, Caffeine and Dihydrocodeine Bitartrate (Trezix Capsules)","acetaminophen, caffeine and dihydrocodeine bitartrate","Analgesics, Opioid Combos","The usual adult dosage is two (2) Trezix capsules orally every four (4) hours, as needed. No more than two (2) Trezix capsules should be taken in a 4-hour period. No more than five (5) Trezix doses, o","Trezix (acetaminophen, caffeine, dihydrocodeine bitartrate capsule) contains a non-opiate analgesic and antipyretic, a CNS and cardiovascular stimulant and an analgesic adjuvant, and a narcotic analgesic related to codeine indicated for the relief of moderate to moderately severe pain.","Trezix may cause serious side effects including: hives, difficulty breathing, swelling of your face, lips, tongue, or throat, interrupted breathing during sleep (sleep apnea), mood changes, irritability, nervousness, anxiety, hallucinations, fast or irregular heartbeat, stomach pain, difficulty urinating, vision changes, shaking, tremors, loss of appetite, unusual tiredness, weight loss , fainting, seizures, and severe dizziness Get medical help right away, if you have any of the symptoms listed above. Common side effects of Trezix include: lightheadedness, dizziness, drowsiness, headache, fatigue, sedation, sweating, nausea, vomiting, constipation, itching, skin reactions, respiratory depression, dizziness upon standing (orthostatic hypotension), cough suppression, confusion, diarrhea, constricted pupils, abdominal pain, dry mouth, indigestion, loss of appetite, urinary retention, anxiety, excitement, insomnia, irritability, restlessness, tremor, abnormal heartbeats, palpitations, fast heartbeat, diarrhea, stomach pain, sweating, hives, migraine, and ringing in the ears. Seek medical care or call 911 at once if you have the following serious side effects:",https://www.rxlist.com/trezix-drug.htm
"Acetaminophen, Isometheptene and Dichloralphenazone (Midrin)","acetaminophen, isometheptene and dichloralphenazone","Analgesics, Other Combos","The usual adult dosage of Midrin is two capsules at once, followed by one capsule every hour until relieved, up to 5 capsules within a 12-hour period.","Midrin (isometheptene mucate, dichloralphenazone and acetaminophen) is a combination of a pain reliever and fever reducer, a sedative, and a vasoconstrictor used to treat migraine headaches or severe tension headaches. The brand name Midrin is no longer manufactured, but generic versions may be available.","Midrin may cause serious side effects including: rash, itching, swelling of the face, tongue, or throat, severe dizziness, and trouble breathing Get medical help right away, if you have any of the symptoms listed above. Common side effects of Midrin include: dizziness, drowsiness, mood changes, and nausea. Seek medical care or call 911 at once if you have the following serious side effects:",https://www.rxlist.com/midrin-drug.htm
Acetazolamide Injection (Acetazolamide Injection),acetazolamide injection,,The dose of acetazolamide depends on the condition being treated.,"Acetazolamide for Injection is an inhibitor of the enzyme carbonic anhydrase used to treat edema due to congestive heart failure; drug-induced edema; centrencephalic epilepsies (petit mal, unlocalized seizures); chronic simple (open-angle) glaucoma, secondary glaucoma, and preoperatively in acute angle-closure glaucoma where delay of surgery is desired in order to lower intraocular pressure. Acetazolamide for injection is available in generic form.","Common side effects of acetazolamide for injection include: ""tingling"" feeling in the extremities, hearing problems or ringing in the ears (tinnitus), loss of appetite, changes in taste, nausea, vomiting, diarrhea, excessive urination, drowsiness, fatigue, general feeling of being unwell (malaise), and confusion",https://www.rxlist.com/acetazolamide-injection-drug.htm
Acetazolamide Tablets (Acetazolamide Tablets),acetazolamide tablets,"Anticonvulsants, Other, Antiglaucoma, Carbonic Anhydrase Inhibitors",Dosage of Acetazolamide depends on the condition being treated and the patient's response.,"Acetazolamide (Brand Name: Diamox) is a ""water pill"" (diuretic) used to prevent and reduce the symptoms of altitude sickness. Acetazolamide is also used with other medications to treat a certain type of eye problem (open-angle glaucoma). Acetazolamide is available in generic form.","Common side effects of acetazolamide include: dizziness, lightheadedness, and an increased amount of urine, especially during the first few days as your body adjusts to the medication. Other side effects of acetazolamide include blurred vision, dry mouth, drowsiness, loss of appetite, changes in the sense of taste, stomach upset, nausea, vomiting, diarrhea, headache, tingling feeling, ringing in the ears (tinnitus), confusion, and tiredness. Tell your doctor if you have unlikely but serious side effects of acetazolamide including: increased body hair, hearing loss, unusual tiredness, persistent nausea or vomiting, or severe stomach or abdominal pain.",https://www.rxlist.com/acetazolamide-drug.htm
Acetazolamide Tablets and Injection (Diamox Tablets and Injection),acetazolamide tablets and injection,"Anticonvulsants, Other, Antiglaucoma, Carbonic Anhydrase Inhibitors","For diuresis in congestive heart failure, the starting dose of Diamox is usually 250 to 375 mg once daily in the morning (5 mg/kg). The recommended dosage of Diamox drug-induced edema is 250 to 375 mg","Diamox (acetazolamide) Tablets and Injection is a carbonic anhydrase inhibitor used for adjunctive treatment of edema due to congestive heart failure; drug-induced edema; centrencephalic epilepsies (petit mal, unlocalized seizures); chronic simple (open-angle) glaucoma, secondary glaucoma, and preoperatively in acute angle-closure glaucoma where delay of surgery is desired in order to lower intraocular pressure. Diamox is also indicated for the prevention or amelioration of symptoms associated with acute mountain sickness in climbers attempting rapid ascent and in those who are very susceptible to acute mountain sickness despite gradual ascent.","Side effects of Diamox include: headache, feeling unwell (malaise), fatigue, fever, pain at injection site, flushing, nausea, vomiting, diarrhea, abnormal liver function, electrolyte imbalance, loss of appetite, changes in taste, high or low blood sugar (hyper/hypoglycemia), drowsiness, numbness and tingling, depression, excitement, confusion, dizziness, allergic skin reactions including hives, skin sensitivity to sunlight, and ringing in the ears (tinnitus).",https://www.rxlist.com/diamox-tablets-and-injection-drug.htm
Acetazolamide XR (Diamox Sequels),acetazolamide xr,"Anticonvulsants, Other","To treat glaucoma, the recommended dosage of Diamox Sequels is 1 capsule (500 mg) two times a day. To treat acute mountain sickness, dosage is 500 mg to 1000 mg daily, in divided doses using tablets o",Diamox Sequels (acetazolamide) is a carbonic anhydrase inhibitor used to treat glaucoma and to treat and to prevent acute mountain sickness (altitude sickness). Diamox Sequels is also used as a part of some treatment plans for congestive heart failure and seizure disorders. Diamox Sequels is available in generic form.,"Common side effects of Diamox Sequels include: dizziness, lightheadedness, and an increased amount of urine, especially during the first few days as your body adjusts to the medication. Other side effects of Diamox Sequels include: blurred vision or changes in vision, dry mouth, drowsiness, loss of appetite, stomach upset, nausea, vomiting, constipation, diarrhea, changes in taste, headache, tiredness, drowsiness, fatigue, weakness, nervousness, mild tremor, confusion, increased sensitivity of the skin to sunlight, worsening gout, loss of blood sugar control (if you are diabetic), or ringing in your ears or hearing problems. Tell your doctor if you have unlikely but serious side effects of Diamox Sequels including: increased body hair, hearing loss, unusual tiredness, persistent nausea or vomiting, or severe stomach or abdominal pain.",https://www.rxlist.com/diamox-sequels-drug.htm
Acetic Acid (Acetic Acid),acetic acid,"Antibacterials, Topical, Antifungals, Topical","To promote continuous contact, insert a wick of cotton saturated with Acetic Acid Otic Solution into the ear canal as instructed by your doctor; the wick may be saturated after insertion. Keep the wic",Acetic Acid Otic Solution is an antibiotic used to treat infections in the ear canal. Acetic Acid Otic Solution will not treat an inner ear infection (also called otitis media). Acetic Acid Otic Solution is available in generic form.,"Acetic Acid may cause serious side effects including: hives, difficulty breathing, swelling of your face, lips, tongue, or throat, and severe burning or irritation after using the ear drops Get medical help right away, if you have any of the symptoms listed above. Common side effects of Acetic Acid Otic Solution include temporary stinging or burning in the ear canal. Seek medical care or call 911 at once if you have the following serious side effects: Serious eye symptoms such as sudden vision loss, blurred vision, tunnel vision, eye pain or swelling, or seeing halos around lights; Serious heart symptoms such as fast, irregular, or pounding heartbeats; fluttering in your chest; shortness of breath; and sudden dizziness, lightheadedness, or passing out; Severe headache, confusion, slurred speech, arm or leg weakness, trouble walking, loss of coordination, feeling unsteady, very stiff muscles, high fever, profuse sweating, or tremors.",https://www.rxlist.com/acetic-acid-drug.htm
Acetohydroxamic Acid Tablets (Lithostat),acetohydroxamic acid tablets,"Antimicrobials, Adjunct","The recommended starting dose of Lithostat is 12 mg/kg/day, administered at 6-8 hour intervals at a time when the stomach is empty. The maximum daily dose should be no more than 1.5 grams, regardless","Lithostat (acetohydroxamic acid) tablets are a urease inhibitor indicated as adjunctive therapy in patients with chronic urea-splitting urinary infection. AHA is intended to decrease urinary ammonia and alkalinity, but it should not be used in lieu of curative surgical treatment (for patients with stones) or antimicrobial treatment. Long-term treatment with AHA may be warranted to maintain urease inhibition as long as urea-splitting infection is present.","Common side effects of Lithostat include: mild headaches, shaking, nervousness, nausea, vomiting, loss of appetite, feeling unwell (malaise), anemia, skin rash, sensation of warmth, hair loss, phlebitis, palpitations, depression, and anxiety.",https://www.rxlist.com/lithostat-drug.htm
Acetyl Sulfisoxazole Pediatric Suspension (Gantrisin),acetyl sulfisoxazole pediatric suspension,Sulfonamides,The initial dose of Gantrisin for pediatric patients over 2 months of age is one half of the 24-hour dose. Maintenance dose: 150 mg/kg/24 hours or 4 gm/M²/24 hours - dose to be divided into 4 to 6 dos,"Gantrisin (acetyl sulfisoxazole pediatric suspension) is a sulfonamide (""sulfa"") antibiotic used to treat or prevent many different types of infections caused by bacteria, such as bladder infections, ear infections, or meningitis. The brand name Gantrisin is discontinued, but generic versions may be available.","Common side effects of Gantrisin (acetyl sulfisoxazole pediatric suspension) include: stomach pain bloating gas headache dizziness ringing in your ears, or swollen, black, or ""hairy"" tongue Gantrisin may cause serious side effects including: hives, difficulty breathing, swelling of your face, lips, tongue, or throat, severe peeling skin rash (Steven-Johnson syndrome), fever, chills, fast heart rate, rapid breathing, sudden low blood pressure, lightheadedness, weakness, muscle weakness, fatigue, sore mouth, bleeding or inflamed gums, headache, upset stomach, shortness of breath, pale skin, black or tarry stools, nosebleeds, white patches in the mouth, sinus pain, enlarged liver or spleen, skin rash with blisters, unusual fatigue, persistent sore throat or fever, yellowing of the eyes or skin (jaundice), dark urine, abdominal pain, and severe dizziness Get medical help right away, if you have any of the symptoms listed above. Seek medical care or call 911 at once if you have the following serious side effects:",https://www.rxlist.com/gantrisin-drug.htm
Acetylcholine Chloride Intraocular Solution (Miochol-E),acetylcholine chloride intraocular solution,"Miotics, Direct-Acting",Miochol-E is instilled into the anterior chamber of the eye (the space in the eye that is behind the cornea and in front of the iris) before or after securing one or more sutures.,"Miochol-E (acetylcholine chloride intraocular solution) is a parasympathomimetic preparation used to obtain contraction of the iris of the eye in seconds after delivery of the lens in cataract surgery, in penetrating keratoplasty, iridectomy, and other anterior segment surgery where rapid contraction may be required.","Common side effects of Miochol-E include: corneal swelling, clouding, and decompensation; slow heart rate, low blood pressure, flushing (warmth, redness, or tingly feeling), breathing difficulties, and sweating",https://www.rxlist.com/miochol-e-drug.htm
Acetylcysteine Effervescent Tablets for Oral Solution (Cetylev),acetylcysteine effervescent tablets for oral solution,"Antidotes, Other",The loading dose of Cetylev is140 mg/kg administered orally. The maintenance dose of Cetylev is 70 mg/kg repeated every 4 hours for a total of 17 doses.,Cetylev (acetylcysteine) effervescent tablets for oral solution is an antidote for acetaminophen overdose indicated to prevent or lessen hepatic (liver) injury after ingestion of a potentially hepatotoxic quantity of acetaminophen in patients with acute ingestion or from repeated supratherapeutic ingestion.,"Common side effects of Cetylev include: nausea, vomiting, other gastrointestinal symptoms, and rash with or without fever",https://www.rxlist.com/cetylev-drug.htm
Acetylcysteine for Oral Solution (Legubeti),acetylcysteine for oral solution,"Enzymes, Mucolytic",The recommended adult and pediatric loading dosage of Legubeti for oral administration is 140 mg/kg. Maintenance doses of Legubeti are 70 mg/kg repeated every 4 hours for a total of 17 doses.,"Legubeti (acetylcysteine) is indicated as an antidote to prevent or lessen liver (hepatic) injury, which may occur following the ingestion of a potentially hepatotoxic quantity of acetaminophen, in adults and pediatric patients. It is essential to initiate treatment as soon as possible after the overdose and, in any case, within 24 hours of acetaminophen ingestion.","Side effects of Legubeti include: nausea and vomiting, other gastrointestinal symptoms, and rash with or without fever. Seek medical care or call 911 at once if you have the following serious side effects: Serious eye symptoms such as sudden vision loss, blurred vision,tunnel vision,eye painor swelling, or seeing halos around lights; Serious heart symptoms such as fast, irregular, or pounding heartbeats; fluttering in your chest; shortness of breath; and sudden dizziness, lightheadedness, or passing out; Severe headache,confusion, slurred speech, arm or leg weakness, trouble walking, loss of coordination, feeling unsteady, very stiff muscles, high fever, profuse sweating, or tremors. This document does not contain all possible side effects and others may occur. Check with your physician for additional information about side effects.",https://www.rxlist.com/legubeti-drug.htm
Acetylcysteine Solution (Mucomyst) (N-acetyl-L-cysteine),n-acetyl-l-cysteine,"Pulmonary, Other","When nebulized into a face mask, mouthpiece, or tracheostomy, 1 to 10 mL of the 20% Mucomyst (Acetylcysteine Solution) or 2 to 20 mL of the 10% solution may be given every 2 to 6 hours; the recommende","Mucomyst (Acetylcysteine Solution n-acetyl-l-cysteine) is a solution of a naturally occurring amino acid that is used to help clear mucus (acts as a mucolytic agent) and material entrapped in mucus in people that have thick mucus that may interfere with breathing or other functions. For example, Mucomyst (Acetylcysteine Solution) may be used to help clear mucus in COPD, cystic fibrosis, pneumonia, and in tracheostomy care. Mucomyst (Acetylcysteine Solution) may also be used as an antidote for acetaminophen toxicity. Mucomyst (Acetylcysteine Solution) is available as a generic.","Common side effects of Mucomyst (Acetylcysteine Solution) include: inflammation of the mouth, nausea, vomiting, fever, runny nose, drowsiness, clamminess, chest tightness, coughing, wheezing, or shortness of breath. Serious side effects of Mucomyst (Acetylcysteine Solution) may include: chest tightness, bronchoconstriction, and bleeding.",https://www.rxlist.com/acetylcysteine-solution-drug.htm
"Acetylsalicylic Acid (ASA), Caffeine and Butalbital (Trianal)","acetylsalicylic acid (asa), caffeine and butalbital","Analgesics, Barbiturate Combos","The adult dose of Trianal is 1 or 2 tablets/capsules followed by 1 tablet/capsule every 3 to 4 hours, if needed.","Trianal (butalbital, acetylsalicylic acid, and caffeine tablets or capsules) is a combination of a barbiturate, an analgesic (pain reliever), and a mild stimulant indicated for the relief of tension-type headache. Trianal is a Canadian brand name for butalbital, acetylsalicylic acid (aspirin), and caffeine. A brand name for butalbital, aspirin, and caffeine in the U.S. is Fiorinal.","Trianal may cause serious side effects including: hives, difficulty breathing, swelling of your face, lips, tongue, or throat, decreased coordination, fast, slow, irregular, or pounding heartbeat, irritability, sore throat, mood swings, severe dizziness, pale skin, unusual tiredness or weakness, shortness of breath, unusual bleeding, easy bruising, nausea, vomiting, diarrhea, loss of appetite, weight loss, yellowing of the skin or eyes (jaundice), dark urine, clay-colored stools, skin rash, cold or clammy skin, slow or shallow breathing, uncontrollable flapping movements of the hands, heart burn, long lasting stomach pain, tremor, unusual excitement, black or tarry stools, vomiting blood, vomit that looks like coffee grounds, coughing, shortness of breath, tightness in the chest, itching, rash on the palms of hands and feet, high fever, severe vomiting, confusion, a rash that causes blistering, and any rash combined with fever or discomfort Get medical help right away, if you have any of the symptoms listed above. Common side effects of Trianal include: drowsiness, dizziness, constipation, rash, pupil constriction, lightheadedness, and gastrointestinal disturbances including: nausea, vomiting, and gas Seek medical care or call 911 at once if you have the following serious side effects:",https://www.rxlist.com/trianal-drug.htm
Achromycin V (tetracycline),tetracycline,Tetracyclines,The usual adult daily dose of Achromycin V is 1 gram as 500 mg twice daily or 250 mg four times a day.,"Achromycin V (tetracycline HCl) Capsules are antibiotics indicated to treat a wide variety of bacterial infections. In severe acne, adjunctive therapy with Achromycin V may be useful. Achromycin V is available in generic form.","Common side effects of Achromycin V include: loss of appetite, nausea, upset stomach, vomiting, diarrhea, swollen or black hairy tongue, mouth sores, sore throat, dizziness, headache, difficulty swallowing, inflammation of the small intestine and colon, rectal discomfort, permanent discoloration of teeth (if taken during tooth development), rash, discoloration of the nails, sun sensitivity, hives, and allergic reactions. Achromycin V may cause serious side effects including: hives, difficulty breathing, swelling of your face, lips, tongue, or throat, nail discoloration, muscle pain, difficult or painful swallowing, change in the amount of urine, brown or gray tooth discoloration, numbness or tinging of the hands or feet, unusual fatigue, persistent sore throat, fever, chills, ringing in the ears, decreased hearing, easy bruising, unusual bleeding, severe stomach pain, yellowing of the eyes or skin (jaundice), dark urine, permanent vision loss or blindness, persistent or severe headache, blurred vision, double vision, decreased vision, sudden blindness, persistent nausea or vomiting, stomach cramps, blood or mucus in your stool, diarrhea (could occur weeks to months after treatment stops), white patches in your mouth, change in vaginal discharge, skin lesions or sores, rash, itching, severe dizziness, new or worsening swelling or pain in the joints, chest pain, and fast or irregular heartbeat Get medical help right away, if you have any of the symptoms listed above. Seek medical care or call 911 at once if you have the following serious side effects:",https://www.rxlist.com/achromycin-v-drug.htm
Aci-Jel (Vaginal Jelly),vaginal jelly,,"The usual dose of Aci-Jel Vaginal Jelly is one applicatorful, administered intravaginally, morning and evening. Duration of treatment may be determined by the patient's response to therapy.","Aci-Jel Vaginal Jelly (acetic acid/ricinoleic acid/oxyquinoline) is a combination of a vinegar (acetic acid) and ingredients that help the acetic acid work better used to help restore and maintain the natural acid balance (pH) of the vagina, thereby treating vaginal infections (e.g., yeast, fungi) or making them less likely to occur.","Common side effects of Aci-Jel Vaginal Jelly include mild vaginal irritation, itching, or burning.",https://www.rxlist.com/aci-jel-drug.htm
Acidul (Fluoride),fluoride,"Minerals, Other","Dose of Acidul ranges from 0.25 mg to 1 mg, depending on the child's age, and the amount of fluoride in their drinking water.",Acidul (sodium fluoride) Chewable is fluoride tablets used as a dental cavity preventive in pediatric patients in areas where the drinking water fluoride level does not exceed 0.6 ppm F. Acidul is available in generic form.,"Acidul may cause serious side effects including: hives, difficulty breathing, swelling of your face, lips, tongue, or throat, very upset stomach, nausea, vomiting, and staining, pitting, or any other change in the appears of your teeth Get medical help right away, if you have any of the symptoms listed above. Side effects of Acidul are uncommon but may include: allergic rash or hives Seek medical care or call 911 at once if you have the following serious side effects:",https://www.rxlist.com/acidul-drug.htm
Aciphex (Rabeprazole Sodium),rabeprazole sodium,Proton Pump Inhibitors,20 mg strength enteric-coated tablets,"Aciphex (rabeprazole sodium) is a proton pump inhibitor (PPI) to reduce stomach acid and is used for the treatment of gastroesophageal reflux disease (GERD), duodenal ulcers, and used in combination with antibiotics to treat Helicobacter pylori (H. pylori) bacterial infections in the stomach. Aciphex is available as generic termed rabeprazole sodium.","Aciphex may cause serious side effects including: severe stomach pain, bloody diarrhea, sudden pain or difficulty moving hip, wrist or back, seizure (convulsions), urinating less than usual, blood in your urine, swelling, rapid weight gain, joint pain, skin rash on your cheeks or arms made worse by sunlight, dizziness, fast or irregular heart rate, shaking or jerking muscle movements (tremors), feeling jittery, muscle cramps or spasms in your hands or feet, cough, difficulty swallowing or choking, headache, weakness, bruising, unusual bleeding (nosebleeds, gums), red or pink urine, heavy menstrual flow, bloody or tarry stools, coughing up blood or vomit that looks like coffee grounds, bleeding that is difficult to control, Get medical help right away, if you have any of the symptoms listed above. Common side effects of Aciphex may include: rash or itching, upset stomach, diarrhea, gas, sore throat, headache, insomnia, or nervousness. Serious side effects of Aciphex include:",https://www.rxlist.com/aciphex-drug.htm
Aciphex Sprinkle (rabeprazole sodium),rabeprazole sodium,Proton Pump Inhibitors,The recommended dosage of Aciphex Sprinkle in pediatric patients 1 to 11 years of age for up to 12 weeks is based on the child's body weight. Less than 15 kg: 5 mg once daily with the option to increa,"Aciphex Sprinkle (rabeprazole sodium delayed-release capsules), for oral use, is a proton-pump inhibitor (PPI) indicated for the treatment of Gastroesophageal Reflux Disease (GERD) in pediatric patients 1 to 11 years of age.","Common side effects of Aciphex Sprinkle include: vomiting, abdominal pain, diarrhea, headache, nausea, pain, sore throat, gas, infection, constipation, dry mouth, dizziness, swelling of extremities, increased liver enzymes, hepatitis, and muscle and joint pain.",https://www.rxlist.com/aciphex-sprinkle-drug.htm
Acitretin (Soriatane),acitretin,"Retinoid-like Agents, Topical, Antipsoriatics, Systemic","The starting dose of Soriatane is a single dose of 25 to 50 mg per day, with a meal. Maintenance doses of 25 to 50 mg per day may be given.","Soriatane (acitretin) is a retinoid, which is a form of vitamin A, used to treat severe psoriasis in adults. Soriatane is usually given after other psoriasis medicines have been unsuccessful. Soriatane is not a cure for psoriasis, and you may relapse after you stop taking this medication.","Soriatane may cause serious side effects including: hives, difficulty breathing, swelling of your face, lips, tongue, or throat, mood changes, depression, aggression, unusual thoughts or behavior, thoughts of self-harm, chest pain, dizziness, nausea, shortness of breath, sudden numbness or weakness (especially on one side of the body), sudden severe headache, problems with speech or balance, swelling or warmth in one or both legs, increased thirst, increased urination, dry mouth, fruity breath odor, headache, blurred vision, ringing in your ears, dizziness, pain behind your eyes, vomiting, loss of appetite, dark urine, yellowing of your skin or eyes (jaundice) loss of feeling in your hands or feet, trouble moving, pain in your back, joints, muscles, or bones, itching, redness, pain, swelling or peeling of your skin, sudden swelling, rapid weight gain, fever, muscle pain, and lightheadedness Get medical help right away, if you have any of the symptoms listed above. Common side effects of Soriatane include: redness itching skin scaling peeling dry skin sticky feeling on the skin the first several weeks as your body adjusts to the medication Other side effects of Soriatane include:",https://www.rxlist.com/soriatane-drug.htm
Aclidinium Bromide (Tudorza Pressair),aclidinium bromide,"Anticholinergics, Respiratory",Tudorza Pressair is available for oral inhalation only. The recommended dosage of Tudorza Pressair is one inhalation (400 mcg of aclidinium bromide) twice daily.,"Tudorza Pressair (aclidinium bromide) inhalation powder is an anticholinergic indicated for the long-term maintenance treatment of bronchospasm associated with chronic obstructive pulmonary disease (COPD), including chronic bronchitis and emphysema.","Tudorza Pressair may cause serious side effects including: hives, difficulty breathing, swelling of your face, lips, tongue, or throat, fever, headache, muscle aches, sore throat, stuffy or runny nose, unusual tiredness, weakness, abdominal pain, bloody or cloudy urine, body aches, chest pain or pressure, chills, cough, painful or burning when you urinate, dry throat, ear congestion, fainting, pounding, irregular or fast heartbeat, frequent urge to urinate, hoarseness, loss of voice, lower back or side pain, sneezing, tender, swollen glands in the neck, tightness in the chest, trouble swallowing, vision changes, poor coordination, dilated neck veins, dry mouth, tiredness, weakness, flushed skin, dry skin, fruity breath odor, increased hunger, increased thirst, muscle pain or stiffness, nausea, pain, swelling, or redness in the joints, slow or irregular heartbeat, stomachache, sweating, swelling of the face, fingers, feet, or lower legs, unexplained weight loss, vision loss, blurred vision, decrease in the frequency of urination, decrease in urine volume, difficulty in passing urine, dizziness, eye pain, itching, skin rash, puffiness or swelling of the eyelids, tearing, and vomiting Get medical help right away, if you have any of the symptoms listed above. Common side effects of Tudorza Pressair include: headache, common cold symptoms, runny or stuffy nose, cough, diarrhea, sinus infection, vomiting, toothache, urinary tract infection, and dry mouth. Serious side effects of Tudorza Pressair include:",https://www.rxlist.com/tudorza-pressair-drug.htm
Aclidinium Bromide and Formoterol Fumarate Inhalation Powder (Duaklir Pressair),aclidinium bromide and formoterol fumarate inhalation powder,Respiratory Inhalant Combos,"The dose of Duaklir Pressair is 400 mcg/12 mcg, twice daily (once in the morning and once in the evening).",Duaklir Pressair (aclidinium bromide and formoterol fumarate) is a combination of an anticholinergic and a long-acting beta2-adrenergic agonist (LABA) indicated for the maintenance treatment of patients with chronic obstructive pulmonary disease (COPD).,"Duaklir Pressair may cause serious side effects including: hives, difficulty breathing, swelling of your face, lips, tongue, or throat, difficult or painful urination, muscle cramps, weakness, increased thirst or urination, sudden severe wheezing, increased trouble breathing after using the medication, chest pain, fast or irregular heartbeat, severe dizziness, fainting, eye pain, swelling or redness of the eye, blurred vision, seeing halos around lights, rash, and itching Get medical help right away, if you have any of the symptoms listed above. Common side effects of Duaklir Pressair include: upper respiratory tract infection, headache, back pain, cough, sinusitis, influenza, tooth abscess, insomnia, dizziness, dry mouth, sore throat, muscle spasms, musculoskeletal pain, joint pain, pain in extremities, urinary tract infection (UTI), and increased blood creatine phosphokinase Seek medical care or call 911 at once if you have the following serious side effects:",https://www.rxlist.com/duaklir-pressair-drug.htm
"Aclovate (Alclometasone Dipropionate Cream, Ointment)","alclometasone dipropionate cream, ointment","Corticosteroids, Topical",Apply a thin film of Aclovate Cream or Ointment to the affected skin areas 2 or 3 times daily; massage gently until the medication disappears.,"Aclovate (alclometasone dipropionate) Cream and Ointment is a topical (for the skin) steroid used to treat the inflammation and itching caused by a number of skin conditions such as allergic reactions, eczema, and psoriasis. Aclovate is available in generic form.","Common side effects of Aclovate include: skin stinging, burning, itching, irritation, dryness, redness, or rash when first applied to the skin. Side effects should disappear in a few days as your body adjusts to the medication. Other side effects of Aclovate include: thinning or softening of your skin, skin rash or irritation around your mouth, swollen hair follicles, changes in color of treated skin, blisters, pimples, crusting of treated skin, or stretch marks. Tell your doctor if you have serious side effects of Aclovate including: blurred vision, seeing halos around lights, mood changes, sleep problems (insomnia), weight gain, puffiness in your face, muscle weakness, or you feel tired.",https://www.rxlist.com/aclovate-drug.htm
Acoltremon Ophthalmic Solution (Tryptyr),acoltremon ophthalmic solution,TRPM8 Channel Agonists,The dose of Tryptyr is one drop instilled in each eye twice daily (approximately 12 hours apart).,Tryptyr (acoltremon ophthalmic solution) 0.003% is a TRPM8 thermoreceptor agonist indicated for the treatment of the signs and symptoms of dry eye disease.,"Side effects of Tryptyr include: instillation site pain and burning or stinging sensation in the eyes. Seek medical care or call 911 at once if you have the following serious side effects: Serious eye symptoms such as sudden vision loss, blurred vision,tunnel vision,eye painor swelling, or seeing halos around lights; Serious heart symptoms such as fast, irregular, or pounding heartbeats; fluttering in your chest; shortness of breath; and sudden dizziness, lightheadedness, or passing out; Severe headache,confusion, slurred speech, arm or leg weakness, trouble walking, loss of coordination, feeling unsteady, very stiff muscles, high fever, profuse sweating, or tremors. This document does not contain all possible side effects and others may occur. Check with your physician for additional information about side effects.",https://www.rxlist.com/tryptyr-drug.htm
Acoramidis Tablets (Attruby),acoramidis tablets,"Cardiovascular, Other",The recommended dosage of Attruby is 712 mg orally twice daily.,Attruby (acoramidis) is a transthyretin stabilizer indicated for the treatment of the cardiomyopathy of wild-type or variant transthyretin-mediated amyloidosis (ATTR-CM) in adults to reduce cardiovascular death and cardiovascular-related hospitalization.,"Side effects of Attruby include: gastrointestinal (GI) adverse reactions such as diarrhea and upper abdominal pain, increased serum creatinine, and decrease in eGFR. Seek medical care or call 911 at once if you have the following serious side effects: Serious eye symptoms such as sudden vision loss, blurred vision, tunnel vision, eye pain or swelling, or seeing halos around lights; Serious heart symptoms such as fast, irregular, or pounding heartbeats; fluttering in your chest; shortness of breath; and sudden dizziness, lightheadedness, or passing out; Severe headache, confusion, slurred speech, arm or leg weakness, trouble walking, loss of coordination, feeling unsteady, very stiff muscles, high fever, profuse sweating, or tremors. This document does not contain all possible side effects and others may occur. Check with your physician for additional information about side effects.",https://www.rxlist.com/attruby-drug.htm
Acova (Argatroban),argatroban,"Anticoagulants, Cardiovascular, Thrombin Inhibitors","The recommended initial dose of Acova for adult patients without hepatic impairment is 2 μg/kg/min, administered as a continuous infusion.",Acova (argatroban) is a direct thrombin inhibitor indicated as an anticoagulant for prophylaxis or treatment of thrombosis in patients with heparin-induced thrombocytopenia.,"Side effects of Acova include: shortness of breath, low blood pressure (hypotension), fever, diarrhea, sepsis, cardiac arrest, nausea, fast heart rate, pain, urinary tract infection (UTI), vomiting, infection, pneumonia, atrial fibrillation (AFib), coughing, abnormal kidney function, abdominal pain, and cerebrovascular disorder.",https://www.rxlist.com/acova-drug.htm
Acrivastine and Pseudoephedrine (Semprex D),acrivastine and pseudoephedrine,Antihistamine/Decongestant Combos,"The recommended dosage of Semprex-D for adults and adolescents 12 years and older is one capsule taken orally, every 4 to 6 hours, four times a day.","Semprex-D (acrivastine and pseudoephedrine) is a combination of an antihistamine and a decongestant used to treat sneezing, cough, runny or stuffy nose, itchy or watery eyes, hives, skin rash, itching, and other symptoms of allergies and the common cold.","Common side effects of Semprex-D include: drowsiness dizziness dry mouth/nose/throat headache upset stomach trouble sleeping (insomnia) blurred vision constipation loss of appetite problems with memory or concentration flushing (warmth, tingling, or redness under your skin) restlessness or excitability (especially in children) skin rash or itching Semprex D may cause serious side effects including: hives, difficulty breathing, swelling of your face, lips, tongue, or throat, dizziness, drowsiness, urination problems, fever, skin redness with small pus-filled bumps, fast heart rate, pounding heartbeats, and fluttering in your chest Get medical help right away, if you have any of the symptoms listed above. Seek medical care or call 911 at once if you have the following serious side effects:",https://www.rxlist.com/semprex-d-drug.htm
Actemra (Tocilizumab Injection),tocilizumab injection,"DMARDs, Immunomodulators, Monoclonal Antibodies, COVID-19 Monoclonal Antibodies",Actemra is given once every four weeks by intravenous (IV) infusion by your doctor. Actemra can be taken with or without methotrexate (or other DMARDs).,Actemra (tocilizumab) is an interleukin-6 (IL-6) receptor inhibitor used to treat moderate to severe rheumatoid arthritis in children and adults.,"Actemra may cause serious side effects including: severe stomach cramps, bloating, diarrhea, constipation, nosebleeds, bleeding gums, abnormal vaginal bleeding, any bleeding that will not stop, blood in your urine or stools, coughing up blood, vomit that looks like coffee grounds, loss of appetite, right-sided stomach pain, vomiting, tiredness, dark urine, clay-colored stools, yellowing of the skin or eyes (jaundice), fever, chills, aches, tiredness, cough, skin sores, weight loss, burning when you urinate, ongoing stomach pain, and change in bowel habits Get medical help right away, if you have any of the symptoms listed above. Common side effects of Actemra include: runny or stuffy nose, sinus pain, sore throat, headache, dizziness, itching, mild stomach cramps, or urinary tract infection (UTI). Tell your doctor if you have serious side effects of Actemra including:",https://www.rxlist.com/actemra-drug.htm
ActHIB (Haemophilus b Conjugate Vaccine),haemophilus b conjugate vaccine,"Vaccines, Inactivated, Bacterial",The number of doses of ActHIB Vaccine indicated depends on the age at which immunization is begun. A child 7 to 11 months of age should receive 2 doses of ActHIB Vaccine at 8-week intervals and a boos,"ActHIB (haemophilus b conjugate vaccine) is an immunization used to prevent infection caused by haemophilus B bacteria, and is sometimes combined with vaccines to protect against other diseases. ActHIB vaccine will not protect against other types of influenza.","Common side effects of ActHIB include injection site reactions (redness, pain, swelling, or a lump) low fever mild fussiness or crying joint pain body aches drowsiness, or diarrhea Seek medical care or call 911 at once if you have the following serious side effects: Serious eye symptoms such as sudden vision loss, blurred vision, tunnel vision, eye pain or swelling, or seeing halos around lights; Serious heart symptoms such as fast, irregular, or pounding heartbeats; fluttering in your chest; shortness of breath; and sudden dizziness, lightheadedness, or passing out; Severe headache, confusion, slurred speech, arm or leg weakness, trouble walking, loss of coordination, feeling unsteady, very stiff muscles, high fever, profuse sweating, or tremors. This document does not contain all possible side effects and others may occur. Check with your physician for additional information about side effects.",https://www.rxlist.com/acthib-drug.htm
Acthrel (Corticorelin Ovine Triflutate for Injection),corticorelin ovine triflutate for injection,"Enzyme Cofactors, Diagnostics, Endocrine",A single intravenous dose of Acthrel at 1 mcg/kg is recommended for the testing of pituitary corticotrophin function.,"Acthrel (corticorelin ovine triflutate) for Injection is a man-made form of a hormone that occurs naturally in the body and is used as part of a medical test in people with Cushing's syndrome, an endocrine disorder caused by high levels of cortisol (a steroid hormone produced by the adrenal gland). Acthrel is also used to help your doctor determine why your body is producing too much of its own cortisol.","Acthrel may cause serious side effects including: hives, difficulty breathing, swelling of your face, lips, tongue, or throat, chest pain or pressure, fast heart rate, feeling like you can’t get enough air, severe redness or warmth in your face, and lightheadedness Get medical help right away, if you have any of the symptoms listed above. Common side effects of Acthrel include: warmth, redness, or tingly feeling in your face, neck, or chest Side effects with higher doses of Acthrel include fast heart rate, low blood pressure (hypotension), shortness of breath, and tightness in the chest.",https://www.rxlist.com/acthrel-drug.htm
Acticin (Permethrin),permethrin,"Scabicidal Agents, Scabicidal Agents, Topical Pediculicide","One application of Acticin Cream is generally curative, and usually a 30 gram dose is sufficient for an average adult. Thoroughly massage Acticin Cream into the skin from the head to the soles of the",Acticin (permethrin) Cream 5% is a topical (for the skin) scabicidal agent used to treat scabies. Acticin Cream is available in generic form.,"Common side effects of Acticin Cream include: skin irritation including mild burning and stinging immediately following application of cream, itching, skin swelling or redness, numbness, tingling, and rash Seek medical care or call 911 at once if you have the following serious side effects: Serious eye symptoms such as sudden vision loss, blurred vision, tunnel vision, eye pain or swelling, or seeing halos around lights; Serious heart symptoms such as fast, irregular, or pounding heartbeats; fluttering in your chest; shortness of breath; and sudden dizziness, lightheadedness, or passing out; Severe headache, confusion, slurred speech, arm or leg weakness, trouble walking, loss of coordination, feeling unsteady, very stiff muscles, high fever, profuse sweating, or tremors. This document does not contain all possible side effects and others may occur. Check with your physician for additional information about side effects.",https://www.rxlist.com/acticin-drug.htm
"Acticlate (Doxycycline Hyclate Tablets, USP)","doxycycline hyclate tablets, usp",Tetracyclines,"The usual adult dose of Acticlate is 200 mg on the first day of treatment (administered 100 mg every 12 hours), followed by a maintenance dose of 100 mg daily.","Acticlate (doxycycline hyclate) is an antibiotic used to treat rickettsial infections, sexually transmitted infections, respiratory tract infections, specific bacterial infections, ophthalmic infections, anthrax, as adjunctive therapy in acute intestinal amebiasis and severe acne, and to prevent malaria.","Common side effects of Acticlate include anorexia, nausea, vomiting, upset stomach, diarrhea, sensitivity to sunlight (photosensitivity), skin rash or itching, hives, and vaginal itching or discharge Acticlate may cause serious side effects including: hives, difficulty breathing, swelling of your face, lips, tongue, or throat, sore throat, burning in your eyes, skin pain, red or purple skin rash that spreads and causes blistering and peeling, skin rash, fever, swollen glands, flu-like symptoms, muscle aches, severe weakness, unusual bruising, severe stomach pain, diarrhea that is watery or bloody, throat irritation, trouble swallowing, chest pain, irregular heart rhythm, shortness of breath, little or no urination, chills, swollen glands, body aches, weakness, pale skin, easy bruising, unusual bleeding, severe headaches, ringing in your ears, dizziness, nausea, vision problems, pain behind your eyes, loss of appetite, upper stomach pain (that may spread to your back), tiredness, vomiting, fast heart rate, dark urine, and yellowing of the skin or eyes (jaundice) Get medical help right away, if you have any of the symptoms listed above. Seek medical care or call 911 at once if you have the following serious side effects:",https://www.rxlist.com/acticlate-drug.htm
Actidose with Sorbitol and Actidose-Aqua (Activated Charcoal Suspension),activated charcoal suspension,,,"Actidose-Aqua (activated charcoal suspension) is an antidote used to treat stomach pain caused by excess gas, diarrhea, or indigestion, and to relieve itching related to kidney dialysis treatment and to treat poisoning or drug overdose. Actidose-Aqua is available in generic form.","Common side effects of Actidose-Aqua include: nausea, vomiting, diarrhea, black stools, bloating, or constipation.",https://www.rxlist.com/actidose-with-sorbitol-and-actidose-aqua-drug.htm
"Actigall (Ursodiol, USP Capsules)","ursodiol, usp capsules",Gallstone Solubilizing Agents,The recommended dose for Actigall treatment of radiolucent gallbladder stones is 8-10 mg/kg/day given in 2 or 3 divided doses.,"Actigall (ursodiol) is a bile acid used for patients with radiolucent, noncalcified gallbladder stones < 20 mm in greatest diameter in whom elective cholecystectomy would be undertaken except for the presence of increased surgical risk due to systemic disease, advanced age, idiosyncratic reaction to general anesthesia, or for those patients who refuse surgery. Actigall is also used for the prevention of gallstone formation in obese patients experiencing rapid weight loss. Actigall is available in generic form.","Actigall may cause serious side effects including: hives, difficulty breathing, swelling of your face, lips, tongue, or throat, weakness, swelling of the ankles or feet, increased thirst and urination, fever, persistent sore throat, easy bleeding or bruising, and severe dizziness Get medical help right away, if you have any of the symptoms listed above. Common side effects of Actigall include: stomach upset or pain, indigestion, nausea, diarrhea, constipation, dizziness, back pain, hair loss, cough, headache, cold symptoms (stuffy nose, sneezing, sore throat), itching or rash, upper respiratory tract infection, urinary tract infection, muscle or joint pain, or insomnia Seek medical care or call 911 at once if you have the following serious side effects:",https://www.rxlist.com/actigall-drug.htm
Actimmune (Interferon Gamma 1 b),interferon gamma 1 b,Biological Response Modifiers,"The recommended dosage of Actimmune for the treatment of patients with Chronic Granulomatous Disease and severe, malignant osteopetrosis is 50 mcg/m2 (1 million IU/m2) for patients whose body surface",Actimmune (interferon gamma 1 b) is a specific interferon made from human proteins used to prevent infections in people with a condition called Chronic Granulomatous Disease. Actimmune is also used to treat a congenital bone disorder called osteopetrosis.,"Actimmune may cause serious side effects including: hives, difficulty breathing, swelling of your face, lips, tongue, or throat, confusion, hallucination, seizure, fever, chills, flu-like symptoms, swollen gums, mouth sores, skin sores, easy bruising, unusual bleeding, little or no urination, painful or difficult urination, swelling in your feet or ankles, tiredness, and shortness of breath Get medical help right away, if you have any of the symptoms listed above. Common side effects of Actimmune include: injection site reactions (pain/swelling/redness), diarrhea, upset stomach, nausea, vomiting, problems with memory or concentration, weakness, tired feeling, lack of coordination, muscle or joint pain, or headache. Seek medical care or call 911 at once if you have the following serious side effects:",https://www.rxlist.com/actimmune-drug.htm
Actiq (Fentanyl Citrate),fentanyl citrate,"Opioid Analgesics, Opioids, Anilidopiperidine",The initial dose of Actiq to treat episodes of breakthrough cancer pain is always 200 mcg. The Actiq unit should be consumed over 15 minutes. The dose may be increased under a physician's supervision,"Actiq (oral transmucosal fentanyl citrate) is a narcotic pain medicine used to treat ""breakthrough"" cancer pain that is not controlled by other medicines. Actiq is not for short-term pain relief. Actiq is available in generic form.","Actiq may cause serious side effects including: hives, difficulty breathing, swelling of your face, lips, tongue, or throat, slow breathing with long pauses, blue colored lips, difficult to wake up, slow heart rate, sighing, shallow breathing, breathing that stops during sleep, severe drowsiness, lightheadedness, dizziness, upset stomach before the medicine has completely dissolved, confusion, extreme fear, unusual thoughts or behavior, nausea, vomiting, loss of appetite, dizziness, worsening tiredness, weakness, agitation, hallucinations, fever, sweating, shivering, fast heart rate, muscle stiffness, twitching, loss of coordination, and diarrhea Get medical help right away, if you have any of the symptoms listed above. Common side effects of Actiq include: dry mouth, headache, dizziness, weakness, anxiety, nausea, vomiting, or constipation Tell your doctor if you have serious side effects of Actiq including:",https://www.rxlist.com/actiq-drug.htm
Actisite (Tetracycline Periodontal),tetracycline periodontal,Tetracyclines,"Actisite fiber provides continuous release dosing of tetracycline for 10 days. At the end of 10 days of treatment, all fibers must be removed.","Actisite (tetracycline hydrochloride) Periodontal Fiber is an antibiotic used as an adjunct to scaling and root planing for reduction of pocket depth and bleeding on probing in patients with adult periodontitis. The brand name Actisite is discontinued, but generic versions may be available.","Common side effects of Actisite (tetracycline hydrochloride) include: discomfort on fiber placement and local redness following removal, tongue discoloration, sore throat, or thrush.",https://www.rxlist.com/actisite-drug.htm
Activase (Alteplase),alteplase,Thrombolytics,"The recommended total dose of Activase is based upon patient weight, not to exceed 100 mg.","Activase (alteplase) is an enzyme, which works to break up and dissolve blood clots that can block arteries, used in the treatment of an acute heart attack or pulmonary embolism.","Activase may cause serious side effects including: bleeding, gastrointestinal bleeding, genitourinary bleeding, nosebleed, bleeding gums, and bleeding at the injection site Get medical help right away, if you have any of the symptoms listed above. The most common side effect of Activase is bleeding, including gastrointestinal bleeding, genitourinary bleeding, bruising, nosebleed, and bleeding gums. Other side effects of Activase include: nausea, vomiting, low blood pressure (hypotension), dizziness, mild fever, or allergic reactions (swelling, rash, hives). Seek medical care or call 911 at once if you have the following serious side effects:",https://www.rxlist.com/activase-drug.htm
"Activella (Estradiol, Norethindrone Acetate)","estradiol, norethindrone acetate",Estrogens/Progestins-HRT,"Dosing of Activella is either 1.0 mg/0.5 mg (estradiol, norethindrone acetate) or 0.5 mg/0.1 mg (estradiol, norethindrone acetate). The lowest effective dose and the shortest treatment duration should","Activella (estradiol, norethindrone acetate) is a combination of the female hormones estrogen and progesterone used to treat the symptoms of menopause such as feelings of warmth in the face, neck and chest, or sudden intense spells of heat and sweating (""hot flashes"" or ""hot flushes""); to treat vulvar and vaginal changes (itching, burning, dryness in or around the vagina, difficulty or burning with urination) caused by menopause; and to replace estrogen in conditions such as hypogonadism, removal of the ovaries, or primary ovarian failure that result in a lack of estrogen. Activella is also used to prevent thinning of the bones (osteoporosis). Activella is available in generic form.","Side effects are grouped by how serious they are and how often they happen when you are treated. Serious, but less common side effects include: heart attack stroke blood clots breast cancer cancer of the lining of the uterus (womb) cancer of the ovary dementia gallbladder disease high or low blood calcium levels changes in vision high blood pressure high levels of fat in your blood (triglycerides) liver problems changes in your thyroid hormone levels swelling or fluid retention enlargement of benign tumors (“fibroids”) worsening swelling of face and tongue (angioedema) in women who have a history of angioedema changes in laboratory test results such as bleeding time and high blood sugar levels Call your healthcare provider right away if you get any of the following warning signs or any other unusual symptoms that concern you: new breast lumps unusual vaginal bleeding changes in vision or speech sudden new severe headaches severe pains in your chest or legs with or without shortness of breath, weakness and fatigue Common side effects of Activella include:",https://www.rxlist.com/activella-drug.htm
Actonel (Risedronate Sodium),risedronate sodium,"Bisphosphonate Derivatives, Calcium Metabolism Modifiers",Dosage of Actonel depends on the condition being treated.,"Actonel (risedronate sodium) is a bisphosphonate used to treat or prevent osteoporosis in men and women, and is also used to treat Paget's disease of bone. Actonel is available in generic form.","Actonel may cause serious side effects including: chest pain, new or worsening heartburn, difficulty or pain when swallowing, pain or burning under the ribs or in the back, severe heartburn, burning in your upper stomach, coughing up blood, new or unusual pain in your thigh or hip, jaw pain, numbness, swelling, severe joint, bone, or muscle pain, muscle spasms or contractions, and numbness or tingly feeling (around your mouth, or in your fingers and toes) Get medical help right away, if you have any of the symptoms listed above. Common side effects of Actonel include: upset stomach stomach pain headache flu symptoms muscle pain diarrhea, constipation, or joint or back pain Seek medical care or call 911 at once if you have the following serious side effects:",https://www.rxlist.com/actonel-drug.htm
Actonel with Calcium (Risedronate Sodium with Calcium Carbonate),risedronate sodium with calcium carbonate,"Bisphosphonate Derivatives, Calcium Metabolism Modifiers","The dose of Actonel is one 35 mg Actonel tablet orally, taken once-a-week (Day 1 of the 7-day treatment cycle), and one 1250 mg calcium carbonate tablet (500 mg elemental calcium) orally, taken with f","Actonel with Calcium (risedronate sodium with calcium carbonate) is a combination of a bisphosphonate with the mineral calcium used to treat or prevent postmenopausal and steroid-induced osteoporosis. Risedronate is also used to treat Paget's disease of bone. Calcium carbonate is used to prevent and to treat calcium deficiencies. The brand name Actonel with Calcium is discontinued, but generic versions may be available.","Actonel with Calcium may cause serious side effects including: hives, difficulty breathing, swelling of your face, lips, tongue, or throat, fever, sore throat, burning in your eyes, skin pain, red or purple skin rash that spreads and causes blistering and peeling, chest pain, new or worsening heartburn, difficulty or pain when swallowing, pain or burning under the ribs or in the back, severe heartburn, burning pain in your upper stomach, coughing up blood, new or unusual pain in your thigh or hip, jaw pain, numbness, swelling, severe joint, bone or muscle pain, muscle spasms or contractions, and numbness or tingly feeling (around your mouth, or in your fingers and toes) Get medical help right away, if you have any of the symptoms listed above. Common side effects of Actonel with Calcium (risedronate sodium with calcium carbonate) include: upset stomach nausea heartburn constipation gas diarrhea bloating headache muscle or joint pain back pain pain or burning with urination skin rash, or depressed mood Seek medical care or call 911 at once if you have the following serious side effects:",https://www.rxlist.com/actonel-with-calcium-drug.htm
"Actoplus MET, Actoplus MET XR (Pioglitazone Hcl and Metformin Hcl)",pioglitazone hcl and metformin hcl,"Antidiabetics, Biguanides/Thiazolidinediones",The dose of Actoplus MET is individualized on the basis of effectiveness and tolerability. The maximum recommended daily dose is pioglitazone 45 mg/metformin 2550 mg.,Actoplus MET (pioglitazone hydrochloride and metformin hydrochloride) is a combination of 2 oral diabetes medicines for people with type 2 diabetes who do not use daily insulin injections. Actoplus MET is not for treating type 1 diabetes. Actoplus MET is available in generic form.,"Actoplus MET may cause serious side effects including: hives, difficulty breathing, swelling of your face, lips, tongue, or throat, unusual muscle pain, feeling cold, dizziness, lightheadedness, tiredness, weakness, stomach pain, vomiting, slow or irregular heart rate, pink or red urine, painful or difficult urination, new or worsening urge to urinate, changes in your vision, swelling, rapid weight gain, shortness of breath, loss of appetite, nausea, vomiting, stomach pain, tiredness, dark urine, yellowing of the skin or eyes (jaundice), pale skin, unusual tiredness, shortness of breath, and cold hands and feet Get medical help right away, if you have any of the symptoms listed above. Common side effects of Actoplus MET include: headache, nausea, vomiting, stomach upset, diarrhea, weakness, sore throat, muscle pain, weight gain, tooth problems, a metallic taste in the mouth, or sneezing, runny nose, cough, or other signs of a cold. Tell your doctor if you have serious side effects of Actoplus MET including:",https://www.rxlist.com/actoplus-met-drug.htm
Actos (Pioglitazone Hydrochloride),pioglitazone hydrochloride,"Antidiabetics, Thiazolidinediones, Peroxisome Proliferator Activated Receptor (PPAR) Agonists","tablets in strengths of 15, 30 or 45 mg","Actos (pioglitazone hydrochloride) is a thiazolidinedione and increases the body's sensitivity to insulin. Actos is used for type 2 diabetes, not type 1 diabetes or diabetic ketoacidosis. Generic Actos is not available in the U.S., but is available in other countries as pioglitazone.","Actos may cause serious side effects including: shortness of breath (especially when laying down), unusual tiredness, swelling, rapid weight gain, pink or red urine, painful or difficult urination, new or worsening urge to urinate, vision changes, and sudden, unusual pain in your hand, arm or foot Get medical help right away, if you have any of the symptoms listed above. Common side effects of Actos may include: cold or flu-like symptoms (such as stuffy nose, sneezing, cough, sore throat), headache,",https://www.rxlist.com/actos-drug.htm
Acular (Ketorolac Tromethamine),ketorolac tromethamine,"Ophthalmic NSAIDs,",The recommended dose of Acular ophthalmic solution is one drop (0.25 mg) four times a day for relief of ocular itching due to seasonal allergic conjunctivitis. For the treatment of postoperative infla,"Acular (ketorolac tromethamine) Ophthalmic Solution is a nonsteroidal anti-inflammatory drug (NSAID) used to relieve eye itching caused by seasonal allergies. Acular is also used to reduce swelling, pain, and burning or stinging after cataract surgery or corneal refractive surgery. Acular is available in generic form.","Common side effects of Acular include: temporary stinging, burning, or itching of the eyes for 1-2 minutes when applied. Other side effects of Acular include: eye redness, swollen or puffy eyelids, and headache. Tell your doctor if you have unlikely but serious side effects of Acular including: eye swelling, eye discharge, vision changes, eye pain, or bleeding inside the eye.",https://www.rxlist.com/acular-drug.htm
Acular LS (Ketorolac Tromethamine Ophthalmic Solution),ketorolac tromethamine ophthalmic solution,Ophthalmic NSAIDs,The recommended dose of Acular LS ophthalmic solution is one drop four times a day in the operated eye as needed for pain and burning/stinging for up to 4 days following corneal refractive surgery.,"Acular LS (ketorolac tromethamine ophthalmic solution) is a nonsteroidal anti-inflammatory drug (NSAID) used to relieve eye itching caused by seasonal allergies. Acular LS is also used to reduce swelling, pain, and burning or stinging after cataract surgery or corneal refractive surgery. Acular LS is available in generic form.","Common side effects include temporary stinging or burning of the eyes for 1-2 minutes when applied, eye itching , eye redness, swollen or puffy eyelids, and headache Seek medical care or call 911 at once if you have the following serious side effects: Serious eye symptoms such as sudden vision loss, blurred vision, tunnel vision, eye pain or swelling, or seeing halos around lights; Serious heart symptoms such as fast, irregular, or pounding heartbeats; fluttering in your chest; shortness of breath; and sudden dizziness, lightheartedness, or passing out; Severe headache, confusion, slurred speech, arm or leg weakness, trouble walking, loss of coordination, feeling unsteady, very stiff muscles, high fever, profuse sweating, or tremors. This document does not contain all possible side effects and others may occur. Check with your physician for additional information about side effects.",https://www.rxlist.com/acular-ls-drug.htm
Acuvail (Ketorolac Tromethamine Ophthalmic Solution),ketorolac tromethamine ophthalmic solution,Ophthalmic NSAIDs,"The dose of Acuvail is to apply one drop to the affected eye twice daily beginning 1 day prior to cataract surgery, continued on the day of surgery, and through the first 2 weeks of the postoperative","Acuvail (ketorolac tromethamine) Ophthalmic Solution is a nonsteroidal anti-inflammatory drug (NSAID) used to treat pain inflammation after cataract surgery or corneal refractive surgery, and also to relieve eye itching caused by seasonal allergies.","Common side effects of Acuvail include: mild burning, stinging, or itching of your eyes; swollen or puffy eyelids, or headache",https://www.rxlist.com/acuvail-drug.htm
ACUVUE Theravision with Ketotifen (Etafilcon A with Ketotifen Daily Disposable Contact Lenses),etafilcon a with ketotifen daily disposable contact lenses,,Insert one lens per eye per day. Discard lens after a single day's use.,"Acuvue Theravision with Ketotifen (etafilcon A drug-eluting contact lens with ketotifen) is a daily wear, daily disposable etafilcon A drug-eluting contact lens packaged with an H1 histamine receptor antagonist, indicated for the prevention ocular itch due to allergic conjunctivitis and correction of refractive ametropia (myopia and hyperopia) in aphakic and/or phakic patients who do not have red eye(s), are suitable for contact lens wear and do not have more than 1 D of astigmatism.","Side effects of Acuvue Theravision with Ketotifen include: eye irritation, eye pain, and instillation site pain",https://www.rxlist.com/acuvue-theravision-with-ketotifen-drug.htm
Acyclovir (Zovirax),acyclovir,"Antivirals, VZV, Antivirals, HSV, Antivirals, Other, Antivirals, Topical","200, 400 and 800 mg strengths and as a liquid suspension with 200 mg strength per 5 ml","Zovirax (acyclovir) is a synthetic nucleoside analogue that interferes with the replication of herpes viruses used to treat shingles, chickenpox, and genital herpes.","Side effects of Zovirax include: nausea, vomiting, diarrhea, loss of appetite, stomach pain, headache, lightheadedness, swelling in your hands and feet, and feeling unwell (malaise).",https://www.rxlist.com/zovirax-drug.htm
Acyclovir (Zovirax Suspension),acyclovir,"Antivirals, Other","The dose of Zovirax to treat acute herpes zoster is 800 mg every 4 hours orally, 5 times daily for 7 to 10 days. The dose of Zovirax to treat initial genital herpes is 200 mg every 4 hours, 5 times da","Zovirax (acyclovir suspension) is a nucleoside analogue used to treat herpes zoster (shingles), to treat initial episodes and manage recurrent episodes of genital herpes, and to treat chickenpox (varicella).","Side effects of Zovirax include: nausea, vomiting, diarrhea, headache, and feeing unwell (malaise)",https://www.rxlist.com/zovirax-suspension-drug.htm
Acyclovir and Hydrocortisone Cream (Xerese),acyclovir and hydrocortisone cream,"Antivirals, Topical, Corticosteroids, Topical, Topical Antimicrobials",Topically apply Xerese 5 times per day for 5 days. Apply a dose sufficient to cover the affected area.,Xerese (acyclovir and hydrocortisone) Cream 5%/1% for Topical Use is a combination antiviral medication and anti-inflammatory corticosteroid used to treat recurrent herpes labialis (cold sores) to reduce the likelihood of ulcerative cold sores and to shorten the lesion healing time.,"Xerese may cause serious side effects including: hives, difficulty breathing, swelling of your face, lips, tongue, or throat, and burning, stinging, or irritation of treated skin Get medical help right away, if you have any of the symptoms listed above. Common side effects of Xerese include: drying or flaking of the skin, burning or tingling following application, skin redness, changes in skin color, inflammation at the application site, and bitter taste in your mouth after applying the medicine Seek medical care or call 911 at once if you have the following serious side effects:",https://www.rxlist.com/xerese-drug.htm
Acyclovir Buccal Tablets (Sitavig),acyclovir buccal tablets,"Antivirals, Topical",one 50 mg buccal tablet that is applied to the upper gum region inside the mouth,Sitavig (acyclovir) is an antiviral medication prescribed to treat recurrent cold sores.,"Sitavig may cause serious side effects including: hives, difficulty breathing, swelling of your face, lips, tongue, or throat, easy bruising or bleeding, purple or red pinpoint spots under your skin, changes in behavior, confusion, hallucinations, little or no urination, painful or difficult urination, swelling in your feet or ankles, tiredness, and shortness of breath Get medical help right away, if you have any of the symptoms listed above. Common side effects of Sitavig include: headache pain or irritation at the site of application dizziness tiredness mouth or gum pain mouth sores skin rash or redness Seek medical care or call 911 at once if you have the following serious side effects:",https://www.rxlist.com/sitavig-drug.htm
"Acyclovir Cream, 5% (Zovirax Cream)","acyclovir cream, 5%","Antivirals, HSV, Antivirals, Other","Zovirax Cream should be applied five times per day for four days. Therapy should be initiated as early as possible following the onset of signs or symptoms of herpes labialis i.e., during the prodrome","Zovirax (acyclovir) Cream, 5% is a herpes simplex virus (HSV) nucleoside analogue DNA polymerase inhibitor used to treat recurrent herpes labialis (cold sores) in immunocompetent adults and adolescents 12 years of age and older.","Common side effects of Zovirax Cream include: application site reactions such as dry lips, skin sloughing, skin dryness, cracked lips, burning skin, itching, flakiness of skin, contact dermatitis, skin swelling, and temporary burning or stinging on skin where the medication is applied. Seek medical care or call 911 at once if you have the following serious side effects: Serious eye symptoms such as sudden vision loss, blurred vision, tunnel vision, eye pain or swelling, or seeing halos around lights; Serious heart symptoms such as fast, irregular, or pounding heartbeats; fluttering in your chest; shortness of breath; and sudden dizziness, lightheartedness, or passing out; Severe headache, confusion, slurred speech, arm or leg weakness, trouble walking, loss of coordination, feeling unsteady, very stiff muscles, high fever, profuse sweating, or tremors. This document does not contain all possible side effects and others may occur. Check with your physician for additional information about side effects.",https://www.rxlist.com/zovirax-cream-drug.htm
Acyclovir for Injection (Zovirax Injection),acyclovir for injection,"Antivirals, Other",Zovirax is given as an IV injection as directed by your doctor. It is usually given for at least once every 8 hours for 5 to 10 days.,Zovirax (acyclovir sodium) for Injection is an antiviral that is used for treating infections caused by the herpes virus.,"Common side effects of Zovirax Injection include nausea, vomiting, diarrhea, loss of appetite, headache, muscle pain, numbness or tingling, loss of coordination, drowsiness, lightheadedness, or swelling in your hands or feet.",https://www.rxlist.com/zovirax-injection-drug.htm
Acyclovir Ointment (Zovirax Ointment),acyclovir ointment,"Antivirals, Topical",,"ZOVIRAX is the brand name for acyclovir, a synthetic nucleoside analogue active against herpes viruses. ZOVIRAX Ointment 5% is a formulation for topical administration. Each gram of ZOVIRAX Ointment 5% contains 50 mg of acyclovir in a polyethylene glycol (PEG) base.",,https://www.rxlist.com/zovirax-ointment-drug.htm
Acyclovir Ophthalmic Ointment (Avaclyr),acyclovir ophthalmic ointment,"Antivirals, Ophthalmic",The dose of Avaclyr is a 1 cm ribbon applied in the lower cul-de-sac of the affected eye 5 times per day until healed then 3 times per day for 7 days.,Avaclyr (acyclovir ophthalmic ointment) is a herpes simplex virus nucleoside analog DNA polymerase inhibitor indicated in the treatment of acute herpetic keratitis (dendritic ulcers) in patients with herpes simplex (HSV-1 and HSV-2) virus.,"Avaclyr may cause serious side effects including: hives, difficulty breathing, and swelling of your face, lips, tongue, or throat Get medical help right away, if you have any of the symptoms listed above. Common side effects of Avaclyr include: eye pain (stinging), inflammation of the cornea (punctate keratitis), and eye infection (follicular conjunctivitis). Seek medical care or call 911 at once if you have the following serious side effects:",https://www.rxlist.com/avaclyr-drug.htm
Aczone Gel (Dapsone),dapsone,"Acne Agents, Topical","For topical use only. Not for oral, ophthalmic, or intravaginal use. After the skin is gently washed and patted dry, apply approximately a pea-sized amount of Aczone Gel 5%, in a thin layer to the acn","Aczone (dapsone) Gel, 5% is a sulfone drug indicated for the topical treatment of acne vulgaris. Aczone Gel 5% is available in generic form.","Aczone Gel may cause serious side effects including: blue or gray appearance of your lips, fingernails, or inside of your mouth, severe sore throat, unusual thoughts or behavior, back pain, pale or yellowed skin, dark colored urine, fever, confusion, weakness, severe pain in your upper stomach spreading to your back, nausea, vomiting, fast heart rate, swelling in your face or tongue, burning in your eyes, and skin pain followed by red or purple skin rash that spreads (especially in the face or upper body) and causes blistering and peeling Get medical help right away, if you have any of the symptoms listed above. Common side effects of Aczone Gel, topical include: skin dryness, redness, oiliness, and peeling. Seek medical care or call 911 at once if you have the following serious side effects:",https://www.rxlist.com/aczone-gel-drug.htm
"Adacel (Tetanus Toxoid, Reduced Diphtheria Toxoid and Acellular Pertussis Vaccine Adsorbed)","tetanus toxoid, reduced diphtheria toxoid and acellular pertussis vaccine adsorbed","Vaccines, Combos","Adacel vaccine should be administered as a single injection of one dose (0.5 mL) given intramuscularly (under the skin). Before receiving this vaccine, tell the doctor about all vaccines you have rece","Adacel (tetanus toxoid, reduced diphtheria toxoid and acellular pertussis vaccine adsorbed) is a ""booster"" vaccine given to maintain protection (immunity) against diphtheria, tetanus (lockjaw), and pertussis (whooping cough) in children and adults aged 11 to 64 years who have been vaccinated for these diseases in the past.","Common side effects of Adacel include: headache, tiredness, body aches, nausea, diarrhea, fever, chills, vomiting, injection site reactions (pain, swelling, redness, tenderness), or sore/swollen joints or joint pain. Infrequently, temporary symptoms such as fainting, dizziness, lightheadedness, vision changes, numbness or tingling, or seizure-like movements have happened after vaccine injections such as Adacel. Tell your doctor if you have any of these symptoms soon after receiving an injection of Adacel. Seek medical care or call 911 at once if you have the following serious side effects: Serious eye symptoms such as sudden vision loss, blurred vision, tunnel vision, eye pain or swelling, or seeing halos around lights; Serious heart symptoms such as fast, irregular, or pounding heartbeats; fluttering in your chest; shortness of breath; and sudden dizziness, lightheartedness, or passing out; Severe headache, confusion, slurred speech, arm or leg weakness, trouble walking, loss of coordination, feeling unsteady, very stiff muscles, high fever, profuse sweating, or tremors. This document does not contain all possible side effects and others may occur. Check with your physician for additional information about side effects.",https://www.rxlist.com/adacel-drug.htm
Adagen (Pegademase Bovine),pegademase bovine,"Enzymes, Metabolic","The dosage of Adagen Injection is individualized. The recommended dosing schedule is 10 U/kg for the first dose, 15 U/kg for the second dose, and 20 U/kg for the third dose. The usual maintenance dose",Adagen (pegademase bovine) Injection is an enzyme called adenosine deaminase (ADA) used for enzyme replacement therapy for the treatment of severe combined immunodeficiency disease (SCID) associated with a deficiency of adenosine deaminase.,"Adagen may cause serious side effects including: hives, difficulty breathing, swelling of your face, lips, tongue, or throat, dizziness, easy bruising, unusual bleeding (nose, mouth, vagina, or rectum), purple or red pinpoint spots under your skin, pale or yellowed skin, dark colored urine, fever, confusion or weakness, chills, sore throat, mouth sores, flu symptoms, and skin sores or swelling Get medical help right away, if you have any of the symptoms listed above. Common side effects of Adagen include: headache injection site reactions (swelling, redness, pain, or hives). Seek medical care or call 911 at once if you have the following serious side effects:",https://www.rxlist.com/adagen-drug.htm
Adagrasib Tablets (Krazati),adagrasib tablets,Enzyme Inhibitors,The recommended dosage of Krazati is 600 mg orally twice daily until disease progression or unacceptable toxicity.,"Krazati (adagrasib) is an inhibitor of the RAS GTPase family indicated for the treatment of adult patients with KRAS G12C-mutated locally advanced or metastatic non-small cell lung cancer (NSCLC), as determined by an FDA approved test, who have received at least one prior systemic therapy.","Krazati may cause serious side effects including: hives, difficulty breathing, swelling of your face, lips, tongue, or throat, nausea, vomiting, diarrhea, fainting, seizures, abnormal heart rhythm, heart palpitations, shortness of breath, weakness, fast, fluttering, or pounding heart rate, rash, abdominal pain, dark colored urine, light-colored stools, yellowing of the eyes and skin (jaundice), loss of appetite, fever, cough, weight loss, black or tarry stool, bright red blood in your vomit, blood mixed with stool, tiredness, dizziness, constipation, abdominal cramping, swelling of the abdomen, inability to have a bowel movement or pass gas, and watery diarrhea Get medical help right away, if you have any of the symptoms listed above. Side effects of Krazati include: nausea, diarrhea, vomiting, fatigue, musculoskeletal pain, liver toxicity, kidney problems, fluid retention (edema), shortness of breath, decreased appetite, decreased white blood cells (lymphocytes, leukocytes, neutrophils), decreased hemoglobin, increased alanine aminotransferase, increased aspartate aminotransferase, low blood potassium (hypokalemia), low blood sodium (hyponatremia), increased lipase, and increased alkaline phosphatase. Seek medical care or call 911 at once if you have the following serious side effects:",https://www.rxlist.com/krazati-drug.htm
Adakveo (Crizanlizumab-tmca Injection),crizanlizumab-tmca injection,P-Selectin Inhibitor,"The dose of Adakveo is 5 mg/kg administered by intravenous infusion over a period of 30 minutes on Week 0, Week 2, and every 4 weeks thereafter.",Adakveo (crizanlizumab-tmca) is a selectin blocker used to reduce the frequency of vasoocclusive crises in adults and pediatric patients aged 16 years and older with sickle cell disease.,"Common side effects of Adakveo include: nausea, joint pain, back pain, and fever Seek medical care or call 911 at once if you have the following serious side effects: Serious eye symptoms such as sudden vision loss, blurred vision, tunnel vision, eye pain or swelling, or seeing halos around lights; Serious heart symptoms such as fast, irregular, or pounding heartbeats; fluttering in your chest; shortness of breath; and sudden dizziness, lightheartedness, or passing out; Severe headache, confusion, slurred speech, arm or leg weakness, trouble walking, loss of coordination, feeling unsteady, very stiff muscles, high fever, profuse sweating, or tremors. This document does not contain all possible side effects and others may occur. Check with your physician for additional information about side effects.",https://www.rxlist.com/adakveo-drug.htm
Adalat CC (Nifedipine),nifedipine,"Calcium Channel Blockers, Dihydropyridine, , Channel Blockers",Adalat is taken orally in tablet form. The usual maintenance dose of Adalat is 30 mg to 60 mg once daily.,"Adalat (nifedipine) is a calcium channel blocker drug that relaxes (widens) blood vessels (veins and arteries), which makes it easier for the heart to pump and reduces its workload and is used to lower high blood pressure (hypertension) and to treat chest pain (angina).","Adalat may cause serious side effects including: hives, difficulty breathing, swelling in your face or throat, fever, sore throat, burning eyes, skin pain, red or purple skin rash with blistering and peeling, worsening chest pain, pounding heartbeats, fluttering in your chest, lightheadedness, swelling in your hands or lower legs, upper stomach pain, and yellowing of the skin or eyes (jaundice) Get medical help right away, if you have any of the symptoms listed above. Side effects of Adalat include: headache, dizziness, fatigue, tiredness, drowsiness, flushing (warmth, redness, or tingly feeling under your skin), sleep problems (insomnia), vivid or abnormal dreams, nausea, stomach pain, diarrhea, constipation, rash or itching, joint pain, leg/muscle cramps, increased urination, or sexual problems. Tell your doctor if you have unlikely but serious side effects of Adalat including:",https://www.rxlist.com/adalat-drug.htm
Adalat XL (Nifedipine Extended-release Tablets),nifedipine extended-release tablets,"Calcium Channel Blockers, Dihydropyridine","In patients with mild impaired liver function, careful monitoring should be performed and a dose reduction may be necessary. As there is no ADALAT XL formulation (< 20 mg/dose) to up-titrate patients","Adalat XL (nifedipine extended-release tablets) is an antianginal/antihypertensive agent indicated in the management of chronic stable angina (effort-associated angina) without evidence of vasospasm in patients who remain symptomatic despite adequate doses of beta blockers and/or nitrates, or who cannot tolerate these agents; and for use in the management of mild to moderate essential hypertension, normally for use in those patients in whom treatment with diuretics or beta-blockers has been ineffective, or has been associated with unacceptable adverse effects.",,https://www.rxlist.com/adalat-xl-drug.htm
Adalimumab Injection Solution for Subcutaneous Administration (Humira),adalimumab injection solution for subcutaneous administration,"Antipsoriatics, Systemic, DMARDs, TNF Inhibitors, Inflammatory Bowel Disease Agents, Monoclonal Antibodies","The recommended dose of Humira for adult patients with rheumatoid arthritis (RA), psoriatic arthritis (PsA), or ankylosing spondylitis (AS) is 40 mg administered every other week. Pediatric dosage is","Humira (adalimumab) is an injectable protein (antibody) used to treat rheumatoid arthritis, juvenile idiopathic arthritis, psoriatic arthritis, ankylosing spondylitis, and plaque psoriasis. Humira is also used to treat Crohn's disease after other drugs have been tried without successful treatment of symptoms.","Common side effects of Humira include injection site reactions (redness, itching, pain, bruising, swelling, or bleeding), headache, suffy nose, sinus pain, or stomach pain. Tell your doctor if you have serious side effects of Humira including: fast/irregular/pounding heartbeat, stomach pain, blood in the stools, mental/mood changes, severe headache, easy bruising or bleeding, dark urine, yellowing eyes and skin, leg pain or swelling, numbness or tingling of the arms/hands/legs/feet, unsteadiness, unexplained muscle weakness, difficulty with speaking/chewing/swallowing/facial movements, vision changes, extreme fatigue, joint pain, or butterfly-shaped rash on the nose and cheeks.",https://www.rxlist.com/humira-drug.htm
Adalimumab-aacf Injection (Idacio),adalimumab-aacf injection,"DMARDs, TNF Inhibitors","The adult dose of Idacio to treat rheumatoid arthritis, psoriatic arthritis, and ankylosing spondylitis is 40 mg every other week. The dose of Idacio to treat juvenile idiopathic arthritis in pediatri","Idacio (adalimumab-aacf) is a tumor necrosis factor (TNF) blocker indicated for reducing signs and symptoms of rheumatoid arthritis (RA), inducing major clinical response, inhibiting the progression of structural damage, and improving physical function in adult patients with moderately to severely active RA; reducing signs and symptoms of moderately to severely active polyarticular juvenile idiopathic arthritis (JIA) in patients 2 years of age and older; reducing signs and symptoms of psoriatic arthritis (PsA), inhibiting the progression of structural damage, and improving physical function in adult patients with active PsA; reducing signs and symptoms of ankylosing spondylitis (AS) in adult patients with active AS; treatment of moderately to severely active Crohn’s disease (CD) in adults and pediatric patients 6 years of age and older; treatment of moderately to severely active ulcerative colitis (UC) in adult patients; and for treatment of adult patients with moderate to severe chronic plaque psoriasis (Ps) who are candidates for systemic therapy or phototherapy, and when other systemic therapies are medically less appropriate. Idacio is biosimilar to Humira (adalimumab).","Idacio may cause serious side effects including: hives, difficulty breathing, swelling of your face, lips, tongue, or throat, fever, swollen glands, night sweats, feeling unwell, joint and muscle pain, skin rash, easy bruising, unusual bleeding, pale skin, lightheadedness, shortness of breath, cold hands and feet, pain in your upper stomach that may spread to your shoulder, loss of appetite, feeling full after eating only a small amount, weight loss, new or worsening psoriasis (raised, silvery flaking of the skin), sore or pump on your skin that does not heal, confusion, chills, severe drowsiness, fast heartbeats, rapid breathing, body aches, tiredness, stomach pain, right-sided upper stomach pain, vomiting, dark urine, clay-colored stools, yellowing of the skin or eyes (jaundice), joint pain or swelling, chest pain, patchy skin color that worsens in sunlight, numbness or tingling, dizziness, vision problems, weakness in your arms or legs, and fever with ongoing cough Get medical help right away, if you have any of the symptoms listed above. Side effects of Idacio include: infections (e.g., upper respiratory, sinusitis), injection site reactions (redness, itching, bleeding, pain, swelling), headache, rash, nausea, and abdominal pain. Seek medical care or call 911 at once if you have the following serious side effects:",https://www.rxlist.com/idacio-drug.htm
Adalimumab-aaty Injection (Yuflyma),adalimumab-aaty injection,"DMARDs, TNF Inhibitors","The adult dose of Yuflyma to treat rheumatoid arthritis, psoriatic arthritis, and ankylosing spondylitis is 40 mg every other week. The recommended dosage of Yuflyma to treat treat juvenile idiopathic","Yuflyma (adalimumab-aaty) is a tumor necrosis factor (TNF) blocker indicated for: reducing signs and symptoms, inducing major clinical response, inhibiting the progression of structural damage, and improving physical function in adult patients with moderately to severely active rheumatoid arthritis (RA); reducing signs and symptoms of moderately to severely active polyarticular juvenile idiopathic arthritis (JIA) in patients 2 years of age and older; reducing signs and symptoms, inhibiting the progression of structural damage, and improving physical function in adult patients with active psoriatic arthritis (PsA); reducing signs and symptoms in adult patients with active ankylosing spondylitis (AS); treatment of moderately to severely active Crohn’s disease(CD) in adults and pediatric patients 6 years of age and older; treatment of moderately to severely active ulcerative colitis (UC) in adult patients; treatment of adult patients with moderate to severe chronic plaque psoriasis (Ps) who are candidates for systemic therapy or phototherapy, and when other systemic therapies are medically less appropriate; and treatment of moderate to severe hidradenitis suppurativa (HS) in adult patients. Yuflyma is biosimilar to Humira (adalimumab).","Side effects of Yuflyma include: infections (e.g., upper respiratory, sinusitis, flu-like symptoms), injection site reactions, headache, rash, nausea, abdominal pain, accidental injury, back pain, urinary tract infection (UTI), and high blood pressure (hypertension). Seek medical care or call 911 at once if you have the following serious side effects: Serious eye symptoms such as sudden vision loss, blurred vision,tunnel vision,eye painor swelling, or seeing halos around lights; Serious heart symptoms such as fast, irregular, or pounding heartbeats; fluttering in your chest; shortness of breath; and sudden dizziness, lightheadedness, or passing out; Severe headache,confusion, slurred speech, arm or leg weakness, trouble walking, loss of coordination, feeling unsteady, very stiff muscles, high fever, profuse sweating, or tremors. This document does not contain all possible side effects and others may occur. Check with your physician for additional information about side effects.",https://www.rxlist.com/yuflyma-drug.htm
"Adalimumab-ADBM Injection, for Subcutaneous Use (Cyltezo)","adalimumab-adbm injection, for subcutaneous use","DMARDs, TNF Inhibitors, Antipsoriatics, Systemic, Inflammatory Bowel Disease Agents","The dosage of Cyltezo for rheumatoid arthritis, psoriatic arthritis, and ankylosing spondylitis is 40 mg every other week. The dosage of Cyltezo for juvenile idiopathic arthritis in children up to 30","Cyltezo (adalimumab-adbm injection) is a tumor necrosis factor (TNF) blocker indicated for treatment of: rheumatoid arthritis (RA), juvenile idiopathic arthritis (JIA), psoriatic arthritis (PsA), ankylosing spondylitis (AS), adult Crohn's disease (CD), ulcerative colitis (UC), and plaque psoriasis (Ps). Common side effects of Cyltezo include:",,https://www.rxlist.com/cyltezo-drug.htm
Adalimumab-aqvh Injection (Yusimry),adalimumab-aqvh injection,"DMARDs, TNF Inhibitors","The adult dosage of Yusimry for rheumatoid arthritis, psoriatic arthritis, ankylosing spondylitis is 40 mg every other week. Some patients with rheumatoid arthritis not receiving methotrexate may bene","Yusimry (adalimumab-aqvh) is a tumor necrosis factor (TNF) blocker used for reducing signs and symptoms, inducing major clinical response, inhibiting the progression of structural damage, and improving physical function in adult patients with moderately to severely active rheumatoid arthritis; reducing signs and symptoms of moderately to severely active polyarticular juvenile idiopathic arthritis in patients 2 years of age and older; reducing signs and symptoms, inhibiting the progression of structural damage, and improving physical function in adult patients with active psoriatic arthritis; reducing signs and symptoms in adult patients with active ankylosing spondylitis; treatment of moderately to severely active Crohn’s disease in adults and pediatric patients 6 years of age and older; treatment of moderately to severely active ulcerative colitis in adult patients; and treatment of adult patients with moderate to severe chronic plaque psoriasis who are candidates for systemic therapy or phototherapy, and when other systemic therapies are medically less appropriate. Yusimry is biosimilar to Humira (adalimumab).","Yusimry may cause serious side effects including: hives, difficulty breathing, swelling of your face, lips, tongue, or throat, fever, swollen glands, night sweats, general feeling of illness, joint and muscle pain, skin rash, easy bruising, unusual bleeding, pale skin, lightheadedness, shortness of breath, cold hands and feet, pain in your upper stomach that may spread to your shoulder, loss of appetite, feeling full after eating only a small amount, weight loss, new or worsening psoriasis (raised, silvery flaking of the skin), sore or bump on your skin that does not heal, confusion, chills, severe drowsiness, fast heartbeats, rapid breathing, feeling very ill, body aches, tiredness, stomach pain, right-sided upper stomach pain, vomiting, loss of appetite, dark urine, clay-colored stools, yellowing of the eyes or skin (jaundice), joint pain or swelling, chest pain, shortness of breath, patchy skin color that worsens in sunlight, numbness, tingling, vision problems, severe dizziness weakness in your arms or legs, and fever with ongoing cough Get medical help right away, if you have any of the symptoms listed above. Side effects of Yusimry include: infections (e.g., upper respiratory, sinusitis, urinary tract), injection site reactions, headache, rash, nausea, abdominal pain, back pain, and high blood pressure (hypertension). Seek medical care or call 911 at once if you have the following serious side effects:",https://www.rxlist.com/yusimry-drug.htm
adalimumab-atto (Amjevita),adalimumab-atto,"Antipsoriatics, Systemic, DMARDs, TNF Inhibitors, Inflammatory Bowel Disease Agents, Monoclonal Antibodies",The dose of Amjevita depends on the condition being treated.,"Amjevita (adalimumab-atto) injection is a tumor necrosis factor (TNF) blocker indicated for treatment of rheumatoid arthritis (RA), juvenile idiopathic arthritis (JIA), psoriatic arthritis (PsA), ankylosing spondylitis (AS), adult Crohn's disease (CD), ulcerative colitis (UC), and plaque psoriasis (Ps).","Amjevita may cause serious side effects including: hives, difficulty breathing, swelling of your face, lips, tongue, or throat, fever, swollen glands, night sweats, general feeling of illness, joint and muscle pain, skin rash, easy bruising, unusual bleeding, pale skin, lightheadedness, shortness of breath, cold hands and feet, pain in your upper stomach that may spread to your shoulder, loss of appetite, feeling full after eating only a small amount, weight loss, new or worsening psoriasis (raised, silvery flaking of the skin), sore or bump on your skin that does not heal, body aches, tiredness, stomach pain, right-sided upper stomach pain, vomiting, loss of appetite, dark urine, clay-colored stools, yellowing of the skin or eyes (jaundice), joint pain or swelling, chest pain, patchy skin color that worsens in sunlight, numbness, tingling, dizziness, vision problems, weakness in your arms or legs, and fever with ongoing cough Get medical help right away, if you have any of the symptoms listed above. Common side effects of Amjevita include: infections (e.g. upper respiratory, sinusitis, urinary tract infection), injection site reactions, headache, rash, nausea, abdominal pain, or back pain. Get medical help right away, if you have any of the symptoms listed above.",https://www.rxlist.com/amjevita-drug.htm
Adalimumab-bwwd Injection (Hadlima),adalimumab-bwwd injection,"DMARDs, TNF Inhibitors, Antipsoriatics, Systemic, Inflammatory Bowel Disease Agents","The recommended dose of Hadlima for adult patients with rheumatoid arthritis (RA), psoriatic arthritis (PsA), or ankylosing spondylitis (AS) is 40 mg every other week. Pediatric dosage is determined b","Hadlima (adalimumab-bwwd) is a tumor necrosis factor (TNF) blocker indicated for treatment of rheumatoid Arthritis (RA), juvenile idiopathic arthritis (JIA), psoriatic arthritis (PsA), ankylosing spondylitis (AS), adult Crohn's disease (CD), ulcerative colitis (UC), and plaque psoriasis (Ps). Hadlima is biosimilar to Humira (adalimumab).","Hadlima may cause serious side effects including: hives, difficulty breathing, swelling of your face, lips, tongue, or throat, dizziness, abdominal pain, arm or leg weakness or pain, chest pain or pressure, cough, double vision, fever, flu-like symptoms, hair loss, joint pain, night sweats, numbness, paleness, unusually tiredness, weakness, shortness of breath, nosebleeds, unusual bruising, blood in your urine, coughing up blood, bleeding gums, any bleeding that will not stop, fast or irregular heartbeat, sudden weight gain, headache, stiff neck, weight loss, listlessness, nausea, vomiting, diarrhea, weight loss, yellowing of the skin or eyes (jaundice), dark urine, clay-colored stools, pain or burning sensation when urinating, frequent urination, changes in the color of your skin, mouth sores, any sore that will not heal, chills, fatigue, tingling sensation, and difficulty swallowing Get medical help right away, if you have any of the symptoms listed above. Common side effects of Hadlima include: infections (e.g. upper respiratory tract, sinusitis), injection site reactions (redness, itching, bleeding, pain, and swelling), headache, and rash Hadlima may cause serious side effects including:",https://www.rxlist.com/hadlima-drug.htm
Adalimumab-fkjp njection (Hulio),adalimumab-fkjp njection,"DMARDs, TNF Inhibitors, Monoclonal Antibodies, Antipsoriatics, Systemic, Inflammatory Bowel Disease Agents","The dose of Hulio to treat rheumatoid arthritis, psoriatic arthritis, and ankylosing spondylitis is 40 mg every other week. The dose of Hulio to treat juvenile idiopathic arthritis is 20 mg every othe","Hulio (adalimumab-fkjp) is a tumor necrosis factor (TNF) blocker used to treat rheumatoid arthritis, juvenile idiopathic arthritis, psoriatic arthritis, ankylosing spondylitis, adult Crohn's disease, ulcerative colitis, and plaque psoriasis.","Hulio may cause serious side effects including: hives, difficulty breathing, swelling of your face, lips, tongue, or throat, fever, cough, weight loss, muscle aches, dark urine, chills, vomiting, rash, easy bruising, unusual bleeding, pale skin, shortness of breath, swelling in the legs, ankles, or feet, irregular heartbeat, tiredness, sudden weight gain, vomiting, yellowing of skin or eyes (jaundice), and stomach pain Get medical help right away, if you have any of the symptoms listed above. Side effects of Hulio include: infections (e.g. upper respiratory, sinusitis), injection site reactions (redness, itching, bleeding, pain, or swelling), headache, rash, accidental injury, nausea, urinary tract infection (UTI), abdominal pain, flu syndrome, back pain, and high blood pressure (hypertension) Seek medical care or call 911 at once if you have the following serious side effects:",https://www.rxlist.com/hulio-drug.htm
"Adalimumab-ryvk Injection, for Subcutaneous Use (Simlandi)","adalimumab-ryvk injection, for subcutaneous use","Antipsoriatics, Systemic, DMARDs, TNF Inhibitors, Monoclonal Antibodies, Inflammatory Bowel Disease Agents","The adult dose of Simlandi to treat rheumatoid arthritis, psoriatic arthritis, and ankylosing spondylitis is 40 mg every other week. The dose of Simlandi to treat juvenile idiopathic arthritis in pedi","Simlandi (adalimumab-ryvk) is a tumor necrosis factor (TNF) blocker indicated for reducing signs and symptoms, inducing major clinical response, inhibiting the progression of structural damage, and improving physical function in adult patients with moderately to severely active rheumatoid arthritis (RA); reducing signs and symptoms of moderately to severely active polyarticular juvenile idiopathic arthritis (JIA) in patients 2 years of age and older; reducing signs and symptoms, inhibiting the progression of structural damage, and improving physical function in adult patients with active psoriatic arthritis (PsA); reducing signs and symptoms in adult patients with active ankylosing spondylitis (AS); treatment of moderately to severely active Crohn’s disease (CD) in adults and pediatric patients 6 years of age and older; treatment of moderately to severely active ulcerative colitis (UC) in adult patients; treatment of adult patients with moderate to severe chronic plaque psoriasis (Ps) who are candidates for systemic therapy or phototherapy, and when other systemic therapies are medically less appropriate; treatment of moderate to severe hidradenitis suppurativa (HS) in adult patients; and treatment of non-infectious intermediate, posterior, and panuveitis in adult patients. Simlandi is biosimilar to Humira (adalimumab).","Side effects of Simlandi include: infections (e.g., upper respiratory, sinusitis, urinary tract infection), injection site reactions (redness, itching, bleeding, pain, or swelling), headache, rash, nausea, and abdominal pain. Seek medical care or call 911 at once if you have the following serious side effects: Serious eye symptoms such as sudden vision loss, blurred vision,tunnel vision,eye painor swelling, or seeing halos around lights; Serious heart symptoms such as fast, irregular, or pounding heartbeats; fluttering in your chest; shortness of breath; and sudden dizziness, lightheadedness, or passing out; Severe headache,confusion, slurred speech, arm or leg weakness, trouble walking, loss of coordination, feeling unsteady, very stiff muscles, high fever, profuse sweating, or tremors. This document does not contain all possible side effects and others may occur. Check with your physician for additional information about side effects.",https://www.rxlist.com/simlandi-drug.htm
"Adalimumab-xxxx Injection, for Subcutaneous Use (Imraldi)","adalimumab-xxxx injection, for subcutaneous use",,"The dose of Imraldi for rheumatoid arthritis, psoriatic arthritis, and ankylosing spondylitis is 40 mg every other week. The dose of Imraldi for juvenile idiopathic arthritis for patients 30 kg (66 lb","Imraldi (adalimumab injection, solution) is a tumor necrosis factor (TNF) blocker used to treat rheumatoid arthritis, juvenile idiopathic arthritis, psoriatic arthritis, ankylosing spondylitis, adult Crohn's disease, ulcerative colitis, and plaque psoriasis.","Side effects of Imraldi include: infections (e.g. upper respiratory, sinusitis), injection site reactions, headache, and rash",https://www.rxlist.com/imraldi-drug.htm
"ADAMTS13, Recombinant-krhn for Injection (Adzynma)","adamts13, recombinant-krhn for injection","Hematologics, Kinase Inhibitors",The dose of Adzynma as prophylactic therapy is 40 IU/kg body weight administered once every other week intravenously at a rate of 2 to 4 mL per minute. The dose of Adzynma as on-demand therapy is 2 to,"Adzynma (ADAMTS13, recombinant-krhn) is a human recombinant “A disintegrin and metalloproteinase with thrombospondin motifs 13” (rADAMTS13) indicated for prophylactic or on demand enzyme replacement therapy (ERT) in adult and pediatric patients with congenital thrombotic thrombocytopenic purpura (cTTP).","Side effects of Adzynma include: headache, diarrhea, migraine, abdominal pain, nausea, upper respiratory tract infection, dizziness, and vomiting. Seek medical care or call 911 at once if you have the following serious side effects: Serious eye symptoms such as sudden vision loss, blurred vision,tunnel vision,eye painor swelling, or seeing halos around lights; Serious heart symptoms such as fast, irregular, or pounding heartbeats; fluttering in your chest; shortness of breath; and sudden dizziness, lightheadedness, or passing out; Severe headache,confusion, slurred speech, arm or leg weakness, trouble walking, loss of coordination, feeling unsteady, very stiff muscles, high fever, profuse sweating, or tremors. This document does not contain all possible side effects and others may occur. Check with your physician for additional information about side effects.",https://www.rxlist.com/adzynma-drug.htm
Adapalene (Differin Gel .3%),adapalene,"Acne Agents, Topical","Differin Gel 0.3% should be applied in a thin film to the entire face and any other affected areas of the skin once daily in the evening, after washing gently with a non-medicated soap.",Differin (adapalene) Gel 0.3% is a topical (applied to the skin) medication similar to vitamin A used to treat severe acne in people who are at least 12 years old. Differin Gel 0.3% is available in generic form.,"Common side effects of Differin Gel 0.3% include: a brief sensation of warmth or stinging immediately after applying the medication. Skin redness, dryness, itching, scaling, mild burning, or worsening of acne may occur during the first 2-4 weeks of using Differin Gel 0.3%. These side effects usually decrease with continued use Differin Gel 0.3%. Tell your doctor if you have unlikely but serious side effects of Differin Gel 0.3% including: very red or irritated skin, an intense burning sensation, eye redness and watering (conjunctivitis), eyelid swelling, or skin discoloration. Serious side effects of Differin Gel .3 may include: skin redness, stinging or burning, and peeling after sun exposure",https://www.rxlist.com/differin-gel-3-drug.htm
Adapalene and Benzoyl Peroxide Gel (Epiduo Gel),adapalene and benzoyl peroxide gel,"Retinoid-like Agents, Topical, Topical Skin Products, Acne Agents, Topical Combos","Epiduo is for topical (for the skin) use only. Apply a thin film of Epiduo gel to affected areas once daily after washing. Use a pea-sized dose amount for each area of the face (e.g., forehead, chin,",Epiduo (adapalene and benzoyl peroxide) Gel is a combination of a medication similar to vitamin A and an antibacterial medication that also has a mild drying effect used to treat acne in people who are at least 12 years old.,"Common side effects of Epiduo Gel include: skin redness, dryness, peeling, mild burning, stinging, scaling, swelling, itching, or worsening of acne during the first 4 weeks of using this product. These side effects usually decrease with continued use of Epiduo Gel. A very serious allergic reaction to Epiduo is rare. Seek immediate medical attention if you have serious symptoms, including: rash, itching or swelling (especially of the face/tongue/throat), severe dizziness, or trouble breathing. Epiduo may cause serious side effects including: hives, itching, difficulty breathing, lightheadedness, swelling of your face, lips, tongue or throat, sever redness or swelling of treated skin, severe burning or stinging, severe dryness, and other skin irritation",https://www.rxlist.com/epiduo-drug.htm
Adapalene and Benzoyl Peroxide Gel 0.3%/2.5% (Epiduo Forte),adapalene and benzoyl peroxide gel 0.3%/2.5%,"Acne Agents, Topical Combos, Topical Skin Products","Apply a thin layer of Epiduo Forte gel to affected areas of the face and/or trunk once daily after washing. Use a pea-sized dose amount for each area of the face (e.g., forehead, chin, each cheek).",Epiduo Forte (adapalene and benzoyl peroxide) Gel is a combination of a synthetic retinoid and an antibacterial and keratolytic agent indicated for the topical treatment of acne vulgaris.,"Common side effects of Epiduo Forte include: skin irritation, eczema, skin burning sensation, redness, scaling, and dryness Epiduo Forte may cause serious side effects including: hives, difficulty breathing, swelling of your face, lips, tongue, or throat, and severe dizziness Get medical help right away, if you have any of the symptoms listed above. Seek medical care or call 911 at once if you have the following serious side effects:",https://www.rxlist.com/epiduo-forte-drug.htm
Adapalene Cream (Differin Cream),adapalene cream,"Acne Agents, Topical","Differin Cream should be applied to affected areas of the skin, once daily at nighttime. A thin film dose of the cream should be applied to the skin areas where acne lesions appear, using enough to co","Differin (adapalene) Cream, 0.1% is a retinoid indicated for the topical treatment of acne vulgaris.","Differin Cream may cause serious side effects including: hives, difficulty breathing, swelling of your face, lips, tongue, or throat, severe dizziness, very red or irritated skin, intense burning sensation, eye redness, watering of the eye, eyelid swelling, and skin discoloration Get medical help right away, if you have any of the symptoms listed above. Common side effects of Differin Cream include: skin redness scaling dryness itching burning stinging, or irritation Get medical help right away, if you have any of the symptoms listed above.",https://www.rxlist.com/differin-cream-drug.htm
Adapalene Gel (Differin Gel .1%),adapalene gel,"Acne Agents, Topical","Differin Gel should be applied in a once a day dose to affected areas after washing in the evening before retiring. A thin film of the gel should be applied, avoiding eyes, lips, and mucous membranes.","Differin (adapalene) Gel, 0.1% is a retinoid used to treat acne. Differin Gel is available in generic form. Common side effects of Differin Gel include a brief sensation of warmth, stinging, tingling, or irritation immediately after applying the medication. Skin redness, dryness, itching, scaling, mild burning, or worsening of acne may occur during the first 2-4 weeks of using Differin Gel.","Side effects of Differin Gel usually decrease with continued use. Tell your doctor if you experience unlikely but serious side effects of Differin Gel including: very red or irritated skin, an intense burning sensation, eye redness and watering (conjunctivitis), eyelid swelling, or skin discoloration Differin Gel .1 may cause serious side effects including: skin redness, stinging, burning, or peeling after sun exposure Get medical help right away, if you have any of the symptoms listed above. Seek medical care or call 911 at once if you have the following serious side effects:",https://www.rxlist.com/differin-gel-1-drug.htm
Adapalene Lotion .1% (Differin Lotion .1),adapalene lotion .1%,"Retinoid-like Agents, Topical","Apply a thin film dose of Differin Lotion to the entire face and other affected areas of the skin once daily, after washing gently with a mild soapless cleanser. Dispense a nickel size amount of Diffe",Differin (adapalene) Lotion 0.1% is a topical (applied to the skin) medication similar to vitamin A used to treat severe acne in people who are at least 12 years old.,"Differin Lotion .1 may cause serious side effects including: hives, difficulty breathing, swelling of your face, lips, tongue, or throat, itching, chest pain, and skin redness, stinging, burning, or peeling after sun exposure Common side effects of Differin Lotion 0.1% include: skin burning warmth stinging tingling itching redness dryness scaling irritation, or worsening of acne, especially during the first 4 weeks of using this drug Get medical help right away, if you have any of the symptoms listed above. Seek medical care or call 911 at once if you have the following serious side effects:",https://www.rxlist.com/differin-lotion-1-drug.htm
"Adapalene, Benzoyl Peroxide, Clindamycin Topical Gel (Cabtreo)","adapalene, benzoyl peroxide, clindamycin topical gel","Acne Agents, Topical Combos",The dose of Cabtreo is a thin layer applied to the affected areas once daily.,"Cabtreo (clindamycin phosphate, adapalene, and benzoyl peroxide) is a combination of a lincosamide antibacterial, a retinoid, and benzoyl peroxide indicated for the topical treatment of acne vulgaris in adult and pediatric patients 12 years of age and older.","Side effects of Cabtreo include: application site reactions (pain, stinging and burning sensation, redness, dryness, irritation, peeling/scaling, and dermatitis). Seek medical care or call 911 at once if you have the following serious side effects: Serious eye symptoms such as sudden vision loss, blurred vision,tunnel vision,eye painor swelling, or seeing halos around lights; Serious heart symptoms such as fast, irregular, or pounding heartbeats; fluttering in your chest; shortness of breath; and sudden dizziness, lightheadedness, or passing out; Severe headache,confusion, slurred speech, arm or leg weakness, trouble walking, loss of coordination, feeling unsteady, very stiff muscles, high fever, profuse sweating, or tremors. This document does not contain all possible side effects and others may occur. Check with your physician for additional information about side effects.",https://www.rxlist.com/cabtreo-drug.htm
Adasuve (Loxapine Inhalation Powder ),loxapine inhalation powder,"Antipsychotics, First Generation","Adasuve must be administered only under physician supervision. The recommended dose for acute agitation is 10 mg administered by oral inhalation, using a single-use inhaler.",Adasuve (loxapine) Inhalation Powder is an antipsychotic used for the acute treatment of agitation associated with schizophrenia or bipolar I disorder in adults.,"Common side effects of Adasuve include: changes in taste drowsiness sore throat constipation dry mouth tremor restlessness muscle spasms high or low blood pressure dizziness upon standing lightheadedness, and fainting",https://www.rxlist.com/adasuve-drug.htm
Adbry (Tralokinumab-ldrm for Injection),tralokinumab-ldrm for injection,Interleukin Inhibitors,"The recommended dosage of Adbry is an initial dose of 600 mg (four 150 mg injections), followed by 300 mg (two 150 mg injections) administered every other week. A dosage of 300 mg every 4 weeks may be",Adbry (tralokinumab-ldrm) is a human IgG4 monoclonal antibody indicated for the treatment of moderate-to-severe atopic dermatitis in adult patients whose disease is not adequately controlled with topical prescription therapies or when those therapies are not advisable.,"Adbry may cause serious side effects including: hives, difficulty breathing, swelling of your face, lips, tongue, or throat, severe dizziness, itching, fainting, lightheadedness, skin rash, and changes in vision Get medical help right away, if you have any of the symptoms listed above. Side effects of Adbry include: upper respiratory infections, conjunctivitis, injection site reactions (pain, redness, swelling), and high white blood cell count (eosinophilia). Get medical help right away, if you have any of the symptoms listed above.",https://www.rxlist.com/adbry-drug.htm
Adcetris (Brentuximab Vedotin),brentuximab vedotin,"Antineoplastics, Antimicrotubular, Anti-Nectin-4 Monoclonal Antibodies, Antineoplastics, Anti-CD30 Monoclonal Antibodies",single–use vials when reconstituted with 10,Adcetris (brentuximab vedotin) is an antibody conjugated drug (a combination of three components) indicated for treatment of patients with Hodgkin lymphoma (Hodgkin's disease) and for the treatment of patients with systemic anaplastic large cell lymphoma (sALCL). Adcetris is to be used in patients who have received two prior chemotherapy treatments and cannot receive a transplant. Adcetris may also be used in patients with ALCL whose disease has progressed after one prior chemotherapy treatment.,"Adcetris may cause serious side effects including: hives, difficulty breathing, swelling of your face, lips, tongue, or throat, fever, sore throat, burning in your eyes, skin pain, red or purple skin rash that spreads and causes blistering and peeling, dizziness, nausea, chills, itching, difficulty with speech, thought, vision, or muscle movement, numbness, weakness, burning pain, tingly feeling, loss of feeling in your arms or legs, sudden chest pain or pressure, wheezing, dry cough, shortness of breath, pain or burning when you urinate, increased thirst, increased urination, dry mouth, fruity breath odor, vomiting, stomach pain, confusion, unusual drowsiness, fever, tiredness, mouth sores, skin sores, easy bruising, unusual bleeding, pale skin, cold hands and feet, lightheadedness, muscle cramps, fast or slow heart rate, decreased urination, tingling in your hands and feet or around your mouth, severe pain in your upper stomach spreading to your back, loss of appetite, stomach pain spreading to your upper right side, dark urine, yellowing of the skin or eyes (jaundice), severe constipation, new or worsening stomach pain, bloody or tarry stools, coughing up blood, and vomiting that looks like coffee grounds Get medical help right away, if you have any of the symptoms listed above. Common side effects of Adcetris include: fatigue, upper respiratory tract infection, nausea, diarrhea, anemia, fever, rash or itching, stomach or abdominal pain, cough, vomiting, tired feeling, constipation, weight loss, swelling in your hands or feet, dry skin, hair loss, headache, dizziness, anxiety, muscle spasm, muscle or joint pain, night sweats, sleep problems (insomnia), low white blood cell count or low blood platelet count (neutropenia or thrombocytopenia), or tingling or numbness in the hands and feet. Tell your doctor if you have any serious side effects, even if they occur several months after you receive Adcetris, or after your treatment with Adcetris ends:",https://www.rxlist.com/adcetris-drug.htm
Adcirca (Tadalafil Tablets),tadalafil tablets,"PAH, PDE-5 Inhibitors, Phosphodiesterase-5 Enzyme Inhibitors",The recommended dose of Adcirca is 40 mg (two 20 mg tablets) taken once daily with or without food.,Adcirca (tadalafil) is a phosphodiesterase-5 (PDE5) inhibitor used to treat pulmonary arterial hypertension and improve exercise capacity in men and women. The Cialis brand of tadalafil is used to treat erectile dysfunction (impotence) and symptoms of benign prostatic hypertrophy (enlarged prostate).,"Common side effects of Adcirca include: flushing (redness or warmth in your face, neck, or chest), cold symptoms (such as stuffy nose, sneezing, or sore throat), headache, memory problems, diarrhea, upset stomach, muscle pain, or back pain. Contact your doctor if you have serious side effects of Adcirca including: chest pain, shortness of breath, seizures (convulsions), lightheadedness or fainting, changes in vision or sudden hearing loss, ringing in your ears, pain spreading to the arm or shoulder, irregular heartbeat, or an erection lasting 4 hours or more. Adcirca may cause serious side effects including: hives, difficulty breathing, swelling of your face, lips, tongue, or throat, chest pain or pressure, pain spreading to your jaw or shoulder, nausea, sweating, sudden vision loss, vision changes, ringing in your ears, sudden hearing loss, and an erection that is painful or lasts longer than 4 hours",https://www.rxlist.com/adcirca-drug.htm
"Adderall (Amphetamine, Dextroamphetamine Mixed Salts)","amphetamine, dextroamphetamine mixed salts","Stimulants, ADHD Agents",The usual dose of Adderall is 2.5-60 mg daily administered in one or three doses.,Adderall (amphetamine and dextroamphetamine salts) is an amphetamine used for treating: attention deficit hyperactivity disorder (ADHD) and narcolepsy,"Adderall may cause serious side effects including: chest pain, trouble breathing, lightheadedness, hallucinations, new behavioral problems, aggression, paranoia, hostility, numbness, pain, feeling cold, unexplained wounds, skin color changes to fingers or toes, seizures (convulsion), muscle twitches (tics), vision changes, Get medical help right away, if you have any of the symptoms listed above. Side effects of Adderall include: nervousness, restlessness, excitability, irritability, agitation, dizziness, headache, fear, anxiety, agitation, tremor, weakness, blurred vision, sleep problems (insomnia), dry mouth or unpleasant taste in the mouth, diarrhea, constipation, stomach pain, nausea, vomiting, fever, hair loss, loss of appetite, weight loss, loss of interest in sex, impotence, difficulty having an orgasm, increase blood pressure, increased heart rate, and heart palpitations. Seek medical care or call 911 at once if you have the following serious side effects:",https://www.rxlist.com/adderall-drug.htm
"Adderall XR (Amphetamine, Dextroamphetamine Mixed Salts)","amphetamine, dextroamphetamine mixed salts",Stimulants,capsules in the following,Adderall XR (amphetamine and dextroamphetamine salts) is a central nervous system (CNS) stimulant used for treating attention deficit hyperactivity disorder (ADHD) and narcolepsy.,"Side effects of Adderall XR include nervousness, restlessness, excitability, dizziness, headache, weakness, fear, anxiety, irritability, agitation, blurred vision, sleep problems (insomnia), dry mouth, unpleasant taste in mouth, diarrhea, constipation, stomach pain, nausea, vomiting, fever, hair loss, loss of appetite, weight loss, tremor, loss of interest in sex, impotence, difficulty having an orgasm, increased blood pressure, increased heart rate, and palpitations. Adderall XR is habit forming and chronic use may lead to dependence.",https://www.rxlist.com/adderall-xr-capsules-drug.htm
"Addyi (Flibanserin Tablets, for Oral Use)","flibanserin tablets, for oral use",Serotonin 5-HT-Receptor Agonists,The recommended dosage of Addyi is 100 mg taken once daily at bedtime.,"Addyi (flibanserin) is a multifunctional serotonin agonist and antagonist (MSAA) indicated for the treatment of premenopausal women with acquired, generalized hypoactive sexual desire disorder (HSDD) as characterized by low sexual desire that causes marked distress or interpersonal difficulty and is NOT due to: a co-existing medical or psychiatric condition, problems within the relationship, or the effects of a medication or other drug substance.","Addyi may cause serious side effects including: hives, difficulty breathing, swelling of your face, lips, tongue, or throat, blurred vision, confusion, dizziness, fainting, lightheadedness, sleepiness, unusual drowsiness, sweating, weakness, unusual tiredness, sensation of spinning, feeling of constant movement of self or surroundings, bloating, fever, nausea, severe cramping, lower abdominal pain, and vomiting Get medical help right away, if you have any of the symptoms listed above. Common side effects of Addyi include: dizziness, sleepiness, nausea, fatigue, insomnia, and dry mouth Other side effects of Addyi include:",https://www.rxlist.com/addyi-drug.htm
Adefovir Dipivoxil (Hepsera),adefovir dipivoxil,"Hepatitis B Hepatitis C Agents, Hepatitis B, NRTIs","The recommended dose of Hepsera in chronic hepatitis B patients 12 years of age and older with adequate renal function is 10 mg, once daily, taken orally.",Hepsera (adefovir dipivoxil) is an antiviral medication used to treat chronic hepatitis B in adults.,"Hepsera may cause serious side effects including: hives, difficulty breathing, swelling of your face, lips, tongue, or throat, unusual muscle pain, trouble breathing, stomach pain, vomiting, irregular heart rate, dizziness, cold feeling, feeling very weak, tiredness, little or no urination, swelling in your feet or ankles, shortness of breath, nausea, loss of appetite, stomach pain (upper right side), dark urine, and yellowing of the skin or eyes (jaundice) Get medical help right away, if you have any of the symptoms listed above. Common side effects of Hepsera include: weakness headache fever increased cough nausea vomiting stomach pain diarrhea gas skin rash or itching Seek medical care or call 911 at once if you have the following serious side effects:",https://www.rxlist.com/hepsera-drug.htm
Adempas (Riociguat Tablets),riociguat tablets,Soluble Guanylate Cyclase Stimulators,The recommended starting dosage of Adempas is 1 mg taken 3 times a day.,Adempas (riociguat) is a soluble guanylate cyclase stimulator used to treat adults with two forms of pulmonary hypertension.,"Common side effects of Adempas include: headache, dizziness, indigestion, upset stomach or stomach pain, swelling of the legs and feet, nausea, diarrhea, nausea, vomiting, dizziness, low blood pressure (hypotension), low levels of iron in the blood (anemia), gastroesophageal reflux disease (GERD), constipation, palpitations, stuffy nose, nosebleed, difficulty swallowing, abdominal bloating, and swelling of the extremities.",https://www.rxlist.com/adempas-drug.htm
Adenocard I.V. (Adenosine),adenosine,"Antidysrhythmics, V",The initial adult dose of Adenocard IV is 6 mg given as a rapid intravenous bolus (administered over a 1-2 second period). If the first dose does not result in elimination of the supraventricular tach,"Adenocard IV (adenosine) Injection is an antiarrhythmic drug used to treat paroxysmal supraventricular tachycardia (PSVT), including that associated with accessory bypass tracts (Wolff-Parkinson-White Syndrome). Adenocard IV is available in generic form.","Common side effects of Adenocard IV include: facial flushing, shortness of breath, chest pressure, chest pain, nausea, headache, sweating, palpitations, low blood pressure (hypotension), hyperventilation, head pressure, lightheadedness, dizziness, tingling in arms, numbness, apprehension, blurred vision, burning sensation, heaviness in arms, neck and back pain, metallic taste in mouth, tightness in throat, and pressure in groin.",https://www.rxlist.com/adenocard-drug.htm
Adenoscan (Adenosine Injection),adenosine injection,"Antidysrhythmics, V",The recommended intravenous dose of Adenoscan for adults is 140 mcg/kg/min infused for six minutes (total dose of 0.84 mg/kg). Tell your doctor all medications you are taking.,Adenoscan (adenosine injection) is a vasodilator used in combination with thallium-201 for nuclear heart stress tests when the patient is unable to exercise adequately.,"Adenoscan may cause serious side effects including: hives, difficulty breathing, swelling of your face, lips, tongue, or throat, severe shortness of breath, chest pain or tightness, pain spreading to your jaw or shoulder, fluttering in your chest, lightheadedness, seizure, severe headache, blurred vision, pounding in your neck or ears, sudden numbness, weakness, and problems with vision or speech Get medical help right away, if you have any of the symptoms listed above. Common side effects include: flushing, chest discomfort, shortness of breath, throat/neck/jaw discomfort, abdominal pain or discomfort, lightheadedness, dizziness, nausea, headache, upset stomach, pain at injection site, discomfort of the arms and hands, weakness, low blood pressure (hypotension), nervousness, and irregular heart beat Serious events have occurred with Adenoscan, such as fatal cardiac arrest, life-threatening ventricular arrhythmias, and heart attack.",https://www.rxlist.com/adenoscan-drug.htm
"Adenovirus (Adenovirus Type 4 and Type 7 Vaccine, Live, Oral Enteric Coated Tablets for Oral Administration)","adenovirus type 4 and type 7 vaccine, live, oral enteric coated tablets for oral administration","Vaccines, Inactivated, Viral, Vaccines, Live, Viral, Antineoplastics, Other",A single Adenovirus vaccine dose is administered orally as two tablets: one tablet of Adenovirus Type 4 and one tablet of Adenovirus Type 7.,"Adenovirus Type 4 and Type 7 Vaccine, Live, Oral Enteric Coated Tablets is a vaccine used for active immunization to prevent febrile acute respiratory disease caused by Adenovirus Type 4 and Type 7. Adenovirus Type 4 and Type 7 Vaccine, Live, Oral is approved for use in military populations 17 through 50 years of age.","Common side effects of Adenovirus Type 4 and Type 7 Vaccine include: headache stuffy or runny nose sore throat cough nausea diarrhea pain in the extremities, and fever",https://www.rxlist.com/adenovirus-drug.htm
Adhansia XR (Methylphenidate Hydrochloride Extended-release Capsules),methylphenidate hydrochloride extended-release capsules,"Stimulants, ADHD Agents",The recommended starting dose of Adhansia XR for patients 6 years and older is 25 mg once daily in the morning. The dosage of Adhansia XR may be increased in increments of 10 to 15 mg at intervals of,Adhansia XR (methylphenidate hydrochloride) is a central nervous system (CNS) stimulant indicated for the treatment of Attention Deficit Hyperactivity Disorder (ADHD) in patients 6 years and older. Adhansia XR is available in generic form.,"Adhansia XR may cause serious side effects including: hives, difficulty breathing, swelling of your face, lips, tongue, or throat, chest pain, trouble breathing, lightheadedness, hallucinations, new behavior problems, aggression, hostility, paranoia, numbness, pain, cold feeling, unexplained wounds, skin color changes (pale, red, or blue appearance) in your fingers or toes, and penis erection that is painful or last 4 hours or longer Get medical help right away, if you have any of the symptoms listed above. Common side effects of Adhansia XR include: insomnia, dry mouth, decreased appetite, and weight loss Seek medical care or call 911 at once if you have the following serious side effects:",https://www.rxlist.com/adhansia-xr-drug.htm
Adipex-P (Phentermine Hydrochloride),phentermine hydrochloride,,The recommended dose of Adipex-P is 30 mg once daily.,Adipex-P (phentermine) is an appetite suppressant used in combination with diet and exercise for the short-term treatment of obesity. A generic version of Adipex-P is available.,"Adipex-P may cause serious side effects including: feeling short of breath, chest pain, lightheadedness, swelling in your ankles or feet, pounding heartbeats, fluttering in your chest, tremors, feeling restless, trouble sleeping, unusual changes in mood or behavior, severe headache, blurred vision, pounding in your neck or ears, anxiety, and nosebleed Get medical help right away, if you have any of the symptoms listed above. Side effects of Adipex-P include: nausea, vomiting, upset stomach, diarrhea, dry mouth, constipation, an unpleasant taste in mouth, hives, impotence, palpitations, high blood pressure, hyperactivity, sleep problems (insomnia), restlessness, headache, tremors, dizziness, and increased or decreased interest in sex. Adipex-P has been associated with pulmonary hypertension and defects in heart valves.",https://www.rxlist.com/adipex-p-drug.htm
Adlarity (Donepezil Hydrochloride),donepezil hydrochloride,"Acetylcholinesterase Inhibitors, Central, Muscarinic Agonists","The recommended starting dosage of Adlarity is 5 mg/day. After 4 to 6 weeks, the dosage of Adlarity may be increased to the maximum recommended dosage of 10 mg/day.","Adlarity (donepezil transdermal system) is an acetylcholinesterase inhibitor indicated for the treatment of mild, moderate, and severe dementia of the Alzheimer's type.","Side effects of Adlarity include: nausea, diarrhea, insomnia, vomiting, muscle cramps, fatigue, and loss of appetite. Seek medical care or call 911 at once if you have the following serious side effects: Serious eye symptoms such as sudden vision loss, blurred vision, tunnel vision, eye pain or swelling, or seeing halos around lights; Serious heart symptoms such as fast, irregular, or pounding heartbeats; fluttering in your chest; shortness of breath; and sudden dizziness, lightheadedness, or passing out; Severe headache, confusion, slurred speech, arm or leg weakness, trouble walking, loss of coordination, feeling unsteady, very stiff muscles, high fever, profuse sweating, or tremors.",https://www.rxlist.com/adlarity-drug.htm
Adlyxin (Lixisenatide Injection),lixisenatide injection,"Antidiabetics, Glucagon-like Peptide-1 Agonists",The starting dose of Adlyxin is 10 mcg subcutaneously once daily for 14 days. Increase the dose to the maintenance dose of 20 mcg once daily starting on Day 15.,"Adlyxin (lixisenatide) Injection, for subcutaneous use acts as a GLP-1 receptor agonist indicated as an adjunct to diet and exercise to improve glycemic control in adults with type 2 diabetes mellitus.","Adlyxin may cause serious side effects including: hives, difficulty breathing, swelling of your face, lips, tongue, or throat, itching, severe rash, rapid heartbeats, trouble swallowing, severe pain in your upper stomach spreading to your back, nausea, vomiting, fast heart rate, headache, hunger, sweating, irritability, dizziness, nausea, fast heart rate, anxious, shakiness, little or no urination, painful or difficult urination, swelling in your feet or ankles, tiredness, and shortness of breath Get medical help right away, if you have any of the symptoms listed above. Common side effects of Adlyxin include nausea, vomiting, headache, diarrhea, dizziness, indigestion, constipation, abdominal distention, abdominal pain, injection site reactions (pain, itching, redness), hypoglycemia (low blood sugar – symptoms include headache, dizziness, drowsiness, confusion, weakness, irritability, hunger, sweating, fast heartbeat, feeling jittery), and severe allergic reaction (anaphylaxis). Seek medical care or call 911 at once if you have the following serious side effects:",https://www.rxlist.com/adlyxin-drug.htm
Admelog (Insulin Lispro Injection),insulin lispro injection,"Antidiabetics, Insulins, Antidiabetics, Rapid-Acting Insulins","The dosage of Admelog is individualized based on the route of administration and the individual's metabolic needs, blood glucose monitoring results and glycemic control goal.",Admelog (insulin lispro injection) is a rapid-acting human insulin analog indicated to improve glycemic control in adults and pediatric patients 3 years and older with type 1 diabetes mellitus and adults with type 2 diabetes mellitus.,"Admelog may cause serious side effects including: hives, difficulty breathing, swelling of your face, lips, tongue, or throat, redness or swelling where an injection was given, itchy skin rash over the entire body, fast heartbeats, lightheadedness, weight gain, swelling in your hands or feet, shortness of breath, headache, hunger, sweating, irritability, dizziness, anxiety, shakiness, leg cramps, constipation, irregular heartbeats, fluttering in your chest, increased thirst or urination, numbness or tingling, muscle weakness, and limp feeling Get medical help right away, if you have any of the symptoms listed above. Common side effects of Admelog include: low blood sugar - hypoglycemia signs and symptoms include: dizziness or lightheadedness, sweating, confusion, headache, blurred vision, slurred speech, shakiness, fast heartbeat, anxiety, irritability, hunger, or mood changes allergic reactions, injection site reactions, abnormal distribution of body fat (lipodystrophy), itching, rash, runny or stuffy nose, upper respiratory tract infection, weight gain, and swelling of extremities. Seek medical care or call 911 at once if you have the following serious side effects:",https://www.rxlist.com/admelog-drug.htm
Ado-trastuzumab Emtansine Injection for IV Use (Kadcyla),ado-trastuzumab emtansine injection for iv use,", Antineoplastics, Anti-HER2",Kadcyla is for intravenous infusion only. Kadcyla is given as an intravenous infusion in 21-day cycles.,Kadcyla (ado-trastuzumab emtansine) is a new class of chemotherapy drug called an antibody-drug conjugate used to treat breast cancer.,"Common side effects of Kadcyla include: fatigue, tiredness, nausea, musculoskeletal pain, headache, constipation, low platelet count, liver problems, low levels of red blood cells, nerve problems, and low levels of potassium in the blood. Seek medical care or call 911 at once if you have the following serious side effects: Serious eye symptoms such as sudden vision loss, blurred vision, tunnel vision, eye pain or swelling, or seeing halos around lights; Serious heart symptoms such as fast, irregular, or pounding heartbeats; fluttering in your chest; shortness of breath; and sudden dizziness, lightheadedness, or passing out; Severe headache, confusion, slurred speech, arm or leg weakness, trouble walking, loss of coordination, feeling unsteady, very stiff muscles, high fever, profuse sweating, or tremors. This document does not contain all possible side effects and others may occur. Check with your physician for additional information about side effects.",https://www.rxlist.com/kadcyla-drug.htm
Adoxa (Doxycyline Capsules),doxycyline capsules,Tetracyclines,,"Adoxa (doxycycline) is a tetracycline antibiotic used to treat many different bacterial infections, such as urinary tract infections, acne, gonorrhea, and chlamydia, periodontitis (gum disease), and others. Adoxa is also used to treat blemishes, bumps, and acne-like lesions caused by rosacea. Adoxa is available in generic form. Common side effects of Adoxa include:",,https://www.rxlist.com/adoxa-drug.htm
"Adrenaclick (Epinephrine Injection, USP Auto-injector)","epinephrine injection, usp auto-injector","Alpha/Beta Adrenergic Agonists, Alpha/Beta Agonists",Adrenaclick is capable of delivering one dose of either 0.15 mg or 0.3 mg (0.15 mL or 0.3 mL) of epinephrine. This dose is available for auto-injection by the patient. Selection of the appropriate Adr,"Adrenaclick (epinephrine) Auto-injector is a sympathomimetic catecholamine used in the emergency treatment of severe allergic reactions (Type I) including anaphylaxis to stinging or biting insects, allergen immunotherapy, foods, drugs, diagnostic testing substances, and other allergens, as well as anaphylaxis to unknown substances, or exercise-induced anaphylaxis. Adrenaclick is intended for immediate administration in patients with a history of anaphylactic reactions.","Adrenaclick may cause serious side effects including: hives, difficulty breathing, swelling of your face, lips, tongue, or throat, and pain, swelling, warmth, redness, or other signs of infection around the area where you gave an injection Get medical help right away, if you have any of the symptoms listed above. Common side effects of Adrenaclick include: anxiety apprehensiveness restlessness feeling over-excited fearful tremor shakiness weakness dizziness sweating rapid heartbeat (palpitations) irregular heartbeat pale skin (pallor) nausea and vomiting headache, or breathing difficulties Seek medical care or call 911 at once if you have the following serious side effects:",https://www.rxlist.com/adrenaclick-drug.htm
Adrenalin (Epinephrine),epinephrine,"Alpha/Beta Agonists, , Alpha/Beta Adrenergic Agonists",many different injectable forms including auto-injector systems that can be carried by those who are prone to serious allergic reactions,"Adrenalin (epinephrine) is a chemical that narrows blood vessels and opens airways in the lungs. These effects can reverse severe low blood pressure, wheezing, severe skin itching, hives, and other symptoms of an allergic reaction. An injection of adrenalin is used to treat severe allergic reactions (anaphylaxis) to insect stings or bites, foods, drugs, and other allergens.","Adrenalin may cause serious side effects including: pain, swelling, warmth, redness or signs of infection at the injection area, Get medical help right away, if you have any of the symptoms listed above. Side effects of Adrenalin include: anxiety, nervousness, headache, fear, palpitations, sweating, nausea and vomiting, pale skin, shortness of breath, dizziness, weakness, or tremors. Before using Adrenalin a second time, tell your doctor if your first injection caused serious side effects such as increased breathing difficulty, or dangerously high blood pressure (severe headache, blurred vision, buzzing in your ears, anxiety, confusion, chest pain, shortness of breath, uneven heartbeats, seizure).",https://www.rxlist.com/adrenalin-drug.htm
AdreView (Iobenguane I 123 Injection for Intravenous Use),iobenguane i 123 injection for intravenous use,How Do Diagnosing Imaging Agents Work?,"For adults ( ≥ 16 years of age), the recommended dose of AdreView is 10 mCi (370 MBq). For pediatric patients < 16 years of age weighing ≥ 70 kg, the recommended dose of AdreView is 10 mCi (370 MBq).",AdreView (iobenguane I 123) Injection is a diagnostic radiopharmaceutical used to detect certain kinds of cancer of the adrenal glands.,"AdreView may cause serious side effects including: hives, difficulty breathing, and swelling of your face, lips, tongue, or throat Get medical help right away, if you have any of the symptoms listed above. Common side effects of AdreView include: dizziness mild skin rash or itching bleeding around your IV needle, or flushing (warmth, tingling, or cold feeling) where the medicine was injected",https://www.rxlist.com/adreview-drug.htm
Adriamycin PFS (Doxorubicin hydrochloride),doxorubicin hydrochloride,"Antineoplastics, Anthracycline",Doxorubicin is given intravenously under physician supervision. Dose is determined by clinical factors.,Adriamycin PFS (doxorubicin hydrochloride) Injection is a cancer (antineoplastic) medication used to treat many types of cancer. The brand name Adriamycin PFS is discontinued in the U.S. Generic forms may be available.,"Adriamycin PFS may cause serious side effects including: dizziness, nausea, lightheadedness, sweating, headache, chest tightness, back pain, trouble bleeding, swelling in your face, pain, blisters, or skin sores where the injection was given, missed menstrual periods, easy bruising, unusual bleeding (nose, mouth, vagina, or rectum), purple or red pinpoint spots under your skin, fever, swollen gums, painful mouth sores, pain when swallowing, skin sores, cold or flu symptoms, cough, trouble breathing, fast heartbeats, shortness of breath, weakness, and swelling in your ankles or feet Get medical help right away, if you have any of the symptoms listed above. Common side effects of Adriamycin PFS (doxorubicin hydrochloride) include: nausea and vomiting (may be severe), diarrhea, loss of appetite, missed menstrual periods, darkening of your skin or nails, weakness, tiredness, eye redness, or puffy eyelids. Adriamycin PFS (doxorubicin hydrochloride) may give a reddish color to urine, tears, and sweat that may last up to several days. This is a normal side effect of Adriamycin PFS (doxorubicin hydrochloride) and should not be mistaken for blood in your urine. Temporary hair loss may occur. Normal hair growth should return after treatment with Adriamycin PFS has ended. Tell your doctor if you have serious side effects of Adriamycin PFS including:",https://www.rxlist.com/adriamycin-pfs-drug.htm
Adrucil (Fluorouracil Injection),fluorouracil injection,"Antineoplastics, Antimetabolite",The recommended dose and regimen for Adrucil (fluorouracil) depends on the condition being treated.,"Adrucil (fluorouracil injection) is a nucleoside metabolic inhibitor indicated for the treatment of patients with adenocarcinoma of the colon and rectum, adenocarcinoma of the breast, gastric adenocarcinoma, or pancreatic adenocarcinoma. The brand name Adrucil has been discontinued. It may be available in generic form.","Common side effects of Adrucil (fluorouracil) include: low red and white blood cells and platelets, gastrointestinal ulcers, nausea, vomiting, severe allergic reaction (anaphylaxis), other allergic reactions, involuntary eye movement, headache, dry or cracking skin, skin sensitivity to sunlight (redness or dark spots on skin), tear duct obstruction, changes in vision, tearing, eye sensitivity to light, euphoria, inflammation of veins caused by blood clots, nosebleed, and nail changes (including loss of nails).",https://www.rxlist.com/adrucil-drug.htm
"Adstiladrin (Nadofaragene Firadenovec-vncg Suspension, for Intravesical Use)","nadofaragene firadenovec-vncg suspension, for intravesical use",Biological Response Modifiers,"The dose is 75 mL of Adstiladrin at a concentration of 3 x 1011 viral particles (vp)/mL, instilled once every three (3) months.",Adstiladrin (nadofaragene firadenovec-vncg) is a non-replicating adenoviral vector-based gene therapy indicated for the treatment of adult patients with high-risk Bacillus Calmette-Guérin (BCG)-unresponsive non-muscle invasive bladder cancer (NMIBC) with carcinoma in situ (CIS) with or without papillary tumors.,"Adstiladrin may cause serious side effects including: hives, difficulty breathing, swelling of your face, lips, tongue, or throat, urinary urgency, urinary incontinency, urinary frequency, blood in your urine, pain or discomfort when urinating, abnormal lab results, weakness, shortness of breath, and fast heart rate Get medical help right away, if you have any of the symptoms listed above. Side effects of Adstiladrin include: instillation site discharge, fatigue, bladder spasm, urinary urgency, blood in urine, chills, fever, painful urination, increased blood sugar, increased triglycerides, increased creatinine, and decreased phosphate. Seek medical care or call 911 at once if you have the following serious side effects:",https://www.rxlist.com/adstiladrin-drug.htm
"Adthyza (Thyroid Tablets, USP)","thyroid tablets, usp",Thyroid Products,The dosage of Adthyza is determined by the indication and must in every case be individualized according to patient response and laboratory findings.,"Adthyza (thyroid tablets) is a thyroid hormone preparation used as replacement or supplemental therapy in patients with hypothyroidism of any etiology, except transient hypothyroidism during the recovery phase of subacute thyroiditis. This category includes cretinism, myxedema, and ordinary hypothyroidism in patients of any age (children, adults, the elderly), or state (including pregnancy); primary hypothyroidism resulting from functional deficiency, primary atrophy, partial or total absence of thyroid gland, or the effects of surgery, radiation, or drugs, with or without the presence of goiter; and secondary (pituitary), or tertiary (hypothalamic) hypothyroidism. Adthyza is also used as pituitary TSH suppressants, in the treatment or prevention of various types of euthyroid goiters, including thyroid nodules, subacute or chronic lymphocytic thyroiditis (Hashimoto’s), multinodular goiter, and in the management of thyroid cancer.","Side effects of Adthyza are rare. Tell your doctor if you experience any adverse reactions when taking Adthyza. Seek medical care or call 911 at once if you have the following serious side effects: Serious eye symptoms such as sudden vision loss, blurred vision,tunnel vision,eye painor swelling, or seeing halos around lights; Serious heart symptoms such as fast, irregular, or pounding heartbeats; fluttering in your chest; shortness of breath; and sudden dizziness, lightheadedness, or passing out; Severe headache,confusion, slurred speech, arm or leg weakness, trouble walking, loss of coordination, feeling unsteady, very stiff muscles, high fever, profuse sweating, or tremors. This document does not contain all possible side effects and others may occur. Check with your physician for additional information about side effects.",https://www.rxlist.com/adthyza-drug.htm
Aducanumab (Aduhelm),aducanumab,Monoclonal Antibodies,"ADUHELM is a clear to opalescent and colorless to yellow solution, available as: Injection: 170 mg/1.7 mL (100 mg/mL) in a single-dose vial Injection: 300 mg/3 mL (100 mg/mL) in a single-dose vial",Aduhelm (aducanumab-avwa) is an amyloid beta-directed antibody indicated for the treatment of Alzheimer’s disease.,,https://www.rxlist.com/aduhelm-drug.htm
Advair Diskus (Fluticasone Propionate),fluticasone propionate,"Respiratory Inhalant Combos, COPD Agents, Respiratory Inhalant Combos","For patients aged 12 years and older, the dosage of Advair Diskus is 1 inhalation twice daily, approximately 12 hours apart.","Advair Diskus (fluticasone and salmeterol oral inhaler) is a combination of a corticosteroid and a beta2-adrenergic bronchodilator used to treat asthma and chronic bronchitis, including COPD associated with chronic bronchitis. Advair Diskus is used in patients whose symptoms are not adequately controlled on a long-term asthma control medication, since one of the active ingredients in salmeterol is LABA, which has been linked to asthma-related deaths. Advair Diskus should not be used to treat acute episodes of asthma or COPD. Advair Diskus is available in generic form.","Advair Diskus may cause serious side effects including: wheezing, choking, breathing problems after using the medication, fever, chills, cough with mucus, feeling short of breath, chest pain, fast or irregular heartbeats, severe headache, pounding in your neck or ears, tremors, nervousness, blurred vision, tunnel vision, eye pain, seeing halos around lights, sores or white patches in your mouth or throat, trouble swallowing, increased thirst, increased urination, dry mouth, fruity breath odor, leg cramps, constipation, fluttering in your chest, numbness or tingling, muscle weakness or limp feeling, worsening tiredness or weakness, lightheadedness, nausea, and vomiting Get medical help right away, if you have any of the symptoms listed above. Side effects of Advair Diskus include: upper respiratory tract infections, headaches, dizziness, nausea, vomiting, stomach upset, diarrhea, yeast infections of the mouth or throat (oral thrush), sore throat, dry mouth/nose/throat, stuffy nose, sinus pain, cough, sore throat, hoarseness or deepened voice, and musculoskeletal pain. Seek medical care or call 911 at once if you have the following serious side effects:",https://www.rxlist.com/advair-diskus-drug.htm
Advair HFA (Fluticasone Propionate and Salmeterol),fluticasone propionate and salmeterol,"Respiratory Inhalant Combos, COPD Agents, Respiratory Inhalant Combos","For patients aged 12 years and older, the dosage of Advair HFA is 2 inhalations twice daily, approximately 12 hours apart.",Advair HFA (salmeterol and fluticasone) contains a combination of a corticosteroid and a beta2-adrenergic bronchodilator used for treating asthma and chronic bronchitis.,"Side effects of Advair HFA include: upper respiratory tract infections, headaches, dizziness, nausea, vomiting, diarrhea, dry mouth/nose/throat, stuffy nose, sinus pain, sore throat, hoarseness or deepened voice, oral thrush (mouth or throat candidiasis), and musculoskeletal pain. Use of long acting agents like salmeterol in Advair HFA may increase the risk of asthma-related death. Tell your doctor if you have unlikely but serious side effects of Advair HFA including: signs of infection (such as fever, persistent sore throat), mental/mood changes (such as nervousness), trouble sleeping, vision problems (such as blurred vision), increased thirst or urination, muscle cramps, or shaking (tremors).",https://www.rxlist.com/advair-hfa-drug.htm
"Advate ([Antihemophilic Factor (Recombinant), Plasma/Albumin-Free Method] for Intravenous Injection)","[antihemophilic factor (recombinant), plasma/albumin-free method] for intravenous injection","Coagulation Factors, Hemostatics","The dosage and duration of treatment with Advate depend on the severity of Factor VIII deficiency, the location and extent of the bleeding, and the patient's clinical condition.","Advate [antihemophilic factor (recombinant), plasma/albumin-free method] is a purified glycoprotein used to control and prevent bleeding episodes in adults and children with Hemophilia A, for perioperative management in adults and children with Hemophilia A, and for routine prophylaxis to prevent or reduce the frequency of bleeding episodes in adults and children with Hemophilia A. Advate is not indicated for the treatment of von Willebrand disease.","Advate may cause serious side effects including: hives, difficulty breathing, swelling of your face, lips, tongue, or throat, itching, rash, numbness, tingling, fever, dizziness, nausea, fast heartbeats, chest tightness, wheezing, pale skin, cold sweat, lightheadedness, fainting, increased bleeding episodes, any bleeding that will not stop, and chest pain Get medical help right away, if you have any of the symptoms listed above. Common side effects of Advate include: fever headache cough runny or stuffy nose sore throat cold symptoms nausea vomiting joint pain or swelling limb injury itching dizziness hematoma abdominal pain hot flashes swelling of legs diarrhea chills sweating, and rash Seek medical care or call 911 at once if you have the following serious side effects:",https://www.rxlist.com/advate-drug.htm
Advicor (Niacin XR and Lovastatin),niacin xr and lovastatin,", Lipid-Lowering Agents, Statins",Starting dose of Advicor is a single 500 mg/20 mg tablet once daily at bedtime. Maximum dose is 2000 mg/40 mg daily.,"Advicor (niacin extended-release and lovastatin) is a combination of vitamin B3 and a cholesterol-lowering medication used to lower cholesterol and triglycerides (types of fat) in the blood. Lowering cholesterol and triglycerides can help prevent heart disease and coronary artery disease (atherosclerosis), conditions that can lead to heart attack, stroke, and vascular disease. Advicor is also used to lower the risk of heart attack in people with high cholesterol who have already had a heart attack.","Common side effects of Advicor include: flushing (warmth, redness, itching, and tingling of the skin, especially of the face and neck), sweating, headache, dizziness, or chills within 2 to 4 hours after taking this medication. Flushing may persist for a few hours. These side effects should improve or go away after several weeks as your body adjusts to Advicor. Other side effects of Advicor include: stomach pain or upset, indigestion, nausea, vomiting, diarrhea, skin rash, back pain, or cold symptoms such as stuffy nose, sneezing, and sore throat",https://www.rxlist.com/advicor-drug.htm
"Adynovate (Antihemophilic Factor (Recombinant), PEGylated for Injection)","antihemophilic factor (recombinant), pegylated for injection","Coagulation Factors, Hemostatics",The dose of Adynovate for routine prophylaxis is 40-50 IU per kg body administered weight 2 times per week. The dose is adjusted based on the patient's clinical response.,"Adynovate [antihemophilic factor (recombinant), PEGylated] is a human antihemophilic factor indicated in adolescent and adult patients (12 years and older) with hemophilia A (congenital factor VIII deficiency) for on-demand treatment and control of bleeding episodes and routine prophylaxis to reduce the frequency of bleeding episodes. Adynovate is not indicated for the treatment of von Willebrand disease.","Adynovate may cause serious side effects including: hives, difficulty breathing, swelling of your face, lips, tongue, or throat, itching, rash, numbness, tingling, fever, dizziness, nausea, fast heartbeats, chest tightness, wheezing, pale skin, cold sweat, lightheadedness, fainting, increased bleeding episodes, any bleeding that will not stop, and chest pain Get medical help right away, if you have any of the symptoms listed above. Common side effects of Adynovate include: headache, nausea, diarrhea, and flushing Allergic reactions, including anaphylaxis, are possible.",https://www.rxlist.com/adynovate-drug.htm
Adzenys ER (Amphetamine Extended-Release Oral Suspension),amphetamine extended-release oral suspension,"Stimulants, ADHD Agents","The starting dose of Adzenys ER for pediatric patients (ages 6 to 17 years) is 6.3 mg (5 mL) once daily in the morning. Maximum dose is 18.8 mg (15 mL) for patients 6 to 12 years, and 12.5 mg (10 mL)",Adzenys ER (amphetamine) extended-release oral suspension is a central nervous system (CNS) stimulant indicated for the treatment of Attention Deficit Hyperactivity Disorder (ADHD) in patients 6 years and older.,"Common side effects of Adzenys ER for pediatric patients include: loss of appetite, insomnia, abdominal pain, mood changes, vomiting, nervousness, nausea, fever, weight loss, and nervousness. Common side effects of Adzenys ER for adult patients also include: dry mouth, headache, agitation, dizziness, fast heart rate, diarrhea, weakness or lack of energy, and urinary tract infections (UTIs).",https://www.rxlist.com/adzenys-er-drug.htm
Adzenys XR-ODT (Amphetamine Extended-release Orally Disintegrating Tablets),amphetamine extended-release orally disintegrating tablets,"Stimulants, ADHD Agents",The starting dose of Adzenys XR-ODT for pediatric patients (ages 6 to 17 years) is 6.3 mg once daily in the morning. The maximum dose of Adzenys XR-ODT is 18.8 mg once daily for patients 6 to 12 years,Adzenys XR-ODT (amphetamine extended-release orally disintegrating tablets) is a central nervous system (CNS) stimulant indicated for the treatment of Attention Deficit Hyperactivity Disorder (ADHD) in patients 6 years and older.,"Adzenys XR-ODT may cause serious side effects including: elevated blood pressure, coldness of the fingers or toes, numbness in fingers or toes, pain in fingers or toes, skin color changes, unusual wounds on the fingers or toes, mood or behavior changes, agitation, aggression, depression, abnormal thoughts, thoughts of suicide, uncontrolled movements, continuous chewing movements, teeth grinding, outbursts of wounds or sounds, change in sexual ability or desire, frequent or prolonged erections, shortness of breath, chest, jaw or left arm pain, unusual sweating, fainting, severe headache, fast, pounding or irregular heartbeat, seizures, swelling of ankles or feet, extreme tiredness, blurred vision, weakness on one side of the body, slurred speech, confusion, rash, itching, swelling of the face, tongue or throat, severe dizziness, and trouble breathing Get medical help right away, if you have any of the symptoms listed above. Common side effects of Adzenys XR-ODT include: loss of appetite, insomnia, abdominal pain, mood swings, vomiting, nervousness, nausea, fever, weight loss, dry mouth, anxiety, agitation, dizziness, diarrhea, fast heart rate, weakness, and urinary tract infections. Seek medical care or call 911 at once if you have the following serious side effects:",https://www.rxlist.com/adzenys-xr-odt-drug.htm
Aemcolo (Rifamycin Delayed-release Tablets),rifamycin delayed-release tablets,"Antibiotics, Other",The recommended dosage of Aemcolo is 388 mg (two tablets) orally twice daily for three days.,Aemcolo (rifamycin) is a rifamycin antibacterial indicated for the treatment of travelers' diarrhea caused by noninvasive strains of Escherichia coli in adults.,"Aemcolo may cause serious side effects including: hives, difficulty breathing, swelling of your face, lips, tongue, or throat, severe stomach pain, and diarrhea that is watery or bloody Get medical help right away, if you have any of the symptoms listed above. Common side effects of Aemcolo include: headache, constipation, abdominal pain, fever, and indigestion Seek medical care or call 911 at once if you have the following serious side effects:",https://www.rxlist.com/aemcolo-drug.htm
"Aerobid, Aerobid M (Flunisolide Inhaler)",flunisolide inhaler,,"The Aerobid Inhaler System is for oral inhalation only. Adults the recommended starting dose is 2 inhalations twice daily, morning and evening, for a total dose of 1 mg. The maximum daily dose should",Aerobid and Aerobid M (flunisolide) is an anti-inflammatory steroid and is indicated in the maintenance treatment of asthma as prophylactic therapy and is also indicated for asthma patients who require systemic corticosteroid administration. Aerobid is not indicated for the relief of acute bronchospasm. Aerobid is available in generic from.,"Common side effects of Aerobid and Aerobid M include; weakness, tired feeling, nausea, diarrhea, upset stomach, headache, dizziness, dryness in your mouth/nose/throat, white patches or sores inside your mouth or on your lips, stuffy nose, sinus pain, sore throat, cough, or hoarseness or deepened voice",https://www.rxlist.com/aerobid-drug.htm
Aerospan HFA (Flunisolide Hemihydrate),flunisolide hemihydrate,"Corticosteroids, Inhalants","The recommended starting dose of Aerospan for adults and adolescents 12 and older is 160 mcg twice daily, with a maximum dose of 320 mcg twice daily. The recommended starting dose of Aerospan for chil","Aerospan (flunisolide HFA, 80 mcg) Inhalation Aerosol is a corticosteroid used for the maintenance treatment of asthma as prophylactic therapy in adult and pediatric patients 6 years of age and older.","Aerospan HFA may cause serious side effects including: hives, difficulty breathing, swelling of your face, lips, tongue, or throat, severe ongoing nosebleeds, irritation, itching, sores or white patches in your nose, mouth, or throat, crusting around your nostrils, any wound that will not heal, fever, chills, and flu symptoms Get medical help right away, if you have any of the symptoms listed above. Common side effects of Aerospan HFA include headache, allergic reactions, vomiting, stomach upset, sore throat, nasal congestion, cough, sinus infection (sinusitis), yeast infection or thrush, or muscle aches or pain. Seek medical care or call 911 at once if you have the following serious side effects: Serious eye symptoms such as sudden vision loss, blurred vision, tunnel vision, eye pain or swelling, or seeing halos around lights; Serious heart symptoms such as fast, irregular, or pounding heartbeats; fluttering in your chest; shortness of breath; and sudden dizziness, lightheadedness, or passing out; Severe headache, confusion, slurred speech, arm or leg weakness, trouble walking, loss of coordination, feeling unsteady, very stiff muscles, high fever, profuse sweating, or tremors.",https://www.rxlist.com/aerospan-hfa-drug.htm
Afamelanotide Implant (Scenesse),afamelanotide implant,Melanocortin Agonists,"The dose of Scenesse is insertion of a single implant, containing 16 mg of afamelanotide, using an SFM Implantation Cannula or other implantation devices that have been determined by the manufacturer",Scenesse (afamelanotide) Implant is a melanocortin 1 receptor (MC1-R) agonist indicated to increase pain free light exposure in adult patients with a history of phototoxic reactions from erythropoietic protoporphyria (EPP).,"Scenesse may cause serious side effects including: hives, difficulty breathing, swelling of your face, lips, tongue, or throat, severe pain, swelling, or bleeding where the implant was placed, new or worsening skin lesions, any mole that has changed in size or color, and if the implant sticks out of your skin or comes out by itself Get medical help right away, if you have any of the symptoms listed above. Common side effects of Scenesse include: implant site reactions (bruising, discoloration, redness, bleeding, swelling, irritation, nodule, pain, itching), nausea, mouth pain/sore throat, cough, fatigue, dizziness, darkened skin (hyperpigmentation), drowsiness, melanocytic nevus , respiratory tract infection, non-acute porphyria, and skin irritation Seek medical care or call 911 at once if you have the following serious side effects:",https://www.rxlist.com/scenesse-drug.htm
"Afamitresgene Autoleucel Suspension, for Intravenous Infusion (Tecelra)","afamitresgene autoleucel suspension, for intravenous infusion",,The recommended dose of Tecelra is between 2.68 x 109 to 10 x 109 MAGE-A4 T-cell receptor (TCR) positive T cells.,"Tecelra (afamitresgene autoleucel) is a melanoma-associated antigen A4 (MAGE-A4)-directed genetically modified autologous T cell immunotherapy indicated for the treatment of adults with unresectable or metastatic synovial sarcoma who have received prior chemotherapy, are HLA-A*02:01P, -A*02:02P, -A*02:03P, or -A*02:06P positive and whose tumor expresses the MAGE-A4 antigen as determined by FDA-approved or cleared companion diagnostic devices.","Side effects of Tecelra include: systemic inflammatory response (cytokine release syndrome), nausea, vomiting, fatigue, infections, fever, constipation, shortness of breath, abdominal pain, non-cardiac chest pain, decreased appetite, fast heart rate, back pain, low blood pressure (hypotension), diarrhea, fluid retention (edema), decreased white cell blood count (including lymphocytes and neutrophils), decreased red blood cells, decreased platelet count, and pleural effusion. Seek medical care or call 911 at once if you have the following serious side effects: Serious eye symptoms such as sudden vision loss, blurred vision,tunnel vision,eye painor swelling, or seeing halos around lights; Serious heart symptoms such as fast, irregular, or pounding heartbeats; fluttering in your chest; shortness of breath; and sudden dizziness, lightheadedness, or passing out; Severe headache,confusion, slurred speech, arm or leg weakness, trouble walking, loss of coordination, feeling unsteady, very stiff muscles, high fever, profuse sweating, or tremors. This document does not contain all possible side effects and others may occur. Check with your physician for additional information about side effects.",https://www.rxlist.com/tecelra-drug.htm
"Afatinib Tablets, for Oral Use (Gilotrif)","afatinib tablets, for oral use","Antineoplastics EGFR Inhibitors, Antineoplastic Tyrosine Kinase Inhibitors","The recommended dose of Gilotrif is 40 mg orally once daily at least 1 hour before or 2 hours after a meal, until the disease progresses or the drug is no longer tolerated.","Gilotrif (afatinib) is a tyrosine kinase inhibitor used to treat non-small cell lung cancer (NSCLC) that has spread (metastasized), whose tumors have a genetic mutation called epidermal growth factor receptor (EGFR).","Gilotrif may cause serious side effects including: hives, difficulty breathing, swelling of your face, lips, tongue, or throat, new or worsening cough, fever, severe or ongoing diarrhea (lasting 2 days or longer), severe skin reaction that causes blistering and peeling, pain, redness, numbness, and peeling skin on your hands or feet, blisters or ulcers in your mouth, red or swollen gums, trouble swallowing, eye pain or redness, blurred vision, watery eyes, feeling like something is in your eye, increased sensitivity to light, stomach pain (upper right side), easy bruising, unusual bleeding, tiredness, dark urine, clay-colored stools, yellowing of the skin or eyes (jaundice), pounding heartbeats, fluttering in your chest, shortness of breath, swelling in your legs and ankles, and rapid weight gain Get medical help right away, if you have any of the symptoms listed above. Common side effects of Gilotrif include: diarrhea, rash, blisters or other skin lesions or reactions, inflammation of the mouth and lips, chapped lips, mouth sores, infection of the skin around fingernails or toenails, dry skin, acne, decreased appetite, weight loss, nausea, vomiting, itching, urinary tract or bladder infection, bloody nose, runny nose, fever, or pinkeye (conjunctivitis). Seek medical care or call 911 at once if you have the following serious side effects:",https://www.rxlist.com/gilotrif-drug.htm
Afeditab CR (Nifedipine Extended-Release Tablets),nifedipine extended-release tablets,"Calcium Channel Blockers, Dihydropyridine, Channel Blockers",Dosage of Afeditab CR is adjusted according to each patient's needs. The general starting dose of Afeditab CR is 30 mg once daily.,Afeditab CR (nifedipine extended-release tablets) is an extended release calcium channel blocker indicated for the treatment of hypertension. Afeditab CR may be used alone or in combination with other antihypertensive agents.,"Afeditab CR may cause serious side effects including: hives, difficulty breathing, swelling of your face, lips, tongue, or throat, fever, sore throat, burning eyes, skin pain, red or purple skin rash with blistering and peeling, worsening chest pain, pounding heartbeats, fluttering in your chest, lightheadedness, swelling in your hands or lower legs, upper stomach pain, and yellowing of the skin or eyes (jaundice) Get medical help right away, if you have any of the symptoms listed above. Common side effects of Afeditab CR include: headache, flushing (warmth, redness, tingly feeling), dizziness, fatigue, weakness, nausea, or constipation Seek medical care or call 911 at once if you have the following serious side effects:",https://www.rxlist.com/afeditab-cr-drug.htm
Afinitor (Everolimus Tablets),everolimus tablets,Antineoplastics mTOr Kinase Inhibitors,"The recommended dose of Afinitor is 10 mg, taken once daily.","Afinitor (everolimus) is an antineoplastic agent (cancer medication) used to treat advanced kidney cancer, and is usually given after sorafenib (Nexavar) or sunitinib (Sutent) have been tried without successful treatment of symptoms.","Common side effects of Afinitor include: diarrhea, constipation, nausea, vomiting, decreased appetite, weight loss, changes in taste or unusual taste in your mouth, nosebleeds, dry skin, acne, itching or skin rash, headache, pain or sores in the mouth and throat, cold symptoms (stuffy nose, sneezing, sore throat), temporary hair loss, or pain in your arms and legs. Tell your doctor if you have serious side effects of Afinitor including: swelling hands/ankles/feet, missed/heavy/painful periods, easy bruising or bleeding, unusual tiredness, mental/mood changes, or wound problems (such as slowed wound healing).",https://www.rxlist.com/afinitor-drug.htm
Afinitor Disperz (Everolimus Tablets),everolimus tablets,Antineoplastics mTOr Kinase Inhibitors,"The daily dose of Afinitor Disperz to treat breast cancer, NET, RCC, and TSC-associated renal angiomyolipoma is 10 mg orally once daily. The daily dose of Afinitor Disperz to treat SC-associated SEGA","Afinitor Disperz (everolimus tablets for oral suspension) is a kinase inhibitor indicated for the treatment of postmenopausal women with advanced hormone receptor-positive, HER2 negative breast cancer in combination with exemestane after failure of treatment with letrozole or anastrozole; adults with progressive neuroendocrine tumors of pancreatic origin (PNET) and adults with progressive, well-differentiated, non-functional neuroendocrine tumors (NET) of gastrointestinal (GI) or lung origin that are unresectable, locally advanced or metastatic; adults with advanced renal cell carcinoma (RCC) after failure of treatment with sunitinib or sorafenib; adults with renal angiomyolipoma and tuberous sclerosis complex (TSC), not requiring immediate surgery; adult and pediatric patients aged 1 year and older with TSC who have subependymal giant cell astrocytoma (SEGA) that requires therapeutic intervention but cannot be curatively resected; and for adjunctive treatment of adult and pediatric patients aged 2 years and older with TSC-associated partial-onset seizures.","Common side effects of Afinitor Disperz include: swelling and sores inside the mouth, infections (such as respiratory tract infection), rash, fatigue, diarrhea, swelling of extremities, abdominal pain, nausea, fever, weakness, cough, headache, decreased appetite, vomiting, constipation, dry mouth, weight loss, high blood sugar (hyperglycemia), joint pain, back pain, pain in extremities, changes in taste, insomnia, shortness of breath, nosebleed, pneumonitis, itching, hair loss, and hot flushes Seek medical care or call 911 at once if you have the following serious side effects: Serious eye symptoms such as sudden vision loss, blurred vision, tunnel vision, eye pain or swelling, or seeing halos around lights; Serious heart symptoms such as fast, irregular, or pounding heartbeats; fluttering in your chest; shortness of breath; and sudden dizziness, lightheadedness, or passing out; Severe headache, confusion, slurred speech, arm or leg weakness, trouble walking, loss of coordination, feeling unsteady, very stiff muscles, high fever, profuse sweating, or tremors. This document does not contain all possible side effects and others may occur. Check with your physician for additional information about side effects.",https://www.rxlist.com/afinitor-disperz-drug.htm
Afirmelle (Levonorgestrel and Ethinyl Estradiol Tablets),levonorgestrel and ethinyl estradiol tablets,,,Afirmelle (levonorgestrel and ethinyl estradiol tablets) is an oral contraceptive indicated for the prevention of pregnancy in women who elect to use oral contraceptives as a method of contraception. Afirmelle is available in generic form. Common side effects of Afirmelle include:,,https://www.rxlist.com/afirmelle-drug.htm
Aflibercept (Eylea),aflibercept,"Macular Degeneration Agents, Ophthalmics, VEGF Inhibitors","Eylea is supplied as a preservative-free, sterile, aqueous solution in a single-use, glass vial designed to deliver 0.05 mL (50 microliters) of Eylea in the strength of 40 mg/ml. Eylea is injected int",Eylea (aflibercept) is a recombinate protein indicated for the treatment of patients with Neovascular (Wet) Age-Related Macular Degeneration (AMD). AMD is a common cause of blindness.,"Common side effects of Eylea include: Eylea may cause serious side effects including: eye pain or redness, swelling around your eyes, sudden vision problems, seeing flashes of light or ""floaters"" in your vision, seeing halos around lights, increased sensitivity of your eyes to light, chest pain, sudden numbness or weakness (especially on one side of the body), sudden severe headaches, confusion, and problems with speech or balance Get medical help right away, if you have any of the symptoms listed above. burst blood vessel in the eye, eye pain or discomfort after the injection, cataracts, watery eyes, blurred vision, swelling of the eyelids, vitreous detachment, eye ""floaters,"" increased pressure within the eye, and feeling as if something is in the eye. Tell your doctor if you have serious side effects of Eylea including:",https://www.rxlist.com/eylea-drug.htm
Aflibercept Injection (Eylea HD),aflibercept injection,"Macular Degeneration Agents, Ophthalmics, VEGF Inhibitors",The recommended dose for Eylea HD to treat neovascular (wet) age-related macular degeneration (nAMD) is 8 mg (0.07 mL of 114.3 mg/mL solution) administered by intravitreal injection every 4 weeks (app,"Eylea HD (aflibercept) is a vascular endothelial growth factor (VEGF) inhibitor indicated for the treatment of patients with neovascular (wet) age-related macular degeneration (nAMD), diabetic macular edema (DME), diabetic retinopathy (DR), and macular edema following retinal vein occlusion (RVO).","Side effects of Eylea HD include: cataracts, bleeding in the eye, increased intraocular pressure, eye discomfort, pain, or irritation, blurred vision, eye floaters; vitreous detachment, corneal epithelium defect. Seek medical care or call 911 at once if you have the following serious side effects: Serious eye symptoms such as sudden vision loss, blurred vision, tunnel vision,eye pain or swelling, or seeing halos around lights; Serious heart symptoms such as fast, irregular, or pounding heartbeats; fluttering in your chest; shortness of breath; and sudden dizziness, lightheadedness, or passing out; Severe headache,confusion, slurred speech, arm or leg weakness, trouble walking, loss of coordination, feeling unsteady, very stiff muscles, high fever, profuse sweating, or tremors. This document does not contain all possible side effects and others may occur. Check with your physician for additional information about side effects.",https://www.rxlist.com/eylea-hd-drug.htm
"Aflibercept-abzv Injection, for Intravitreal Use (Enzeevu)","aflibercept-abzv injection, for intravitreal use","Macular Degeneration Agents, Ophthalmics, VEGF Inhibitors","The recommended dose for Enzeevu is 2 mg (0.05 mL of 40 mg/mL solution) administered by intravitreal injection every 4 weeks (approximately every 28 days, monthly) for the first 3 months, followed by",Enzeevu (aflibercept-abzv) is a vascular endothelial growth factor (VEGF) inhibitor for the treatment of patients with neovascular (wet) age-related macular degeneration (AMD). Enzeevu is biosimilar to Eylea (aflibercept).,"Side effects of Enzeevu include: bleeding in the eye, eye pain, cataracts, vitreous detachment, eye “floaters,” and increased intraocular pressure. Seek medical care or call 911 at once if you have the following serious side effects: Serious eye symptoms such as sudden vision loss, blurred vision,tunnel vision,eye painor swelling, or seeing halos around lights; Serious heart symptoms such as fast, irregular, or pounding heartbeats; fluttering in your chest; shortness of breath; and sudden dizziness, lightheadedness, or passing out; Severe headache,confusion, slurred speech, arm or leg weakness, trouble walking, loss of coordination, feeling unsteady, very stiff muscles, high fever, profuse sweating, or tremors. This document does not contain all possible side effects and others may occur. Check with your physician for additional information about side effects.",https://www.rxlist.com/enzeevu-drug.htm
"Aflibercept-ayyh Injection, for Intravitreal Use (Pavblu)","aflibercept-ayyh injection, for intravitreal use","Macular Degeneration Agents, Ophthalmics, VEGF Inhibitors",The recommended dose of Pavblu to treat neovascular (wet) age-related macular degeneration (AMD) is 2 mg (0.05 mL of 40 mg/mL solution) administered by intravitreal injection every 4 weeks (approximat,"Pavblu (aflibercept-ayyh) is a vascular endothelial growth factor (VEGF) inhibitor indicated for the treatment of patients with neovascular (wet) age-related macular degeneration (AMD), macular edema following retinal vein occlusion (RVO), diabetic macular edema (DME), and diabetic retinopathy (DR). Pavblu is biosimilar to Eylea (aflibercept).","Side effects of Pavblu include: bleeding in the eye, eye pain, cataracts, eye “floaters,” vitreous detachment, and increased intraocular pressure. Seek medical care or call 911 at once if you have the following serious side effects: Serious eye symptoms such as sudden vision loss, blurred vision,tunnel vision,eye painor swelling, or seeing halos around lights; Serious heart symptoms such as fast, irregular, or pounding heartbeats; fluttering in your chest; shortness of breath; and sudden dizziness, lightheadedness, or passing out; Severe headache,confusion, slurred speech, arm or leg weakness, trouble walking, loss of coordination, feeling unsteady, very stiff muscles, high fever, profuse sweating, or tremors. This document does not contain all possible side effects and others may occur. Check with your physician for additional information about side effects.",https://www.rxlist.com/pavblu-drug.htm
Aflibercept-jbvf Injection (Yesafili),aflibercept-jbvf injection,"Macular Degeneration Agents, Ophthalmics, VEGF Inhibitors",The recommended dose for Yesafili to treat neovascular (wet) age-related macular degeneration (AMD) is 2 mg (0.05 mL of 40 mg/mL solution) administered by intravitreal injection every 4 weeks (approxi,"Yesafili (aflibercept-jbvf) is a vascular endothelial growth factor (VEGF) inhibitor indicated for the treatment of patients with neovascular (wet) age-related macular degeneration (AMD), macular edema following retinal vein occlusion (RVO), diabetic macular edema (DME), and diabetic retinopathy (DR). Yesafili is biosimilar to Eylea (aflibercept).","Side effects of Yesafili include: bleeding in the eye, eye pain, cataracts, vitreous detachment, eye “floaters,” and increased intraocular pressure. Seek medical care or call 911 at once if you have the following serious side effects: Serious eye symptoms such as sudden vision loss, blurred vision,tunnel vision,eye painor swelling, or seeing halos around lights; Serious heart symptoms such as fast, irregular, or pounding heartbeats; fluttering in your chest; shortness of breath; and sudden dizziness, lightheadedness, or passing out; Severe headache,confusion, slurred speech, arm or leg weakness, trouble walking, loss of coordination, feeling unsteady, very stiff muscles, high fever, profuse sweating, or tremors. This document does not contain all possible side effects and others may occur. Check with your physician for additional information about side effects.",https://www.rxlist.com/yesafili-drug.htm
Aflibercept-mrbb Injection (Ahzantive),aflibercept-mrbb injection,"Macular Degeneration Agents, Ophthalmics, VEGF Inhibitors",The recommended dose for Ahzantive to treat neovascular (wet) age-related macular degeneration (AMD) is 2 mg (0.05 mL of 40 mg/mL solution) administered by intravitreal injection every 4 weeks (approx,"Ahzantive (aflibercept-mrbb) is a vascular endothelial growth factor (VEGF) inhibitor indicated for the treatment of patients with neovascular (wet) age-related macular degeneration (AMD), macular edema following retinal vein occlusion (RVO), diabetic macular edema (DME), and diabetic retinopathy (DR). Ahzantive is biosimilar to Eylea (aflibercept).","Side effects of Ahzantive include: bleeding in the eye, eye pain, cataract, vitreous detachment, eye “floaters,” and increased intraocular pressure. Seek medical care or call 911 at once if you have the following serious side effects: Serious eye symptoms such as sudden vision loss, blurred vision,tunnel vision,eye painor swelling, or seeing halos around lights; Serious heart symptoms such as fast, irregular, or pounding heartbeats; fluttering in your chest; shortness of breath; and sudden dizziness, lightheadedness, or passing out; Severe headache,confusion, slurred speech, arm or leg weakness, trouble walking, loss of coordination, feeling unsteady, very stiff muscles, high fever, profuse sweating, or tremors. This document does not contain all possible side effects and others may occur. Check with your physician for additional information about side effects.",https://www.rxlist.com/ahzantive-drug.htm
Aflibercept-yszy Injection (Opuviz),aflibercept-yszy injection,"Macular Degeneration Agents, Ophthalmics, VEGF Inhibitors",The recommended dose for Opuviz to treat neovascular (wet) age-related macular degeneration (AMD) is 2 mg (0.05 mL of 40 mg/mL solution) administered by intravitreal injection every 4 weeks (approxima,"Opuviz (aflibercept-yszy) is a vascular endothelial growth factor (VEGF) inhibitor indicated for the treatment of patients with neovascular (wet) age-related macular degeneration (AMD), macular edema following retinal vein occlusion (RVO), diabetic macular edema (DME), and diabetic retinopathy (DR). Opuviz is biosimilar to Eylea (aflibercept).","Side effects of Opuviz include: bleeding in the eye, eye pain, cataracts, vitreous detachment, eye “floaters,” and increased intraocular pressure. Seek medical care or call 911 at once if you have the following serious side effects: Serious eye symptoms such as sudden vision loss, blurred vision,tunnel vision,eye painor swelling, or seeing halos around lights; Serious heart symptoms such as fast, irregular, or pounding heartbeats; fluttering in your chest; shortness of breath; and sudden dizziness, lightheadedness, or passing out; Severe headache,confusion, slurred speech, arm or leg weakness, trouble walking, loss of coordination, feeling unsteady, very stiff muscles, high fever, profuse sweating, or tremors. This document does not contain all possible side effects and others may occur. Check with your physician for additional information about side effects.",https://www.rxlist.com/opuviz-drug.htm
Afluria (Influenza Virus Vaccine),influenza virus vaccine,"Vaccines, Inactivated, Viral","The dosage of Afluria is 0.5-mL intramuscular injection administered preferably in the upper arm. Children aged 5 to 8 years should receive 2 doses of vaccine, 4 weeks apart, if they have not been vac","Afluria (influenza virus vaccine) is a ""killed virus"" vaccine used to prevent infection caused by the influenza virus. The vaccine is redeveloped each year to contain specific strains of inactivated (killed) flu virus recommended by public health officials for that year.","Common side effects of Afluria include: injection site reactions that may last for 1-2 days (pain, redness, bruising, swelling, or a lump), fever, chills, muscle aches, joint pain, headache, fatigue, tired feeling, weakness, or fussiness or crying in children. Infrequently, temporary symptoms such as: fainting, dizziness, lightheadedness, vision changes, numbness or tingling, or seizure-like movements have happened after vaccine injections such as Afluria. Tell your doctor if you have these symptoms soon after receiving Afluria.",https://www.rxlist.com/afluria-drug.htm
Afluria Quadrivalent 2016 (Afluria Quadrivalent 2016),afluria quadrivalent 2016,"Vaccines, Inactivated, Viral",AFLURIA QUADRIVALENT is a sterile suspension for intramuscular injection (see DESCRIPTION). AFLURIA QUADRIVALENT is supplied in two presentations:,"Afluria Quadrivalent (Influenza Vaccine) Suspension for Intramuscular Injection 2016-2017 Formula is an inactivated influenza vaccine indicated for active immunization against influenza disease caused by influenza A subtype viruses and type B viruses contained in the vaccine, approved for use in persons 18 years of age and older. Common side effects of Afluria Quadrivalent include:",,https://www.rxlist.com/afluria-quadrivalent-drug.htm
Afluria Quadrivalent 2020 (2020 Influenza Vaccine Suspension for Intramuscular Injection),2020 influenza vaccine suspension for intramuscular injection,,"The dose of Afluria Quadrivalent for patients 9 years and older is one dose, 0.5 mL. The dose of Afluria Quadrivalent for patients 36 months through 8 years is one or two doses, 0.5 mL each. If 2 dose",Afluria Quadrivalent (influenza vaccine suspension for intramuscular injection 2020 -2021 formula) is an inactivated influenza vaccine indicated for active immunization against influenza disease caused by influenza A subtype viruses and type B viruses contained in the vaccine.,"Side effects of Afluria Quadrivalent include: injection-site reactions (pain, redness, swelling/lump, itching, and bruising), muscle pain, headache, feeling unwell (malaise), fatigue, irritability, diarrhea, and loss of appetite",https://www.rxlist.com/afluria-quadrivalent-2020-drug.htm
Afrezza (Insulin Human Inhalation Powder),insulin human inhalation powder,"Antidiabetics, Insulins, Antidiabetics, Rapid-Acting Insulins",4 unit and 8 unit single use cartridges to be administered via oral inhalation using a single inhalation per cartridge,Afrezza (insulin human) Inhalation Powder is a rapid acting inhaled insulin indicated to improve glycemic control in adult patients with diabetes mellitus.,"Afrezza may cause serious side effects including: hives, difficulty breathing, swelling of your face, lips, tongue, or throat, unusual muscle pain, feeling cold, dizziness, lightheadedness, tiredness, weakness, stomach pain, vomiting, slow or irregular heart rate, pink or red urine, painful or difficult urination, new or worsening urge to urinate, changes in your vision, swelling, rapid weight gain, shortness of breath, loss of appetite, nausea, vomiting, stomach pain, tiredness, dark urine, yellowing of the skin or eyes (jaundice), pale skin, unusual tiredness, shortness of breath, and cold hands and feet Get medical help right away, if you have any of the symptoms listed above. Common side effects of Afrezza include: low blood sugar (hypoglycemia), cough, sore throat, headache, diarrhea, fatigue, nausea, bronchitis, urinary tract infection, and weight gain. Seek medical care or call 911 at once if you have the following serious side effects:",https://www.rxlist.com/afrezza-drug.htm
Afstyla (Antihemophilic Factor Recombinant Intravenous Injection),antihemophilic factor recombinant intravenous injection,"Coagulation Factors, Hemostatics",The dose of Afstyla is based on the patient's body weight and desired Factor VIII rise.,"Afstyla [antihemophilic factor (recombinant), single chain for intravenous injection] is a recombinant, antihemophilic factor indicated in adults and children with hemophilia A (congenital Factor VIII deficiency) for on-demand treatment and control of bleeding episodes, routine prophylaxis to reduce the frequency of bleeding episodes, and perioperative management of bleeding.","Common side effects of Afstyla include: dizziness hypersensitivity numbness and tingling rash redness itching fever injection site pain chills, and feeling hot",https://www.rxlist.com/afstyla-drug.htm
Aftera (Levonorgestrel Tablet),levonorgestrel tablet,"Contraceptives, Oral, Progestins","Take one Aftera as soon as possible within 72 hours (3 days) after unprotected sex. The sooner you take it the better it will work. If you vomit within 2 hours after taking the medication, call a heal",Aftera (levonorgestrel tablet) is emergency contraception that helps prevent pregnancy after birth control failure or unprotected sex. It is a backup method of preventing pregnancy and should not be used as regular birth control.,"Common side effects of Aftera include: changes in menstrual periods (heavier or lighter, early or late), nausea, lower abdominal pain, tiredness, headache, dizziness, and breast tenderness",https://www.rxlist.com/aftera-drug.htm
"AfterPill (Levonorgestrel Tablet, 1.5 mg)","levonorgestrel tablet, 1.5 mg","Contraceptives, Oral","Take one AfterPill as soon as possible within 72 hours (3 days) after unprotected sex. The sooner you take it the better it will work. If you vomit within 2 hours after taking the medication, call a h",AfterPill (levonorgestrel tablet) is emergency contraception that helps prevent pregnancy after birth control failure or unprotected sex. It is a backup method of preventing pregnancy and should not be used as regular birth control.,"AfterPill may cause serious side effects including: hives, difficulty breathing, swelling of your face, lips, tongue, or throat, and vomiting within two hours of taking the medication Get medical help right away, if you have any of the symptoms listed above. Common side effects of AfterPill include: changes in menstrual periods (heavier or lighter, early or late), nausea, lower abdominal pain, tiredness, headache, dizziness, and breast tenderness Seek medical care or call 911 at once if you have the following serious side effects:",https://www.rxlist.com/afterpill-drug.htm
Agalsidase Beta (Fabrazyme),agalsidase beta,"Enzymes, Metabolic",The recommended dosage of Fabrazyme is 1.0 mg/kg body weight administered every 2 weeks as an IV infusion.,Fabrazyme (agalsidase beta) for intravenous infusion is a man-made form of the naturally-occurring enzyme a-galactosidase A that is used in the treatment of Fabry disease.,"Fabrazyme may cause serious side effects including: hives, difficulty breathing, swelling of your face, lips, tongue, or throat, skin rash, flushing (warmth, redness, or tingly feeling), trouble swallowing, chest discomfort, lightheadedness, fever, headache, chills, stuffy nose, muscle pain, back pain, dizziness, drowsiness, tiredness, pale skin, feeling hot or cold, itching, numbness or tingly feeling, swelling in your hands or feet, nausea, vomiting, tight feeling in your throat, stomach pain, diarrhea, chest pain, fast or slow heart rate, and shortness of breath Get medical help right away, if you have any of the symptoms listed above. Common side effects of Fabrazyme include signs of allergic reaction such as: difficulty breathing closing of the throat hives rash itching fever shaking chest tightness high or low blood pressure fast heartbeats muscle pain stomach pain nausea or vomiting dizziness numbness or tingling, and headache Seek medical care or call 911 at once if you have the following serious side effects:",https://www.rxlist.com/fabrazyme-drug.htm
Agamree (Vamorolone Oral Suspension),vamorolone oral suspension,Dissociated Steroids,"The recommended dosage of Agamree is 6 mg/kg taken orally once daily preferably with a meal, up to a maximum daily dosage of 300 mg for patients weighing more than 50 kg.",Agamree (vamorolone) is a corticosteroid indicated for the treatment of Duchenne muscular dystrophy (DMD) in patients 2 years of age and older.,"Side effects of Agamree include: cushingoid features (e.g., high blood pressure, increased abdominal fat, thinning of the limbs, purple stretch marks, facial rounding, facial swelling and puffiness, muscle weakness, easy and frequent bruising with thin fragile skin, posterior neck fat deposition, osteopenia, acne, loss of menstrual periods, excess unwanted hair growth, and psychiatric abnormalities), psychiatric disorders, [hypomanic or manic symptoms (e.g., euphoria, insomnia, mood swings) during treatment and depressive episodes after discontinuation of treatment], vomiting, weight gain, vitamin D deficiency, cough, headache, diarrhea, increased appetite, and runny nose. Seek medical care or call 911 at once if you have the following serious side effects: Serious eye symptoms such as sudden vision loss, blurred vision,tunnel vision,eye painor swelling, or seeing halos around lights; Serious heart symptoms such as fast, irregular, or pounding heartbeats; fluttering in your chest; shortness of breath; and sudden dizziness, lightheadedness, or passing out; Severe headache,confusion, slurred speech, arm or leg weakness, trouble walking, loss of coordination, feeling unsteady, very stiff muscles, high fever, profuse sweating, or tremors. This document does not contain all possible side effects and others may occur. Check with your physician for additional information about side effects.",https://www.rxlist.com/agamree-drug.htm
Agenerase Capsules (Amprenavir Capsules),amprenavir capsules,"HIV, Protease Inhibitors","The recommended oral dose of Agenerase Capsules for adults is 1,200 mg (twenty-four 50-mg capsules) twice daily in combination with other antiretroviral agents.","Agenerase (amprenavir) is a type of antiviral medication called a protease inhibitor used to treat HIV, which causes acquired immunodeficiency syndrome (AIDS). Agenerase is not a cure for HIV or AIDS. The brand name Agenerase is discontinued, but generic versions may be available.","Common side effects of Agenerase (amprenavir) include: nausea, vomiting, diarrhea, stomach pain, numbness or tingling especially around your mouth, rash, headache, mood changes, depression, changes in the sense of taste, or changes in the shape or location of body fat (especially in your arms, legs, face, neck, breasts, and waist) Seek medical care or call 911 at once if you have the following serious side effects: Serious eye symptoms such as sudden vision loss, blurred vision, tunnel vision, eye pain or swelling, or seeing halos around lights; Serious heart symptoms such as fast, irregular, or pounding heartbeats; fluttering in your chest; shortness of breath; and sudden dizziness, lightheadedness, or passing out; Severe headache, confusion, slurred speech, arm or leg weakness, trouble walking, loss of coordination, feeling unsteady, very stiff muscles, high fever, profuse sweating, or tremors. This document does not contain all possible side effects and others may occur. Check with your physician for additional information about side effects.",https://www.rxlist.com/agenerase-drug.htm
Agenerase Oral Solution (Amprenavir Oral Solution),amprenavir oral solution,"HIV, Protease Inhibitors",,"Agenerase (amprenavir) Oral Solution is a type of antiviral medication called a protease inhibitor, used to treat HIV, which causes acquired immunodeficiency syndrome (AIDS). It is not a cure for HIV or AIDS. The brand name Agenerase Oral Solution is discontinued, but generic versions may be available. Common side effects of Agenerase (amprenavir) Oral Solution include:",,https://www.rxlist.com/agenerase-oral-solution-drug.htm
Aggrastat (Tirofiban HCl),tirofiban hcl,", Glycoprotein IIb/IIIa Inhibitors","Aggrastat is administered intravenously in a clinical setting, at an initial rate of a 0.4 mcg/kg/min dose for 30 minutes and then continued at 0.1 mcg/kg/min.","Aggrastat (tirofiban hydrochloride) is an antiplatelet drug that works by keeping platelets in the blood from coagulating (clotting) used to prevent blood clots or heart attack in people with severe chest pain or other conditions, and in those who are undergoing an angioplasty procedure (to open blocked arteries).","Aggrastat may cause serious side effects including: hives, difficulty breathing, swelling of your face, lips, tongue, or throat, easy bruising or bleeding (nosebleeds, bleeding gums), bleeding around your IV or catheter, any bleeding that will not stop , bloody or tarry stools, coughing up blood, and vomit that looks like coffee grounds Get medical help right away, if you have any of the symptoms listed above. Common side effects of Aggrastat include: nausea, stomach pain, runny or stuffy nose, cough, sore throat, headache, dizziness, blood in the urine, excessive sweating, pelvic pain, or water retention. Tell your doctor if you have serious side effects of Aggrastat including:",https://www.rxlist.com/aggrastat-drug.htm
"Aggrenox (Aspirin, Extended-Release Dipyridamole Capsules)","aspirin, extended-release dipyridamole capsules","Antiplatelet Agents, Hematologic, Antiplatelet Agents, Hematologic","The recommended dose of Aggrenox is one 25 mg/200 mg capsule given orally twice daily, one in the morning and one in the evening.","Aggrenox (aspirin, extended-release dipyridamole) is a combination of a salicylate and a platelet aggregation inhibitor used to reduce the risk of stroke in people who have had blood clots or a ""mini-stroke"" (also called a transient ischemic attack or TIA). Aggrenox may be available in generic form.","Aggrenox may cause serious side effects including: hives, difficulty breathing, swelling of your face, lips, tongue, or throat, new or worsening chest pain, lightheadedness, hearing problems, ringing in your ears, upper stomach pain, itching, loss of appetite, dark urine, clay-colored stools, yellowing of the skin or eyes (jaundice), stomach pain, severe heartburn, bloody or tarry stools, coughing up blood, vomit that looks like coffee grounds, confusion, memory problems, severe headache, and fainting Get medical help right away, if you have any of the symptoms listed above. Common side effects of Aggrenox include: headache, nausea, vomiting, upset stomach, heartburn, diarrhea, joint pain, or drowsiness. Tell your doctor if you have serious side effects of Aggrenox including:",https://www.rxlist.com/aggrenox-drug.htm
Agriflu (Influenza Virus Vaccine for Intramuscular Injection),influenza virus vaccine for intramuscular injection,"Vaccines, Inactivated, Viral",AGRIFLU is a sterile clear aqueous suspension for intramuscular injection that is supplied in two presentations: 0.5 mL single-dose pre-filled syringes with no preservative. 5.0 mL multi-dose vial con,Agriflu (Influenza Virus Vaccine) is an immunization used to prevent disease caused by influenza virus subtypes A and type B contained in the vaccine. Common side effects of Agriflu include:,,https://www.rxlist.com/agriflu-drug.htm
Agrylin (Anagrelide),anagrelide,"Antiplatelet Agents, Hematologic","The recommended adult starting dosage of Agrylin is 0.5 mg four times daily or 1 mg twice daily (2 capsules of 0.5 mg twice a day), for at least one week. Starting doses in pediatric patients range fr","Agrylin (anagrelide hydrochloride) is a platelet-reducing agent used to treat thrombocythemia (also called thrombocytosis), a blood cell disorder in which too many platelet cells are produced, causing bleeding or blood-clotting problems. Agrylin is available in generic form.","Agrylin may cause serious side effects including: hives, difficulty breathing, swelling of your face, lips, tongue, or throat, easy bruising, unusual bleeding (nosebleeds, bleeding gums), bloody or tarry stools, coughing up blood, vomit that looks like coffee grounds, chest pain or pressure, fast or pounding heartbeats, fluttering in your chest, sudden dizziness, shortness of breath, swelling in your lower legs, and blue colored lips or skin Get medical help right away, if you have any of the symptoms listed above. Common side effects of Agrylin include: headache, diarrhea, constipation, weakness, stomach pain, upset stomach, gas, nausea, vomiting, loss of appetite, dizziness, rash or itching, runny or stuffy nose, sore throat, numbness or tingly feeling, back pain, vision problems, or ringing in your ears. Tell your doctor if you have serious side effects of Agrylin including:",https://www.rxlist.com/agrylin-drug.htm
"Aimovig (Erenumab-aooe Injection, for Subcutaneous Use)","erenumab-aooe injection, for subcutaneous use",CGRP Monoclonal Antibodies,"The recommended dosage of Aimovig is 70 mg once monthly; some patients may benefit from a dosage of 140 mg once monthly, which is administered as two consecutive subcutaneous injections of 70 mg each.",Aimovig (erenumab-aooe) Injection is a calcitonin gene-related peptide receptor antagonist indicated for the preventive treatment of migraine in adults.,"Common side effects of Aimovig include: injection site reactions (pain or redness), constipation, and muscle spasms or cramps Seek medical care or call 911 at once if you have the following serious side effects: Serious eye symptoms such as sudden vision loss, blurred vision, tunnel vision, eye pain or swelling, or seeing halos around lights; Serious heart symptoms such as fast, irregular, or pounding heartbeats; fluttering in your chest; shortness of breath; and sudden dizziness, lightheartedness, or passing out; Severe headache, confusion, slurred speech, arm or leg weakness, trouble walking, loss of coordination, feeling unsteady, very stiff muscles, high fever, profuse sweating, or tremors. This document does not contain all possible side effects and others may occur. Check with your physician for additional information about side effects.",https://www.rxlist.com/aimovig-drug.htm
Air polymer-type A Intrauterine Foam (ExEm Foam),air polymer-type a intrauterine foam,How Do Diagnosing Imaging Agents Work?,"The recommended dose of ExEm Foam is 2 mL to 3 mL by intrauterine infusion using a 5-Fr or larger catheter. The dose of ExEm Foam may be repeated in 2 mL to 3 mL increments, as needed, to achieve visu",ExEm Foam (air polymer-type A) is an ultrasound contrast agent indicated for sonohysterosalpingography to assess fallopian tube patency in women with known or suspected infertility.,"ExEm Foam may cause serious side effects including: hives, difficulty breathing, swelling of your face, lips, tongue, or throat, and severe dizziness Get medical help right away, if you have any of the symptoms listed above. Side effects of ExEm Foam include: pelvic and abdominal pain, nausea and faintness, and post-procedure spotting Seek medical care or call 911 at once if you have the following serious side effects:",https://www.rxlist.com/exem-foam-drug.htm
Airduo Digihaler (Fluticasone Propionate and Salmeterol Inhalation Powder),fluticasone propionate and salmeterol inhalation powder,"Respiratory Inhalant Combos, COPD Agents, Respiratory Inhalant Combos","The dose of Airduo Digihaler is 1 inhalation of AirDuo Digihaler 55/14 mcg, 113/14 mcg, or 232/14 mcg twice daily.",Airduo Digihaler (fluticasone propionate and salmeterol) is a combination of a corticosteroid and a long-acting beta2-adrenergic agonist (LABA) indicated for treatment of asthma in patients aged 12years and older. AirDuo Digihaler should be used for patients not adequately controlled on a long term asthma control medication such as an inhaled corticosteroid or whose disease warrants initiation of treatment with both an inhaled corticosteroid and long acting beta2-adrenergic agonist (LABA).,"Airduo Digihaler may cause serious side effects including: hives, difficulty breathing, swelling of your face, lips, tongue, or throat, wheezing, choking, other breathing problems after using this medicine, fever, chills, cough with mucus, shortness of breath, chest pain, fast or irregular heartbeats, severe headache, pounding in your neck or ears, tremors, nervousness, blurred vision, tunnel vision, eye pain, seeing halos around lights, sores or white patches in your mouth or throat, trouble swallowing, increased thirst, increased urination, dry mouth, fruity breath odor, leg cramps, constipation, fluttering in your chest, increased thirst or urination, numbness or tingling, muscle weakness, limp feeling, worsening tiredness, weakness, lightheadedness, nausea, and vomiting Get medical help right away, if you have any of the symptoms listed above. Common side effects of Airduo Digihaler include: stuffy or runny nose, oral thrush, headache, cough, and back pain Seek medical care or call 911 at once if you have the following serious side effects:",https://www.rxlist.com/airduo-digihaler-drug.htm
AirDuo RespiClick Inhalation Powder (Fluticasone Propionate and Salmeterol),fluticasone propionate and salmeterol,"Respiratory Inhalant Combos, COPD Agents, Respiratory Inhalant Combos","The starting dosage of Airduo Respiclick is based on prior asthma therapy and disease severity. To treat asthma in patients 12 years and older the dose is 1 inhalation of Airduo Respiclick 55/14 mcg,",Airduo Respiclick (fluticasone propionate and salmeterol) inhalation powder is a fixed dose combination product containing a corticosteroid and a LABA indicated for treatment of asthma in patients aged 12 years and older.,"AirDuo RespiClick may cause serious side effects including: hives, difficulty breathing, swelling of your face, lips, tongue, or throat, wheezing, choking, other breathing problems after using this medicine, fever, chills, cough with mucus, shortness of breath, chest pain, fast or irregular heartbeats, severe headache, pounding in your neck or ears, tremors, nervousness, blurred vision, tunnel vision, eye pain, seeing halos around lights, sores or white patches in your mouth or throat, trouble swallowing, increased thirst, increased urination, dry mouth, fruity breath odor, leg cramps, constipation, irregular heartbeats, fluttering in your chest, numbness or tingling, muscle weakness, limp feeling, worsening tiredness , weakness, lightheadedness, nausea, and vomiting Get medical help right away, if you have any of the symptoms listed above. Common side effects of Airduo Respiclick include: runny or stuffy nose, oral thrush (oral candidiasis), back pain, headache, and cough. Seek medical care or call 911 at once if you have the following serious side effects:",https://www.rxlist.com/airduo-respiclick-drug.htm
"Airsupra (Albuterol and Budesonide Inhalation Aerosol, for Oral Inhalation)","albuterol and budesonide inhalation aerosol, for oral inhalation",Respiratory Inhalant Combos,The recommended dosage of Airsupra is 180 mcg/160 mcg (administered as 2 actuations of albuterol/budesonide 90 mcg/80 mcg) by oral inhalation as needed for asthma symptoms. Do not take more than 6 dos,Airsupra (albuterol and budesonide) is a combination of a beta2-adrenergic agonist and a corticosteroid indicated for the as-needed treatment or prevention of bronchoconstriction and to reduce the risk of exacerbations in patients with asthma 18 years of age and older.,"Airsupra may cause serious side effects including: hives, difficulty breathing, swelling of your face, lips, tongue, or throat, worsening trouble breathing, coughing, wheezing, fast or abnormal heart rate, high blood pressure, rash, redness or swelling, severe itching, chest pain, fever, chills, flu-like symptoms, tiredness, nausea, vomiting, white spots in your mouth or throat, back pain, bone fracture, loss of height, fatigue, weakness, and vision changes Get medical help right away, if you have any of the symptoms listed above. Side effects of Airsupra include: headache, oral thrush, cough, and difficulty speaking. Seek medical care or call 911 at once if you have the following serious side effects:",https://www.rxlist.com/airsupra-drug.htm
Ajovy (Fremanezumab-vfrm Injection),fremanezumab-vfrm injection,CGRP Monoclonal Antibodies,"Two subcutaneous dosing options of Ajovy are available to administer the recommended dosage: 225 mg monthly, or 675 mg every 3 months (quarterly). The 675 mg quarterly dosage is administered as three",Ajovy (fremanezumab-vfrm) is a calcitonin gene-related peptide antagonist indicated for the preventive treatment of migraine in adults.,"Ajovy may cause serious side effects including: hives, difficulty breathing, swelling of your face, lips, tongue, or throat Get medical help right away, if you have any of the symptoms listed above. Common side effects if Ajovy include: injection site reactions (pain, swelling, and redness) Seek medical care or call 911 at once if you have the following serious side effects:",https://www.rxlist.com/ajovy-drug.htm
Ak-Fluor (Fluorescein Injection),fluorescein injection,,Dosing of AK-Fluor is determined by a physician.,AK-Fluor (fluorescein injection) is a diagnostic agent used in fluorescein angiography or angioscopy of the fundus and of the iris vasculature. AK-Fluor is available in generic form.,"Common side effects of AK-Fluor include: nausea headache gastrointestinal distress fainting vomiting low blood pressure (hypotension) symptoms and signs of hypersensitivity, and injection site reactions (pain or aches, blood clots)",https://www.rxlist.com/ak-fluor-drug.htm
AK-Pentolate (Cyclopentolate Hydrochloride Ophthalmic Solution),cyclopentolate hydrochloride ophthalmic solution,"Anticholinergic Agents, Ophthalmic, Cycloplegics/Mydriatics",,AK-Pentolate (cyclopentolate hydrochloride ophthalmic solution) is an anticholinergic used to dilated the pupils (to produce mydriasis and cycloplegia). Common side effects of AK-Pentolate include:,,https://www.rxlist.com/ak-pentolate-drug.htm
Akeega (Niraparib and Abiraterone Acetate Tablets),niraparib and abiraterone acetate tablets,"Antiandrogens, Antineoplastics PARP Inhibitors","The recommended dosage of Akeega is 200 mg niraparib/1,000 mg abiraterone acetate orally once daily in combination with 10 mg prednisone daily until disease progression or unacceptable toxicity. Patie",Akeega (niraparib and abiraterone acetate) is a combination a poly (ADP-ribose) polymerase (PARP) inhibitor and a CYP17 inhibitor indicated for use with prednisone for the treatment of adult patients with deleterious or suspected deleterious BRCA-mutated (BRCAm) metastatic castration-resistant prostate cancer (mCRPC). Patients are selected for therapy based on an FDA-approved test for Akeega.,"Side effects of Akeega include: musculoskeletal pain, fatigue, constipation, high blood pressure (hypertension), nausea, fluid retention (edema), shortness of breath, decreased appetite, vomiting, dizziness, COVID-19, headache, abdominal pain, bleeding, urinary tract infection (UTI), cough, insomnia, weight loss, irregular heartbeats (arrhythmia), falls, fever, decreased hemoglobin, decreased white blood cells, decreased platelets, increased alkaline phosphatase, increased creatinine, increased or decreased potassium, increased AST, increased ALT, and increased bilirubin. Seek medical care or call 911 at once if you have the following serious side effects: Serious eye symptoms such as sudden vision loss, blurred vision,tunnel vision,eye painor swelling, or seeing halos around lights; Serious heart symptoms such as fast, irregular, or pounding heartbeats; fluttering in your chest; shortness of breath; and sudden dizziness, lightheadedness, or passing out; Severe headache,confusion, slurred speech, arm or leg weakness, trouble walking, loss of coordination, feeling unsteady, very stiff muscles, high fever, profuse sweating, or tremors. This document does not contain all possible side effects and others may occur. Check with your physician for additional information about side effects.",https://www.rxlist.com/akeega-drug.htm
Akineton (Biperiden),biperiden,"Antiparkinson Agents, Anticholinergics",The usual starting dose of Akineton to treat Parkinson's disease is one tablet taken orally three or four times daily. The dosage is individualized and may be increased to a maximum of 8 tablets (16 m,"Akineton (biperiden hydrochloride) Tablet is an anticholinergic antiparkinson agent used to treat the stiffness, tremors, spasms, and poor muscle control of Parkinson's disease. Akineton is also used to treat and prevent these same muscular conditions when they are caused by drugs such as chlorpromazine, fluphenazine, perphenazine, and others.","Akineton may cause serious side effects including: anxiety, chest pain or discomfort, chills, cold sweats, confusion, decrease in urine and frequency, unusual tiredness, false or unusual sense of wellbeing, hyperventilation, irregular heartbeats, involuntary movements, irritability, mood changes, dizziness, lightheadedness, dry mouth, nervousness, painful urination, restlessness, shortness of breath, trouble sleeping, shaking, slow or irregular heartbeat, and unusual tiredness Get medical help right away, if you have any of the symptoms listed above. Common side effects of Akineton include: dry mouth/nose/throat, blurred vision, drowsiness, euphoria or disorientation, urinary retention, dizziness when standing up, constipation, nausea, vomiting, agitation, disturbed behavior, decreased sweating, difficult or painful urination, involuntary movements, slow heart rate, and a reduction in rapid eye movement (REM) sleep. Seek medical care or call 911 at once if you have the following serious side effects:",https://www.rxlist.com/akineton-drug.htm
Aklief (Trifarotene Cream),trifarotene cream,"Retinoid-like Agents, Topical, Retinoid-like Agents, Topical, Acne Agents, Topical","The dose of Aklief Cream is a thin layer applied to the affected areas of the face and/or trunk once a day, in the evening, on clean and dry skin.",Aklief (trifarotene) Cream is a retinoid indicated for the topical treatment of acne vulgaris in patients 9 years of age and older.,"Common side effects of Aklief include: application site reactions such as: irritation, itching, pain, redness, dryness, stinging/burning, discoloration, rash, swelling, and lesions sunburn, acne, and allergic dermatitis Seek medical care or call 911 at once if you have the following serious side effects: Serious eye symptoms such as sudden vision loss, blurred vision, tunnel vision, eye pain or swelling, or seeing halos around lights; Serious heart symptoms such as fast, irregular, or pounding heartbeats; fluttering in your chest; shortness of breath; and sudden dizziness, lightheartedness, or passing out; Severe headache, confusion, slurred speech, arm or leg weakness, trouble walking, loss of coordination, feeling unsteady, very stiff muscles, high fever, profuse sweating, or tremors. This document does not contain all possible side effects and others may occur. Check with your physician for additional information about side effects.",https://www.rxlist.com/aklief-drug.htm
Akovaz (Ephedrine Sulfate Injection),ephedrine sulfate injection,Alpha/Beta Adrenergic Agonists,"A dose of Akovaz injection, 50 mg/mL, (equivalent to 38 mg ephedrine base) is injected intravenously as a bolus.",Akovaz (ephedrine sulfate injection) is an alpha- and beta- adrenergic agonist and a norepinephrine-releasing agent that is indicated for the treatment of clinically important low blood pressure (hypotension) occurring in the setting of anesthesia.,"Common side effects of Akovaz include: nausea vomiting rapid heart rate palpitations dizziness, and restlessness",https://www.rxlist.com/akovaz-drug.htm
Akten (Lidocaine Hydrochloride Ophthalmic Gel),lidocaine hydrochloride ophthalmic gel,"Anesthetics, Ophthalmic",The recommended dose of Akten is 2 drops applied to the ocular surface in the area of the planned procedure.,Akten (lidocaine hydrochloride) Ophthalmic Gel 3.5% is a topical eye anesthetic used for ocular surface anesthesia during ophthalmologic procedures.,"Common side effects of Akten include: eye redness (enlarged blood vessels in the eye) corneal changes headache, and burning when you apply the drops",https://www.rxlist.com/akten-drug.htm
Aktipak (Erythromycin 3%-Benzoyl Peroxide 5% Topical Gel),erythromycin 3%-benzoyl peroxide 5% topical gel,"Acne Agents, Topical Combos","Aktipak requires thorough mixing by the patient immediately prior to each use. Aktipak should be applied twice daily, morning and evening, or as directed by a physician, to affected areas after the sk",Aktipak (erythromycin 3%-benzoyl peroxide 5% topical gel) is a combination of a macrolide antibiotic and an oxidizing agent with antibacterial properties indicated for the topical treatment of acne vulgaris.,"Aktipak may cause serious side effects including: hives, difficulty breathing, swelling of your face, lips, tongue, or throat, itching, lightheadedness, severe redness, burning, stinging, or peeling of treated skin areas, and diarrhea that is watery or bloody Get medical help right away, if you have any of the symptoms listed above. Common side effects of Aktipak include: dry skin, application site reactions (stinging, redness, and burning), swollen or puffy eyelids, itching, photosensitivity reactions (sunburn, stinging with sun exposure), and peeling. Seek medical care or call 911 at once if you have the following serious side effects:",https://www.rxlist.com/aktipak-drug.htm
Akynzeo (Netupitant and Palonosetron Capsules),netupitant and palonosetron capsules,"Antiemetics, Selective 5-HT3 Antagonist, Antiemetic Agents, NK1 Receptor Antagonists",The recommended dosage in adults is one capsule of Akynzeo administered approximately 1 hour prior to the start of chemotherapy with dexamethasone 12 mg administered orally 30 minutes prior to chemoth,"Akynzeo (netupitant and palonosetron) is a combination of anti-nausea and anti-emetic drugs used for the prevention of acute and delayed nausea and vomiting associated with initial and repeat courses of cancer chemotherapy, including, but not limited to, highly emetogenic chemotherapy.","Akynzeo may cause serious side effects including: hives, difficulty breathing, swelling of your face, lips, tongue, or throat, chest pain, agitation, hallucinations, fever, sweating, shivering, fast heart rate, muscle stiffness, twitching, loss of coordination, nausea, vomiting, and diarrhea Get medical help right away, if you have any of the symptoms listed above. Common side effects of Akynzeo include: headache, weakness, indigestion, fatigue, constipation, and skin redness Seek medical care or call 911 at once if you have the following serious side effects:",https://www.rxlist.com/akynzeo-drug.htm
Alamast (Pemirolast Potassium Ophthalmic Solution),pemirolast potassium ophthalmic solution,"Antihistamines, Ophthalmic,",The recommended dose of Alamast is one to two drops in each affected eye four times daily. Do not use other eye medications during treatment with Alamast ophthalmic unless directed by your doctor.,"Alamast (pemirolast potassium) ophthalmic solution is a mast cell stabilizer, which is an anti-allergic medication, used to treat ocular (eye) symptoms of allergic conditions, such as itching.","Common side effects of Alamast include: headache, runny or stuffy nose , sneezing, eye burning or discomfort, itchy eyes, feeling as if something is in your eye, dry eyes, other eye discomfort, allergic reactions (rash, hives, itching), back pain, difficulty breathing, or fever",https://www.rxlist.com/alamast-drug.htm
Albendazole (Albenza),albendazole,Anthelmintics,"Dosing of Albenza varies, depending upon which parasitic infection is being treated.","Albenza (albendazole) is a broad spectrum anthelmintic, or anti-worm medication used to treat certain infections caused by worms such as pork tapeworm and dog tapeworm.","Common side effects of Albenza include: nausea, vomiting, stomach and abdominal pain, headache, dizziness, or temporary hair loss. Tell your doctor if you have serious side effects of Albenza including: vision changes, yellowing eyes or skin, severe stomach or abdominal pain, dark urine, unusual tiredness, easy bruising or bleeding, signs of infection (e.g., fever, persistent sore throat), changes in the amount of urine, severe or persistent headache, seizures, confusion, or very stiff neck.",https://www.rxlist.com/albenza-drug.htm
"Albiglutide Pen for Injection, for Subcutaneous Use (Tanzeum)","albiglutide pen for injection, for subcutaneous use","Antidiabetics, Glucagon-like Peptide-1 Agonists","The recommended dosage of Tanzeum is 30 mg once weekly given as a subcutaneous injection in the abdomen, thigh, or upper arm region. The dosage may be increased to 50 mg once weekly if the glycemic re","Tanzeum (albiglutide) Pen for Injection for Subcutaneous Use is a GLP-1 receptor agonist, a recombinant fusion protein used as an adjunct to diet and exercise to improve glycemic control in adults with type 2 diabetes mellitus.","Common side effects of Tanzeum include: diarrhea, nausea, injection site reactions (such as itching, rash, redness, bleeding, itching), cough, back pain, joint pain, diarrhea, sinus infection (sinusitis), upper respiratory tract infections, vomiting, indigestion/heartburn, and cold or flu symptoms.",https://www.rxlist.com/tanzeum-drug.htm
Albuked (Albumin - Human Injection),albumin - human injection,"Alpha-1 proteinase inhibitor, Volume Expanders","The concentration of Albuked used, its dosage, and infusion rate should be adjusted to the patient's individual requirements and clinical indication.","Albuked (albumin - human solution) is an albumin solution used for emergency treatment of hypovolemic shock, burn therapy, cardiopulmonary bypass, acute liver failure, and for sequestration of protein rich fluids (that occurs in such conditions as acute peritonitis, pancreatitis, mediastinitis, and extensive cellulitis).","Side effects of Albuked are rare and may include: allergic reactions such as hives, chills, fever, and changes in respiration, pulse and blood pressure Seek medical care or call 911 at once if you have the following serious side effects: Serious eye symptoms such as sudden vision loss, blurred vision, tunnel vision, eye pain or swelling, or seeing halos around lights; Serious heart symptoms such as fast, irregular, or pounding heartbeats; fluttering in your chest; shortness of breath; and sudden dizziness, lightheadedness, or passing out; Severe headache, confusion, slurred speech, arm or leg weakness, trouble walking, loss of coordination, feeling unsteady, very stiff muscles, high fever, profuse sweating, or tremors. This document does not contain all possible side effects and others may occur. Check with your physician for additional information about side effects.",https://www.rxlist.com/albuked-drug.htm
Albumin (Human) (Albuminar),albumin (human),"Alpha-1 proteinase inhibitor, Volume Expanders",Albuminar-25 is administered intravenously. Dosage depends on the condition being treated.,"Albuminar-25 [albumin (Human)] 25% is the protein portion of the blood used to treat shock, burns, and low blood protein. Albuminar-25 is available in generic form.","Common side effects of Albuminar-25 include : fever and chills, rash, nausea, vomiting, rapid heart rate, low blood pressure, swelling, headache, flushing (warmth or tingly feeling), itching, or allergic reactions Seek medical care or call 911 at once if you have the following serious side effects: Serious eye symptoms such as sudden vision loss, blurred vision, tunnel vision, eye pain or swelling, or seeing halos around lights; Serious heart symptoms such as fast, irregular, or pounding heartbeats; fluttering in your chest; shortness of breath; and sudden dizziness, lightheadedness, or passing out; Severe headache, confusion, slurred speech, arm or leg weakness, trouble walking, loss of coordination, feeling unsteady, very stiff muscles, high fever, profuse sweating, or tremors. This document does not contain all possible side effects and others may occur. Check with your physician for additional information about side effects.",https://www.rxlist.com/albuminar-drug.htm
Albumin (Human) 5% Solution (Buminate 5%),albumin (human) 5% solution,"Alpha-1 proteinase inhibitor, Volume Expanders",Buminate 5% Albumin is administered intravenously. The dose depends on the condition being treated and the patient's body weight.,"Buminate 5% Albumin (Human) Solution is a plasma substitute used to treat decreased blood volume (hypovolemia), low levels of albumin in the blood (hypoalbuminemia), and to treat burns when used in conjunction with appropriate crystalloid therapy. Buminate 5% is available in generic form.","Buminate 5% may cause serious side effects including: hives, difficulty breathing, swelling of your face, lips, tongue, or throat, cough, lightheadedness, weak or shallow breathing, throbbing headache, blurred vision, buzzing in your ears, anxiety, confusion, sweating, pale skin, severe shortness of breath, wheezing, gasping for breath, cough with foamy mucus, chest pain, and fast or uneven heart rate Get medical help right away, if you have any of the symptoms listed above. Side effects of Buminate 5% are uncommon but may include: nausea fever chills, or hives Seek medical care or call 911 at once if you have the following serious side effects:",https://www.rxlist.com/buminate-5-drug.htm
"Albumin (Human) U.S.P.] Sterile, Aqueous Solution for Single Dose Intravenous Administration (Kedbumin)","albumin (human) u.s.p.] sterile, aqueous solution for single dose intravenous administration",Volume Expanders,"Concentration, dosage, and infusion-rate of Kedbumin is adjusted to the patient's individual requirements and indication. The daily dosage of Kedbumin should not exceed 2g per kg body weight.","Kedbumin (albumin- human injection, solution) is a 25% albumin solution indicated for hypovolemia and hypoalbuminemia, prevention of central volume depletion after paracentesis due to cirrhotic ascites, ovarian hyperstimulation syndrome (OHSS), adult respiratory distress syndrome (ARDS), burns, hemodialysis patients undergoing long term dialysis, patients who cannot tolerate substantial volumes of salt solution, and priming as part of a cardiopulmonary bypass fluids.","Side effects of Kedbumin are uncommon and typically short-term, and include: abdominal pain, fever, chills, rash, nausea, vomiting , fast heart rate, and low blood pressure (hypotension)",https://www.rxlist.com/kedbumin-drug.htm
"Albumin (Human) USP, 5% Solution (Flexbumin)","albumin (human) usp, 5% solution",Volume Expanders,FLEXBUMIN 5% is a solution containing 5 g of albumin per 100 mL.,"Flexbumin (albumin human injection, solution) is an albumin solution indicated for low blood volume (hypovolemia), hypoalbuminemia: burns, and cardiopulmonary bypass surgery.","Side effects of Flexbumin are rare and may include: hypersensitivity reaction (including anaphylactic reaction) and fluid in the lungs (pulmonary edema) Seek medical care or call 911 at once if you have the following serious side effects: Serious eye symptoms such as sudden vision loss, blurred vision, tunnel vision, eye pain or swelling, or seeing halos around lights; Serious heart symptoms such as fast, irregular, or pounding heartbeats; fluttering in your chest; shortness of breath; and sudden dizziness, lightheadedness, or passing out; Severe headache, confusion, slurred speech, arm or leg weakness, trouble walking, loss of coordination, feeling unsteady, very stiff muscles, high fever, profuse sweating, or tremors. This document does not contain all possible side effects and others may occur. Check with your physician for additional information about side effects. Dosage for Flexbumin",https://www.rxlist.com/flexbumin-drug.htm
Albumin - Human Injection (Albutein),albumin - human injection,Alpha-1 proteinase inhibitor,"The dose of Albutein required depends on the patient's body weight, severity of injury/illness and on continuing fluid and protein losses.","Albutein (albumin - human injection, solution) is an albumin solution indicated for low blood volume (hypovolemia), cardiopulmonary bypass procedures, acute nephrosis, hypoalbuminemia, ovarian hyperstimulation syndrome, neonatal hyperbilirubinemia, adult respiratory distress syndrome (ARDS), and to prevent central volume depletion after paracentesis due to cirrhotic ascites.",Side effects of Albutein include: anaphylactoid type reactions,https://www.rxlist.com/albutein-drug.htm
Albumin - Human Injection (AlbuRx),albumin - human injection,,The dosage of AlbuRx solution is based on the indications and usage but should always be adapted to the individual situation.,"AlbuRx (albumin - human solution) contains the albumin component of human blood used for low blood volume (hypovolemia), hypoproteinemia, shock, burns, adult respiratory distress syndrome (ARDS), cardiopulmonary bypass, pre- and postoperative hypoproteinemia, third space problems of infectious origin (acute peritonitis, pancreatitis, mediastinitis or extensive cellulitis), acute liver failure, acute nephrosis, ascites, red cell resuspension media, renal dialysis, and hemolytic disease of the newborn.","Side effects of AlbuRx include: Side effects of AlbuRx may include: nausea, chills, fever, hives, headache, and low blood pressure (hypotension)",https://www.rxlist.com/alburx-drug.htm
Albumin - Human Solution for Injection (Plasbumin),albumin - human solution for injection,"Alpha-1 proteinase inhibitor, Volume Expanders",,"Plasbumin (albumin - human solution) is an albumin solution used for emergency treatment of hypovolemic shock, burn therapy, hypoproteinemia with or without edema, adult respiratory distress syndrome (ARDS), cardiopulmonary bypass, acute liver failure, neonatal hemolytic disease, sequestration of protein rich fluids, erythrocyte resuspension, acute nephrosis, and renal dialysis.","Side effects of Plasbumin are rare and may include: allergic reactions such as hives, chills, fever, and changes in respiration, pulse and blood pressure. Seek medical care or call 911 at once if you have the following serious side effects: Serious eye symptoms such as sudden vision loss, blurred vision, tunnel vision, eye pain or swelling, or seeing halos around lights; Serious heart symptoms such as fast, irregular, or pounding heartbeats; fluttering in your chest; shortness of breath; and sudden dizziness, lightheadedness, or passing out; Severe headache, confusion, slurred speech, arm or leg weakness, trouble walking, loss of coordination, feeling unsteady, very stiff muscles, high fever, profuse sweating, or tremors. This document does not contain all possible side effects and others may occur. Check with your physician for additional information about side effects. Dosage for Plasbumin",https://www.rxlist.com/plasbumin-drug.htm
Albumin Human Solution for Injection (Albuminex),albumin human solution for injection,Volume Expanders,"The concentration of Albuminex used, its dosage, and infusion rate should be adjusted to the patient's individual requirements and clinical indication.","Albuminex (albumin human solution) is a 5% albumin solution indicated for adults and children for hypovolemia, ascites, hypoalbuminemia including from burns, acute nephrosis, acute respiratory distress syndrome (ARDS), and cardiopulmonary bypass.","Side effects of Albuminex include: chills (may be severe), low blood pressure (hypotension), increased heart rate, fever, nausea, vomiting, shortness of breath/bronchospasm, rash, and itching Seek medical care or call 911 at once if you have the following serious side effects: Serious eye symptoms such as sudden vision loss, blurred vision, tunnel vision, eye pain or swelling, or seeing halos around lights; Serious heart symptoms such as fast, irregular, or pounding heartbeats; fluttering in your chest; shortness of breath; and sudden dizziness, lightheadedness, or passing out; Severe headache, confusion, slurred speech, arm or leg weakness, trouble walking, loss of coordination, feeling unsteady, very stiff muscles, high fever, profuse sweating, or tremors. This document does not contain all possible side effects and others may occur. Check with your physician for additional information about side effects.",https://www.rxlist.com/albuminex-drug.htm
"Albumin Human, USP, 25% Solution (Buminate 25%)","albumin human, usp, 25% solution","Alpha-1 proteinase inhibitor, Volume Expanders",Buminate 25% is administered by IV injection. The dosage depends on the condition being treated.,"Buminate [albumin (Human)] 25% injection is albumin, the protein portion of the blood, used to treat shock, burns, or low blood protein. Buminate is available in generic form.","Buminate may cause serious side effects including: hives, difficulty breathing, swelling of your face, lips, tongue, or throat, cough, lightheadedness, weak or shallow breathing, throbbing headache, blurred vision, buzzing in your ears, anxiety, confusion, sweating, pale skin, severe shortness of breath, wheezing, gasping for breath, cough with foamy mucus, chest pain, and fast or uneven heartbeats Get medical help right away, if you have any of the symptoms listed above. Side effects of Buminate are rare but may include: fever and chills rash nausea vomiting rapid heart rate hives, or low blood pressure Seek medical care or call 911 at once if you have the following serious side effects:",https://www.rxlist.com/buminate-drug.htm
Albuterol Inhalation (Proventil HFA),albuterol inhalation,Beta2 Agonists,The usual dosage of Proventil HFA for adults and children 4 years of age and older is two inhalations repeated every 4 to 6 hours.,"Proventil HFA (albuterol inhalation) is a beta-2 bronchodilator used to treat bronchospasm (wheezing, shortness of breath) associated with reversible obstructive airway disease such as asthma. The brand name drug Proventil HFA is no longer available in the U.S. Generic forms may still be available.","Common side effects of Proventil HFA (albuterol inhalation) include: headache, dizziness, sleep problems (insomnia), cough, hoarseness, sore throat, runny or stuffy nose, nausea, vomiting, dry mouth and throat, muscle pain, diarrhea, oe palpitations, Tell your doctor right away if you have any serious side effects of Proventil HFA including: fast or pounding heartbeat, bronchospasm (wheezing, chest tightness, trouble breathing), tremor, nervousness, low potassium (confusion, uneven heart rate, extreme thirst, increased urination, leg discomfort, muscle weakness or limp feeling), or dangerously high blood pressure (severe headache, blurred vision, buzzing in your ears, anxiety, confusion, chest pain, shortness of breath, uneven heartbeats, seizure). Get medical help right away if you have any rare but very serious side effects of Proventil HFA including: chest pain, irregular heartbeat, rapid breathing, or confusion.",https://www.rxlist.com/proventil-drug.htm
Albuterol Sulfate (Albuterol Sulfate Inhalation Solution),albuterol sulfate inhalation solution,,"The usual starting dosage of Albuterol sulfate for patients 2 to 12 years of age is 1.25 mg or 0.63 mg of albuterol sulfate inhalation solution administered 3 or 4 times daily, as needed, by nebulizat",Albuterol sulfate (albuterol sulfate inhalation solution) is a bronchodilator used to treat or prevent bronchospasm in people with reversible obstructive airway disease. Albuterol is also used to prevent exercise-induced bronchospasm. Albuterol sulfate is available in generic form.,"Common side effects of albuterol sulfate include: headache, dizziness, sleep problems (insomnia), cough, hoarseness, sore throat, runny or stuffy nose, nausea, vomiting, dry mouth and throat, muscle pain, or diarrhea. Tell your doctor if you experience serious side effects of albuterol sulfate including bronchospasm (wheezing, chest tightness, trouble breathing), especially after starting a new canister of this medicine; nervousness; shaking (tremor); headache; chest pain and fast, pounding, or irregular/uneven heartbeats (palpitations); low potassium (confusion, uneven heart rate, extreme thirst, increased urination, leg discomfort, muscle weakness or limp feeling); or dangerously high blood pressure (severe headache, blurred vision, buzzing in your ears, anxiety, confusion, chest pain, shortness of breath, uneven heartbeats, seizure).",https://www.rxlist.com/albuterol-sulfate-drug.htm
Albuterol Sulfate Extended-Release Tablets (VoSpire ER),albuterol sulfate extended-release tablets,,"The usual recommended dosage for adults and pediatric patients over 12 years of age is 8 mg every 12 hours. In some patients, 4 mg every 12 hours may be sufficient. The usual recommended dosage for ch","VoSpire ER (albuterol sulfate) Extended-Release Tablets is a bronchodilator used to treat wheezing and shortness of breath caused by breathing problems (e.g., asthma, chronic obstructive pulmonary disease). VoSpire ER is available in generic form.","Common side effects of VoSpire ER include: nervousness shaking (tremor) headache trouble sleeping dizziness nausea, or elevated blood pressure",https://www.rxlist.com/vospire-er-drug.htm
Albuterol Sulfate Inhalation Aerosol (Proair HFA),albuterol sulfate inhalation aerosol,Beta2 Agonists,ProAir is a dry powder inhaler supplied for 200 measured inhalation doses.,ProAir (albuterol sulfate) is a bronchodilator that relaxes muscles in the airways and increases air flow to the lungs used to prevent and treat wheezing and shortness of breath caused by breathing problems such as asthma and chronic obstructive pulmonary disease. ProAir is also used to prevent exercise-induced asthma.,"Common side effects of ProAir include: nervousness, shaking (tremor), headache, dizziness, mouth/throat dryness or irritation, sore throat, cough, nausea, vomiting, dizziness, sleep problems (insomnia), hoarseness, runny or stuffy nose, muscle pain, or diarrhea",https://www.rxlist.com/proair-drug.htm
Albuterol Sulfate Inhalation Aerosol (Ventolin HFA),albuterol sulfate inhalation aerosol,Beta2 Agonists,The dose of Ventolin HFA for adults and children for treatment of acute episodes of bronchospasm or prevention of symptoms associated with bronchospasm is 2 inhalations repeated every 4 to 6 hours. Mo,Ventolin HFA (albuterol sulfate inhalation aerosol) is a bronchodilator used to treat or prevent bronchospasm in people with reversible obstructive airway disease. Ventolin HFA is also used to prevent exercise-induced bronchospasm. Ventolin HFA is available in generic form.,"Common side effects of Ventolin HFA include: nervousness, shaking (tremor), palpitations, headache, mouth/throat dryness or irritation, cough, hoarseness, sore throat, runny or stuffy nose, nausea, vomiting, dizziness, sleep problems (insomnia), muscle pain, changes in taste, or diarrhea. Seek medical help immediately if you have rare but serious side effects of Ventolin HFA, including: chest pain or irregular heartbeat.",https://www.rxlist.com/ventolin-hfa-drug.htm
Albuterol Sulfate Inhalation Powder (ProAir Respiclick),albuterol sulfate inhalation powder,Beta2 Agonists,ProAir Respiclick is a dry powder inhaler supplied for 200 measured inhalation doses.,ProAir Respiclick (albuterol sulfate) inhalation powder is a short-acting beta-agonist (SABA) inhaler used for the treatment or prevention of bronchospasm in patients 12 years of age and older with reversible obstructive airway disease; and for the prevention of exercise-induced bronchospasm (EIB) in patients 12 years of age and older.,"ProAir Respiclick may cause serious side effects including: fast or pounding heartbeat, chest pain, irregular heartbeat, rapid breathing, confusion, sudden worsening of breathing problems or asthma, sudden wheezing, rash, itching, swelling of the face, tongue, or throat, and severe dizziness Get medical help right away, if you have any of the symptoms listed above. Common side effects of ProAir Respiclick include: back pain, body aches and pains, upset stomach, sinus headache, urinary tract infection, runny or stuffy nose, sore throat, or vomiting. Seek medical care or call 911 at once if you have the following serious side effects:",https://www.rxlist.com/proair-respiclick-drug.htm
Albuterol Sulfate Inhalation Powder (Proair Digihaler),albuterol sulfate inhalation powder,Beta2 Agonists,ProAir Digihaler is a dry powder inhaler that meters 117 mcg of albuterol sulfate (equivalent to 97 mcg of albuterol base) from the device reservoir and delivers 108 mcg of albuterol sulfate (equivale,Proair Digihaler (albuterol sulfate) contains a beta2-adrenergic agonist indicated for treatment or prevention of bronchospasm in patients 4 years of age and older with reversible obstructive airway disease and for prevention of exercise-induced bronchospasm in patients 4 years of age and older.,"Common side effects of Proair Digihaler include: back pain, pain, viral gastroenteritis, sinus headache, urinary tract infection (UTI), runny or stuffy nose, mouth pain or sore throat, and vomiting.",https://www.rxlist.com/proair-digihaler-drug.htm
Albuterol Sulfate Inhalation Solution (Ventolin Solution),albuterol sulfate inhalation solution,,The usual dosage of Ventolin Inhalation Solution for adults and children over 12 years of age is 2.5 mg of albuterol administered three to four times daily by nebulization.,"Ventolin Inhalation Solution (albuterol sulfate) is a bronchodilator used to treat bronchospasm (wheezing, shortness of breath) associated with reversible obstructive airway disease such as asthma. The brand name Ventolin Inhalation Solution is discontinued, but generic versions may be available.","Common side effects of Ventolin Inhalation Solution (albuterol sulfate) include: headache, dizziness, spinning sensation, lightheadedness, sleep problems (insomnia), tremor, nervousness, sweating, nausea, vomiting, diarrhea, dry mouth and throat, muscle cramps, and unusual taste in your mouth",https://www.rxlist.com/ventolin-solution-drug.htm
Albuterol Sulfate Syrup (Ventolin Syrup),albuterol sulfate syrup,,The usual starting dosage of Ventolin Syrup for adults and children over 12 years of age is 2 mg (1 teaspoonful) or 4 mg (2 teaspoonfuls) three or four times a day.,"Ventolin Syrup (albuterol sulfate syrup) is a bronchodilator used for the relief of bronchospasm in adults and children 2 years of age and older with reversible obstructive airway disease. The brand name Ventolin is discontinued, but generic versions may be available.","Common side effects of Ventolin Syrup (albuterol sulfate syrup) include: tremor, nervousness, shakiness, headache, dizziness, excitement, hyperactivity, sleeplessness, increased appetite, rapid heart rate, mood changes, disturbed sleep, irritability, dilated pupils, weakness, fast heart rate, palpitations, chest pain, sweating, nosebleeds, increased appetite, stomach pain, muscle spasm, and cough.",https://www.rxlist.com/ventolin-syrup-drug.htm
Albuterol Sulfate Tablets (Albuterol Sulfate Tablets),albuterol sulfate tablets,,TThe usual starting dosage of albuterol sulfate for adults and children 12 years and older is 2 or 4 mg three or four times a day. The usual starting dosage of albuterol sulfate for children 6 to 12 y,Albuterol sulfate is a beta2-adrenergic bronchodilator used to relieve bronchospasm in adults and children 6 years of age and older with reversible obstructive airway disease.,"Common side effects of Albuterol Sulfate include: nervousness, tremor, headache, sleeplessness, weakness, dizziness, fast heart rate, palpitations, muscle cramps, and nausea",https://www.rxlist.com/albuterol-sulfate-tablets-drug.htm
Alcaftadine Ophthalmic Solution (Lastacaft),alcaftadine ophthalmic solution,"Antihistamines, Ophthalmic",The dose of Lastacaft is one drop instilled in each eye once daily.,Lastacaft (alcaftadine) Ophthalmic Solution is an antihistamine used to prevent itching in the eyes caused by allergies.,"Lastacaft may cause serious side effects including: hives, difficulty breathing, swelling of your face, lips, tongue, or throat, severe burning in the eyes, and stinging or other irritation in the eyes Common side effects of Lastacaft include: mild and temporary burning/stinging/irritation of the eyes when you apply Lastacaft, eye redness or itching, runny or stuffy nose, sore throat, flu symptoms, or headache. A very serious allergic reaction to Lastacaft is rare. Get medical help right away if you notice any symptoms of a serious allergic reaction, including: rash, itching or swelling (especially of the face/tongue/throat), severe dizziness, or trouble breathing. Seek medical care or call 911 at once if you have the following serious side effects:",https://www.rxlist.com/lastacaft-drug.htm
Alcaine (Proparacaine Hydrochloride Ophthalmic Solution),proparacaine hydrochloride ophthalmic solution,"Ophthalmics, Other",The recommended dosage of Alcaine is 1 or 2 drops prior to having surgery or procedure and 1 drop every 5 or 10 minutes for 5 to 7 doses for cataract extraction. Rinse your eyes with sterile distilled,Alcaine (proparacaine hydrochloride 0.5%) is a topical anesthetic for the eyes used during eye surgeries and procedures. Alcaine is available in generic form.,"Alcaine may cause serious side effects including: hives, difficulty breathing, swelling of your face, lips, tongue, or throat, blurred vision, redness of the eye, sensitivity to light, tearing of the eye, throbbing eye pain, bloody eye, stinging or itching of the eye, and change in vision Get medical help right away, if you have any of the symptoms listed above. Common side effects of Alcaine include: eye irritation, stinging, burning, redness, tearing, or increased blinking. Seek medical care or call 911 at once if you have the following serious side effects:",https://www.rxlist.com/alcaine-drug.htm
Aldactazide (Spironolactone and Hydrochlorothiazide),spironolactone and hydrochlorothiazide,Thiazide Combos,"The usual maintenance dose of Aldactazide is 100 mg each of spironolactone and hydrochlorothiazide daily, given in a single dose or in divided doses, but may range from 25 mg to 200 mg of each compone","Aldactazide (spironolactone and hydrochlorothiazide) is a combination of two diuretics used to treat fluid retention (edema) in people with congestive heart failure, cirrhosis of the liver, or a kidney disorder called nephrotic syndrome. Aldactazide also treats high blood pressure (hypertension). Aldactazide is available in generic form.","Aldactazide may cause serious side effects including: hives, difficulty breathing, swelling of your face, lips, tongue, or throat, fever, sore throat, burning in your eyes, skin pain, red or purple skin rash that spreads and causes blistering and peeling, skin rash, swollen glands, flu-like symptoms, muscle aches, severe weakness, unusual bruising, yellowing of your skin or eyes (jaundice), lightheadedness, sudden weakness, ill feeling, fever, chills, sore throat, mouth sores, easy bruising, unusual bleeding, purple or red pinpoint spots under your skin, eye pain, vision problems, breast swelling and tenderness, slow heart rate, weak pulse, muscle weakness, tingly feeling, confusion, uneven heart rate, extreme thirst, increased urination, leg discomfort, muscle weakness, limp feeling, headache, confusion, slurred speech, severe weakness, vomiting, loss of coordination, and feeling unsteady Get medical help right away, if you have any of the symptoms listed above. Common side effects of Aldactazide include: dizziness, lightheadedness, loss of appetite, diarrhea, nausea, vomiting, headache, gas, stomach pain, or skin rash. Aldactazide may cause a loss of too much body water (dehydration) and salt/minerals. Tell your doctor if you have serious symptoms of dehydration or mineral loss including very dry mouth, extreme thirst, muscle cramps, weakness, vomiting, fast heartbeat, severe dizziness, confusion, unusual decrease in the amount of urine, fainting, or seizures. Tell your doctor right away if you have any serious side effects of Aldactazide including:",https://www.rxlist.com/aldactazide-drug.htm
Aldactone (Spironolactone),spironolactone,"Aldosterone Antagonists, Selective, Diuretics, Potassium-Sparing","25, 50 and 100 mg tablets","Aldactone (spironolactone) is an aldosterone receptor antagonist that causes the kidneys to remove water and sodium from the body, with reduced losses of potassium. Aldactone is used to reduce edema caused by heart, liver or kidney problems, high blood pressure (hypertension), and certain patients with hyperaldosteronism. Aldactone is available in a generic form named spironolactone.","Aldactone may cause serious side effects including: lightheadedness, little or no urination, bloody or tarry stools, coughing up blood or vomit that looks like coffee grounds, uneven heart rate, extreme thirst, increased urination, leg discomfort, muscle weakness or limp feeling, vomiting, muscle spasms, numbness or tingly feeling, slow heart rate, weak pulse, headache, confusion, slurred speech, loss of coordination, and feeling unsteady Get medical help right away, if you have any of the symptoms listed above. Common side effects of Aldactone include: skin rash, headache, dizziness, nausea, vomiting, gas, and stomach pain. Tell your doctor if you have serious side effects of Aldactone including irregular heart rate, muscle pain or weakness, urinating less than usual, shallow breathing, tremors, confusion, or a severe skin reaction, hyperkalemia (high levels of potassium in the blood), and numbness.",https://www.rxlist.com/aldactone-drug.htm
Aldara (Imiquimod),imiquimod,Topical Skin Products,"Aldara Cream should be applied 2 times per week for a full 16 weeks to a defined treatment area on the face or scalp (but not both concurrently). Before applying the cream, the patient should wash han","Aldara (imiquimod) topical (for the skin) is an immune response modifier used to treat actinic keratosis (a condition caused by too much sun exposure) on the face and scalp. Aldara is also used to treat a minor form of skin cancer called superficial basal cell carcinoma, when surgery would not be an appropriate treatment. Aldara also treats genital warts that appear on the outside of the body, but is not a cure for genital warts. Aldara topical is available in generic form.","Common side effects of Aldara topical include: treatment area reactions such as skin redness, swelling, itching, irritation, dryness, burning, pain, tenderness, thickening/hardening of the skin, peeling/flaking/scabbing/crusting, or leaking a clear fluid. Changes in skin color of the treated area may occur and may not go away. Other side effects of Aldara topical include headache, dizziness, chest pain, back pain, cold sores, fever blisters, cold symptoms (such as stuffy nose, sneezing, sore throat), flu-like symptoms (such as fever, tiredness, muscle aches), nausea, diarrhea, loss of appetite, or vaginal itching or discharge. Seek medical care or call 911 at once if you have the following serious side effects: Serious eye symptoms such as sudden vision loss, blurred vision, tunnel vision, eye pain or swelling, or seeing halos around lights; Serious heart symptoms such as fast, irregular, or pounding heartbeats; fluttering in your chest; shortness of breath; and sudden dizziness, lightheadedness, or passing out; Severe headache, confusion, slurred speech, arm or leg weakness, trouble walking, loss of coordination, feeling unsteady, very stiff muscles, high fever, profuse sweating, or tremors. This document does not contain all possible side effects and others may occur. Check with your physician for additional information about side effects.",https://www.rxlist.com/aldara-drug.htm
Aldesleukin for Injection (Proleukin),aldesleukin for injection,Biological Response Modifiers,"The recommended Proleukin treatment is 600,000 International Units/kg (0.037 mg/kg) dose administered every 8 hours by a 15-minute intravenous infusion for a maximum of 14 doses.",Proleukin (aldesleukin) is a cancer (antineoplastic) medication used to treat kidney cancer or skin cancer than has spread to other parts of the body.,"Proleukin may cause serious side effects including: hives, difficulty breathing, swelling of your face, lips, tongue, or throat, stuffy or runny nose, tiredness, dizziness, thirst, decreased urination, trouble breathing, sudden swelling, weight gain, severe drowsiness, lightheadedness, chest pain, fast or pounding heartbeats, problems with vision, speech, balance, or coordination, mood or behavior changes, confusion, agitation, hallucination, seizures, black, bloody, or tarry stools, blistering skin rash, yellowing of the skin or eyes (jaundice), fever, chills, tiredness, mouth sores, skin sores, easy bruising, unusual bleeding, pale skin, cold hands or feet, and shortness of breath Get medical help right away, if you have any of the symptoms listed above. Common side effects of Proleukin include: chills stomach upset or pain dry skin muscle stiffness diarrhea mouth sores dizziness drowsiness tiredness anxiety headache weight gain nausea/vomiting (may be severe) and loss of appetite. Seek medical care or call 911 at once if you have the following serious side effects:",https://www.rxlist.com/proleukin-drug.htm
Aldomet (Methyldopa),methyldopa,"Alpha2 Agonists, Central-Acting","The usual starting dosage of methyldopa is 250 mg two or three times a day in the first 48 hours, and the maintenance dose is 500 mg to 2 g in two to four doses.",Aldomet (methyldopa) is an antihypertensive drug used to treat hypertension (high blood pressure). The brand name Aldomet is discontinued in the U.S. Generic forms may be available.,"Aldomet may cause serious side effects including: lightheadedness, pale or yellowed skin, dark colored urine, fever, confusion, weakness, uncontrolled or involuntary muscle movements, swelling, rapid weight gain, shortness breath, loss of appetite, upper stomach pain that may spread to your back, nausea, vomiting, fast heart rate, dark urine, and yellowing of the skin or eyes (jaundice) Get medical help right away, if you have any of the symptoms listed above. Common side effects of Aldomet include: dizziness, lightheadedness, drowsiness, headache, stuffy nose, and weakness, especially when starting this medication and when dosage is increased.",https://www.rxlist.com/aldomet-drug.htm
Aldoril (Methyldopa-Hydrochlorothiazide),methyldopa-hydrochlorothiazide,Thiazide Combos,The usual starting dosage is one tablet of Aldoril 15 two or three times a day or one tablet of Aldoril 25 two times a day.,"Aldoril (methyldopa and hydrochlorothiazide) is a combination antihypertensive and diuretic used to treat high blood pressure (hypertension). The brand name Aldoril is discontinued, but generic versions may be available.","Aldoril may cause serious side effects including: hives, difficulty breathing, swelling of your face, lips, tongue, or throat, pale or yellow skin, dark colored urine, fever, confusion, weakness, lightheadedness, severe pain in your upper stomach spreading to your back, nausea, vomiting, fast heart rate, shortness of breath, swelling, rapid weight gain, uncontrolled muscle movements, unusual thoughts or behavior, numbness, tingling, weakness, chest pain, easy bruising, unusual bleeding, dry mouth, leg cramps, increased thirst or urination, mood changes, constipation, bone pain, muscle pain or weakness, lack of energy, irregular heartbeats, fluttering in your chest, little or no urine, sore throat, burning in your eyes, and skin pain followed by a red or purple skin rash that spreads (especially in the face or upper body) and causes blistering and peeling Get medical help right away, if you have any of the symptoms listed above. The most common side effects of Aldoril include: abnormal liver function tests, headache, drowsiness, weakness, dizziness, swelling, weight gain, muscle or joint pain, muscle spasms, and stuffy nose Tell the doctor if you have any side effect that bothers you or that does not go away. Common side effects of Aldoril include dizziness, lightheadedness, drowsiness, headache, stuffy nose, and weakness as your body adjusts to the medication. Other side effects of Aldoril include: stomach cramps diarrhea constipation depression trouble concentrating joint pain muscle pain restlessness soreness or black discoloration of your tongue blurred vision impotence, or loss of interest in sex Seek medical care or call 911 at once if you have the following serious side effects:",https://www.rxlist.com/aldoril-drug.htm
Aldurazyme (Laronidase),laronidase,"Enzymes, Metabolic",The recommended dosage regimen of Aldurazyme is 0.58 mg/kg of body weight administered once weekly as an intravenous (IV) infusion.,Aldurazyme (laronidase) is an enzyme used to treat some of the symptoms of a genetic condition called Hurler syndrome (also called mucopolysaccharidosis). Aldurazyme may improve breathing and walking ability in people with this condition. Aldurazyme is not a cure for Hurler syndrome.,"Aldurazyme may cause serious side effects including: hives, difficulty breathing, swelling of your face, lips, tongue, or throat, rapid breathing, shortness of breath, wheezing, chest tightness, lightheadedness (even when you lie down), fast or slow heartbeats, sweating, cold or clammy skin, pale skin, and blue lips or fingernails Get medical help right away, if you have any of the symptoms listed above. Common side effects of Aldurazyme include: cold symptoms (runny or stuffy nose, sore throat, sneezing) cough mild skin rash numbness or tingling overactive reflexes, or injection site reactions (pain, redness, swelling, or other irritation) Seek medical care or call 911 at once if you have the following serious side effects:",https://www.rxlist.com/aldurazyme-drug.htm
Alecensa (Alectinib Capsules),alectinib capsules,Antineoplastic Tyrosine Kinase Inhibitors,The dose of Alecensa is 600 mg orally twice daily with food.,"Alecensa (alectinib) is a kinase inhibitor indicated for the treatment of patients with anaplastic lymphoma kinase (ALK)-positive, metastatic non-small cell lung cancer (NSCLC) who have progressed on or are intolerant to crizotinib. This indication is approved under accelerated approval based on tumor response rate and duration of response.","Common side effects of Alecensa include fatigue, constipation, swelling, and muscle pain. Seek medical care or call 911 at once if you have the following serious side effects: Serious eye symptoms such as sudden vision loss, blurred vision, tunnel vision, eye pain or swelling, or seeing halos around lights; Serious heart symptoms such as fast, irregular, or pounding heartbeats; fluttering in your chest; shortness of breath; and sudden dizziness, lightheadedness, or passing out; Severe headache, confusion, slurred speech, arm or leg weakness, trouble walking, loss of coordination, feeling unsteady, very stiff muscles, high fever, profuse sweating, or tremors. This document does not contain all possible side effects and others may occur. Check with your physician for additional information about side effects.",https://www.rxlist.com/alecensa-drug.htm
Alefacept (Amevive),alefacept,"Antipsoriatics, Systemic",The recommended dose of Amevive is 15 mg intramuscularly once weekly for 12 weeks.,Amevive (alefacept) is a protein that works by affecting the body's immune system to decrease plaques/dead skin cells used for the treatment of moderate to severe chronic plaque psoriasis in people who are candidates for systemic therapy or phototherapy.,"Amevive may cause serious side effects including: hives, difficulty breathing, swelling of your face, lips, tongue, or throat, chills, cough, fever, hoarseness, lower back or side pain, painful or difficult urination, body aches or pain, congestion, dry or sore throat, runny nose, tender or swollen glands in the neck, trouble swallowing, voice changes, arm, back, or jaw pain, chest pain or pressure, fast or irregular heartbeat, nausea, vomiting, shortness of breath, and sweating Get medical help right away, if you have any of the symptoms listed above. Common side effects of Amevive include: injection site reactions (mild pain, swelling, bleeding) chills sore throat cough dizziness nausea headache itching, or muscle pain Seek medical care or call 911 at once if you have the following serious side effects:",https://www.rxlist.com/amevive-drug.htm
Alemtuzumab (Campath),alemtuzumab,Antineoplastics Monoclonal Antibody,"Campath medication is given intravenously under physician supervision, usually over 2 hours. Dosage is based on the patient's response to treatment. Patients are usually started on a low dose of the m",Campath (alemtuzumab) is an antibody made from animal DNA used to treat chronic lymphocytic leukemia. Campath is usually given after other medications have been tried without successful treatment.,"Campath may cause serious side effects including: hives, difficulty breathing, swelling of your face, lips, tongue, or throat, fever, chills, nausea, lightheadedness, rash, wheezing, chest pain, problems with speech, thought, vision or muscle movement, easy bruising, unusual bleeding, purple or red spots under your skin, mouth sores, skin sores, sore throat, cough, pale or yellowed skin, dark colored urine, confusion, unusual weakness, shortness of breath, cold hands and feet, swelling in your lower legs, weight gain, loss of appetite, sudden pain in your stomach or back, and urine that looks pink, brown or foamy Get medical help right away, if you have any of the symptoms listed above. Common side effects of Campath include: fever, chills, dizziness, muscle stiffness, joint or muscle pain, nausea, vomiting, loss of appetite, abdominal pain, headache, diarrhea, rash or itching, hives, tiredness, sleep problems (insomnia), anxiety, fatigue, cough, sweating, or trouble breathing during or after the infusion. These side effects occur more often during the first week of treatment with Campath. Tell your doctor if you have serious side effects of Campath including:",https://www.rxlist.com/campath-drug.htm
Alemtuzumab Injection for Intravenous Infusion (Lemtrada),alemtuzumab injection for intravenous infusion,Antineoplastics Monoclonal Antibody,The recommended dosage of Lemtrada is 12 mg/day administered by intravenous infusion for 2 treatment courses: First Treatment Course: 12 mg/day on 5 consecutive days (60 mg total dose; Second Treatmen,"Lemtrada (alemtuzumab) is a recombinant humanized IgG1 kappa monoclonal antibody used to treat patients with relapsing forms of multiple sclerosis (MS). Because of its safety profile, the use of Lemtrada should generally be reserved for patients who have had an inadequate response to two or more drugs indicated for the treatment of MS.","Lemtrada may cause serious side effects including: hives, difficulty breathing, swelling of your face, lips, tongue, or throat, excessive sweating, eye swelling, unexplained weight loss, nervousness, unexplained weight gain, worsening tiredness, feeling cold, constipation, black, tarry stools, blood in your urine, chills, cough, diarrhea, dizziness, fainting, lightheadedness, fast, irregular or pounding heartbeat, fever, headache, itching, skin rash, nausea, painful or difficulty urination, chest pain or pressure, hoarseness, low back or side pain, pale skin, sore throat, sores or ulcers on the lips or in the mouth, sweating, swollen glands, tightness in the chest, unusual bleeding, easy bruising, tiredness, weakness, vomiting, cold sores or blisters on the lips, nose, eyes, or genitals, rapid weight gain, tremor, red or purple spots on the skin, flushing of the face or neck, anxiety, back pain, joint pain, stiffness, or swelling, lack of appetite, light-colored stools, blurred or double vision, confusion, dark urine, little or no urination, vision loss, drowsiness, muscle aches or pain, nightmares or unusually vivid dreams, numbness, pain, tingling or weakness, pain or discomfort in the arms, jaw, back, or neck, painful or tender lymph glands in the neck, armpit, or groin, seizures, shakiness and unsteady walk, difficulty in speaking or slow speech, spitting or coughing up blood, dilated neck veins, eye pain, extreme tiredness, feeling unwell, depression or sadness, difficulty to move your arms, legs, or facial muscles, inability to speak, irregular breathing, irritableness, yellowing of the skin or eyes (jaundice), upper right abdominal pain, feeling of fullness, unsteadiness or poor coordination, trembling, difficulty sleeping, and trouble concentrating Get medical help right away, if you have any of the symptoms listed above. Common side effects of Lemtrada include: rash, headache, fever, runny nose, sore throat, nasal congestion, nausea, urinary tract infection, fatigue, insomnia, upper respiratory tract infection, herpes viral infection, hives, itching, thyroid gland disorders, fungal infection, joint pain, pain in extremity, back pain, diarrhea, sinus infection, mouth and throat pain, numbness or tingling, dizziness, abdominal pain, flushing of the face/neck/chest, vomiting, cough, chills, changes in sense of taste, flu symptoms, skin swelling, indigestion, blood in the urine, shortness of breath, fast heart beat, anxiety, weakness, or muscle pain Seek medical care or call 911 at once if you have the following serious side effects:",https://www.rxlist.com/lemtrada-drug.htm
Alendronate Sodium (Fosamax),alendronate sodium,"Bisphosphonate Derivatives, Calcium Metabolism Modifiers",a tablet or oral liquid form,"Fosamax (alendronate sodium) is a bisphosphonate that is a specific inhibitor of osteoclast-mediated bone resorption used to both treat and prevent osteoporosis, and to treat Paget's disease. Fosamax is available in generic form.","Fosamax may cause serious side effects including: chest pain new or worsening heartburn pain or burning under the ribs or in the back severe heartburn burning pain in the upper stomach or coughing up blood new or unusual pain in your thigh or hip jaw pain numbness swelling severe joint, bone or muscle pain muscle spasms or cramps numbness or tingly feeling around your mouth or in your fingers or toes Get medical help right away, if you have any of the symptoms listed above. Common side effects of Fosamax include gas, constipation, heartburn, diarrhea, bloating, nausea, vomiting, stomach pain, joint pain or swelling, swelling in your hands or feet, dizziness, headache, eye pain, back pain, or weakness. Serious side effects of Fosamax include",https://www.rxlist.com/fosamax-drug.htm
Alendronate Sodium and Cholecalciferol (Fosamax Plus D),alendronate sodium and cholecalciferol,"Bisphosphonate Derivatives, Calcium Metabolism Modifiers",The recommended dosage of Fosamax Plus D is one 70 mg alendronate/2800 IU vitamin D3 or one 70 mg alendronate/5600 IU vitamin D3 tablet once weekly.,Fosamax Plus D (alendronate sodium & cholecalciferol) is a combination of a bisphosphonate and a form of vitamin D used to treat and prevent osteoporosis.,"Common side effects of Fosamax Plus D include: stomach pain or upset, heartburn, constipation, diarrhea, gas, nausea, joint or back pain, or headache. Tell your doctor if you have serious side effects of Fosamax Plus D including: jaw pain, swelling of joints/hands/ankles/feet, increased or severe bone or muscle pain, new or unusual hip/thigh/groin pain, black or tarry stools, or vomit that looks like coffee grounds. Fosamax Plus D may cause serious side effects including: hives, difficulty breathing, swelling of your face, lips, tongue, or throat, severe dizziness, chest pain, new or worsening heartburn, difficulty or pain when swallowing, pain or burning under the ribs or in the back, new or worsening heartburn, severe joint, bone or muscle pain, new or unusual pain in your thigh or hip, jaw pain, numbness, and swelling",https://www.rxlist.com/fosamax-plus-d-drug.htm
Alendronate Sodium Effervescent Tablets (Binosto),alendronate sodium effervescent tablets,"Bisphosphonate Derivatives, Calcium Metabolism Modifiers",a 70 mg effervescent tablet,"Binosto (alendronate sodium) is a bisphosphonate used in the treatment of osteoporosis in postmenopausal women, and in treatment to increase bone mass in men with osteoporosis.","Common side effects of Binosto include: abdominal or stomach pain acid reflux constipation diarrhea indigestion musculoskeletal pain joint pain or swelling nausea vomiting gas changes in taste abdominal bloating muscle cramps headache dizziness eye pain, or swelling in your hands or feet Seek medical care or call 911 at once if you have the following serious side effects: Serious eye symptoms such as sudden vision loss, blurred vision, tunnel vision, eye pain or swelling, or seeing halos around lights; Serious heart symptoms such as fast, irregular, or pounding heartbeats; fluttering in your chest; shortness of breath; and sudden dizziness, lightheadedness, or passing out; Severe headache, confusion, slurred speech, arm or leg weakness, trouble walking, loss of coordination, feeling unsteady, very stiff muscles, high fever, profuse sweating, or tremors. This document does not contain all possible side effects and others may occur. Check with your physician for additional information about side effects.",https://www.rxlist.com/binosto-drug.htm
Alesse (Levonorgestrel and Ethinyl Estradiol),levonorgestrel and ethinyl estradiol,Estrogens/Progestins-HRT,"The dose is one active tablet for 21 days and an inert tablet for 7 days, then repeat the cycle. Cigarette smoking increases the risk of cardiovascular adverse effects so women should not smoke when t",Alesse (levonorgestrel and ethinyl estradiol) is an oral contraceptive that contains the female hormones estrogen and progestin. Generic versions of Alesse are available.,"Alesse may cause serious side effects including: sudden numbness or weakness, severe headache, slurred speech, balance problems, sudden vision loss, stabbing chest pain, shortness of breath, coughing up blood, swelling or redness in an arm or leg, chest pain or pressure, pain spreading to your jaw or shoulder, nausea, sweating, loss of appetite, upper stomach pain, tiredness, fever, dark urine, clay-colored stools, yellowing of the skin or eyes (jaundice), blurred vision, pounding in your neck or ears, swelling in your hands, ankles or feet, changes in pattern or severity of migraine headaches, breast lump, sleep problems, weakness, tiredness, and mood changes Get medical help right away, if you have any of the symptoms listed above. Side effects of Alesse include: swelling (edema), weakness, breakthrough bleeding, changes in weight or appetite, headache, nausea (especially when you first start taking Alesse), vomiting, bloating, stomach cramps, breast tenderness or swelling, nipple discharge, freckles or darkening of facial skin, increased hair growth, loss of scalp hair, problems with contact lenses, vaginal itching or discharge, changes in your menstrual periods, or decreased sex drive. Seek medical care or call 911 at once if you have the following serious side effects:",https://www.rxlist.com/alesse-drug.htm
Alfenta (Alfentanil for Injection),alfentanil for injection,"Synthetic, Opioids","The dosage of Alfenta should be individualized for each patient according to body weight, physical status, underlying condition, use of other drugs, and type and duration of surgical procedure and ane",Alfenta (alfentanil hydrochloride) Injection is an opioid analgesic used before and/or during surgery. Alfenta is available in generic form.,"Alfenta may cause serious side effects including: hives, difficulty breathing, swelling of your face, lips, tongue, or throat, blurred vision, chest pain or discomfort, dizziness, confusion, fainting, lightheadedness, slow, fast, pounding, or irregular heartbeat, headache, slow, rapid, or shallow breathing, nervousness, breathing that stops, pale or blue lips, fingernails, or skin, pounding in the ears, sweating, tiredness, weakness, cough, noisy breathing, rigid (very stiff) muscles, tightness in the chest, agitation, darkening of the skin, diarrhea, trouble swallowing, fever, hives, skin rash, loss of appetite, nausea, overactive reflexes, poor coordination, puffiness or swelling of the eyelids, restlessness, shivering, sweating, talking or acting with excitement, trembling or shaking, twitching, and vomiting Get medical help right away, if you have any of the symptoms listed above. Common side effects of Alfenta include: slowed breathing muscular rigidity low blood oxygen nausea vomiting low blood pressure vomiting itching confusion sleepiness agitation injection site pain dizziness drowsiness, and itching Seek medical care or call 911 at once if you have the following serious side effects:",https://www.rxlist.com/alfenta-drug.htm
alfentanil (Alfentanil Injection),alfentanil,"Synthetic, Opioids","The dosage of alfentanil HCl injection is individualized and adjusted to the desired effect in each patient according to body weight, physical status, underlying pathological condition, use of other d",Alfentanil HCl Injection is an opioid analgesic (pain reliever) indicated as an analgesic adjunct given in incremental doses in the maintenance of anesthesia with barbiturate/nitrous oxide/oxygen; as an analgesic administered by continuous infusion with nitrous oxide/oxygen in the maintenance of general anesthesia; as a primary anesthetic agent for the induction of anesthesia in patients undergoing general surgery in which endotracheal intubation and mechanical ventilation are required; and as the analgesic component for monitored anesthesia care (MAC). Alfentanil is available in generic form.,"Alfentanil may cause serious side effects including: hives, difficulty breathing, swelling of your face, lips, tongue, or throat, blurred vision, chest pain or pressure, confusion, dizziness, fainting, lightheadedness, fast, slow, or irregular heartbeat, pounding pulse, headache, fast or shallow breathing, nervousness, breathing that stops, pale or blue lips, fingernails, or skin, pounding in the ears, sweating, unusual tiredness, weakness, cough, noisy breathing, rigid or stiffness of the neck, arms, and legs, tightness in the chest, agitation, cough, darkening of the skin, diarrhea, trouble swallowing, fever, itching, skin rash, loss of appetite, nausea, overactive reflexes, poor coordination, restlessness, shivering, sweating, talking or acting with excitement you cannot control, trembling, twitching, and vomiting Get medical help right away, if you have any of the symptoms listed above. Common side effects of alfentanil include: respiratory depression, muscle rigidity, nausea, low or high blood pressure, vomiting, itching, confusion, drowsiness, agitation, arrhythmia, slow or fast heart rate, blurred vision, dizziness, and postoperative sleepiness. Seek medical care or call 911 at once if you have the following serious side effects:",https://www.rxlist.com/alfentanil-drug.htm
Alfuzosin HCl (Uroxatral),alfuzosin hcl,"BPH, Alpha Blockers","an extended-release 10 mg tablet, taken orally once daily","Uroxatral (alfuzosin hcl) is an alpha blocker prescribed to treat symptoms of an enlarged prostate (benign prostatic hyperplasia), which include painful or difficult urination, urination urgency or frequency. Uroxatral is available in generic form.","Common side effects of Uroxatral include: dizziness, lightheadedness, headache, fatigue, tired feeling, or cold symptoms such as stuffy nose, sneezing, or sore throat. Get medical help right away if you have very serious side effects of Uroxatral including: severe dizziness, fainting, fast/irregular heartbeat, or chest pain.",https://www.rxlist.com/uroxatral-drug.htm
Alglucerase Injection (Ceredase),alglucerase injection,"Enzymes, Metabolic",Dosage of Ceredase is individualized for each patient.,"Ceredase (alglucerase) Injection is a manmade form of the enzyme β-glucocerebrosidase used as an enzyme replacement in people with Type I Gaucher disease. Ceredase is not a cure for the condition. The brand name Ceredase is discontinued, but generic versions may be available.","Ceredase may cause serious side effects including: hives, difficulty breathing, swelling of your face, lips, tongue, or throat, pruritus, flushing, swelling, chest discomfort, nausea, abdominal cramping, and low blood pressure Get medical help right away, if you have any of the symptoms listed above. Common side effects of Ceredase (alglucerase) Injection include: hot flashes changes in menstrual periods headache back pain swelling in hands or feet changes in sense of smell nausea diarrhea upset stomach fever or chills, or injection site reactions (burning, itching, or swelling Seek medical care or call 911 at once if you have the following serious side effects:",https://www.rxlist.com/ceredase-drug.htm
Alglucosidase Alfa (Myozyme),alglucosidase alfa,"Enzymes, Metabolic",The recommended dosage regimen of Myozyme is 20 mg/kg body weight administered every 2 weeks as an intravenous infusion.,"Myozyme (alglucosidase alfa) contains an enzyme that is used to treat a glycogen storage disorder called Pompe disease, (also called GAA deficiency) in adults and children who are at least 8 years old.","Myozyme may cause serious side effects including: hives, difficulty breathing, swelling of your face, lips, tongue, or throat, lightheadedness, slow heart rate, weak pulse, slow breathing or breathing that may stop, wheezing, tight feeling in your chest or throat, pale skin, cold or clammy skin, blue lips or fingernails, cold hands or feet, warmth, redness, numbness, or tingly feeling under your skin, rash, itching, sweating, fever, severe headache, nausea, restlessness, nervousness, seizure, fast heart rate, pounding in your neck or ears, anxiety, confusion, skin changes (sores, lesions, ulcers, discoloring), puffy eyes, swelling of your ankles or feet, weight gain, and urine that looks foamy Get medical help right away, if you have any of the symptoms listed above. Common side effects of Myozyme include: mild skin rash or itching diarrhea constipation stomach pain or upset vomiting sore throat neck pain pain or swelling in your arms or legs infusion site reactions (pain, swelling, burning, or irritation) fever cough runny nose pneumonia ear infection upper respiratory tract infection oral thrush gastroesophageal reflux disease (GERD) hives fast or slow heart rate anemia, or flushing Seek medical care or call 911 at once if you have the following serious side effects:",https://www.rxlist.com/myozyme-drug.htm
Alglucosidase Alfa (Lumizyme),alglucosidase alfa,"Enzymes, Metabolic",The recommended dosage of Lumizyme is 20 mg/kg body weight administered every 2 weeks as an intravenous infusion.,"Lumizyme (alglucosidase alfa) for Injection is an enzyme used to treat a glycogen storage disorder called Pompe disease, (also called GAA deficiency) in adults and children who are at least 8 years old.","Lumizyme may cause serious side effects including: hives, difficulty breathing, swelling of your face, lips, tongue, or throat, lightheadedness, slow heart rate, weak pulse, fainting, slow breathing (breathing may stop), wheezing, tight feeling in your chest or throat, trouble breathing, pale skin, cold or clammy skin, blue lips or fingernails, cold hands or feet, warmth, redness, numbness, or tingly feeling under the skin, rash, itching, sweating, fever, severe headache, nausea, restlessness, nervousness, seizure, fast heart rate, pounding in your neck or ears, anxiety, confusion, skin changes (sores, lesions, ulcers, discoloring), puffy eyes, swelling of your ankles or feet, weight gain, and urine that looks foamy Get medical help right away, if you have any of the symptoms listed above. Common side effects of Lumizyme include: mild skin rash or itching diarrhea constipation stomach pain or upset vomiting sore throat neck pain pain or swelling in your arms or legs infusion site reactions (pain, swelling, burning, or irritation) Side effects of Lumizyme also include:",https://www.rxlist.com/lumizyme-drug.htm
Alhemo (Concizumab-mtci) for Injection),concizumab-mtci) for injection,How Do TFPI Neutralizing Antibodies Work?,The recommended dosing regimen of Alhemo is: Day 1: Loading dose of 1 mg/kg Day 2: Once-daily dose of 0.2 mg/kg until individualization of maintenance dose,Alhemo (concizumab-mtci) is a tissue factor pathway inhibitor (TFPI) antagonist indicated for routine prophylaxis to prevent or reduce the frequency of bleeding episodes in adult and pediatric patients 12 years of age and older with hemophilia A (congenital factor VIII deficiency) with FVIII inhibitors or hemophilia B (congenital factor IX deficiency) with FIX inhibitors.,"Side effects of Alhemo include: injection site reactions (redness, bleeding, bruising) and hives. Seek medical care or call 911 at once if you have the following serious side effects: Serious eye symptoms such as sudden vision loss, blurred vision, tunnel vision, eye pain or swelling, or seeing halos around lights; Serious heart symptoms such as fast, irregular, or pounding heartbeats; fluttering in your chest; shortness of breath; and sudden dizziness, lightheadedness, or passing out; Severe headache, confusion, slurred speech, arm or leg weakness, trouble walking, loss of coordination, feeling unsteady, very stiff muscles, high fever, profuse sweating, or tremors. This document does not contain all possible side effects and others may occur. Check with your physician for additional information about side effects.",https://www.rxlist.com/alhemo-drug.htm
Alimta (Pemetrexed),pemetrexed,"Antineoplastics, Antimetabolite",strengths of 100 and 500mg in vials,Alimta (pemetrexed) for Injection is a chemotherapy drug indicated for treatment of patients with locally advanced or metastatic non-squamous non-small cell lung cancer.,"Side effects of Alimta include: stomach upset, nausea, vomiting, loss of appetite, heartburn, diarrhea, constipation, tired feeling, hair loss, or itching or rash. Tell your doctor if you have serious side effects of Alimta including: fast or pounding heartbeat, changes in the amount of urine, dark urine, yellowing eyes or skin, severe stomach or abdominal pain, pain/redness/swelling of arms or legs, sore throat, painful or difficult swallowing, mental/mood changes, depression, numbness or tingling of the hands or feet, or easy bruising or bleeding. Seek medical care or call 911 at once if you have the following serious side effects: Serious eye symptoms such as sudden vision loss, blurred vision, tunnel vision, eye pain or swelling, or seeing halos around lights; Serious heart symptoms such as fast, irregular, or pounding heartbeats; fluttering in your chest; shortness of breath; and sudden dizziness, lightheartedness, or passing out; Severe headache, confusion, slurred speech, arm or leg weakness, trouble walking, loss of coordination, feeling unsteady, very stiff muscles, high fever, profuse sweating, or tremors.",https://www.rxlist.com/alimta-drug.htm
Alimumab-adaz Injection (Hyrimoz),alimumab-adaz injection,"DMARDs, TNF Inhibitors, Antipsoriatics, Systemic, Inflammatory Bowel Disease Agents",The dose of Hyrimoz depends on the condition being treated.,"Hyrimoz (adalimumab-adaz) is a tumor necrosis factor (TNF)-blocker biosimilar to Humira (adalimumab) indicated for treatment of rheumatoid arthritis (RA), juvenile idiopathic arthritis (JIA), psoriatic arthritis, ankylosing spondylitis, adult Crohn's disease, ulcerative colitis (UC), and plaque psoriasis.","Hyrimoz may cause serious side effects including: hives, difficulty breathing, swelling of your face, lips, tongue, or throat, fever, swollen glands, night sweats, feeling unwell, joint and muscle pain, skin rash, easy bruising, unusual bleeding, pale skin, lightheadedness, shortness of breath, cold hands and feet, pain in your upper stomach that may spread to your shoulder, loss of appetite, feeling of fullness, weight loss, new or worsening psoriasis, sore or bump that does not heal, body aches, tiredness, stomach pain, right-sided upper stomach pain, vomiting, loss of appetite, dark urine, clay-colored stools, yellowing of the skin or eyes (jaundice), joint pain or swelling, chest pain, shortness of breath, patchy skin color that worsens in sunlight, numbness or tingling, dizziness, vision problems, weakness in your arms or legs, fever with cough, and weight loss Get medical help right away, if you have any of the symptoms listed above. Common side effects of Hyrimoz include: infections (e.g. upper respiratory tract infection, sinusitis, urinary tract infection), injection site reactions (redness, itching, bleeding, pain or swelling), headache, rash, nausea, abdominal pain, or hypertension (high blood pressure) Get medical help right away, if you have any of the symptoms listed above.",https://www.rxlist.com/hyrimoz-drug.htm
Alinia (Nitazoxanide),nitazoxanide,Antiparasitic Agents,"Doses of Alinia vary according to age. Alinia is taken every 12 hours with food for 3 days. For patients age 1-3 years, 5 mL of Alinia for Oral Suspension (100 mg); patients age 4-11 years, 10 mL of A","Alinia (nitazoxanide) is an antiprotozoal agent used to treat diarrhea in adults and children caused by the protozoa Giardia lamblia, or the protozoa Cryptosporidium parvum. These protozoa are sometimes the cause of travelers' diarrhea. Alinia is generally well tolerated when taken as directed.","Alinia may cause serious side effects including: hives, difficulty breathing, and swelling of your face, lips, tongue or throat Get medical help right away, if you have any of the symptoms listed above. Side effects of Alinia are uncommon and may include: abdominal pain, nausea, diarrhea, vomiting, or headache. Serious allergic reactions to Alinia are unlikely, but seek immediate medical attention if you have rash, itching, swelling (especially of the face/tongue/throat), severe dizziness, or trouble breathing.",https://www.rxlist.com/alinia-drug.htm
"Aliqopa (Copanlisib for Injection, for Intravenous Use)","copanlisib for injection, for intravenous use",Antineoplastics PI3K Inhibitors,"The recommended dosage of Aliqopa is 60 mg administered as a 1-hour intravenous infusion on Days 1, 8, and 15 of a 28-day treatment cycle on an intermittent schedule (three weeks on and one week off).",Aliqopa (copanlisib) for injection is a kinase inhibitor indicated for the treatment of adult patients with relapsed follicular lymphoma (FL) who have received at least two prior systemic therapies.,"Common side effects of Aliqopa include: high blood sugar (hyperglycemia), diarrhea, decreased general strength and energy, high blood pressure (hypertension), low white blood cell count (leukopenia, neutropenia), nausea, lower respiratory tract infections, low platelet count (thrombocytopenia), swelling and sores inside the mouth, vomiting, and rash. Seek medical care or call 911 at once if you have the following serious side effects: Serious eye symptoms such as sudden vision loss, blurred vision, tunnel vision, eye pain or swelling, or seeing halos around lights; Serious heart symptoms such as fast, irregular, or pounding heartbeats; fluttering in your chest; shortness of breath; and sudden dizziness, lightheadedness, or passing out; Severe headache, confusion, slurred speech, arm or leg weakness, trouble walking, loss of coordination, feeling unsteady, very stiff muscles, high fever, profuse sweating, or tremors. This document does not contain all possible side effects and others may occur. Check with your physician for additional information about side effects.",https://www.rxlist.com/aliqopa-drug.htm
Alirocumab for Solution for Subcutaneous Injection (Praluent),alirocumab for solution for subcutaneous injection,PCSK9 Inhibitors,The recommended starting dose for Praluent is 75 mg administered subcutaneously once every 2 weeks.,"Praluent (alirocumab) injection is a PCSK9 (Proprotein Convertase Subtilisin Kexin Type 9) inhibitor antibody indicated as adjunct to diet and maximally tolerated statin therapy for the treatment of adults with heterozygous familial hypercholesterolemia or clinical atherosclerotic cardiovascular disease, who require additional lowering of LDL-cholesterol (LDL-C).","Common side effects of Praluent include: sore throat and runny or stuffy nose (nasopharyngitis), injection site reactions (swelling, pain, itching, redness, tenderness), influenza, urinary tract infection, diarrhea, bronchitis, muscle pain or spasms, sinus infection, cough, bruising, allergic reactions, and elevated liver enzymes. Seek medical care or call 911 at once if you have the following serious side effects: Serious eye symptoms such as sudden vision loss, blurred vision, tunnel vision, eye pain or swelling, or seeing halos around lights; Serious heart symptoms such as fast, irregular, or pounding heartbeats; fluttering in your chest; shortness of breath; and sudden dizziness, lightheadedness, or passing out; Severe headache, confusion, slurred speech, arm or leg weakness, trouble walking, loss of coordination, feeling unsteady, very stiff muscles, high fever, profuse sweating, or tremors. This document does not contain all possible side effects and others may occur. Check with your physician for additional information about side effects.",https://www.rxlist.com/praluent-drug.htm
Aliskiren and Amlodipine Tablets (Tekamlo),aliskiren and amlodipine tablets,"Antianginal Agents, Calcium Channel Blockers, Dihydropyridine, ARB/Renin Inhibitor Combos",The recommended initial once-daily dose of Tekamlo is 150 mg/5 mg.,Tekamlo (aliskiren and amlodipine) is a combination anti-hypertensive medication and a calcium channel blocker used to treat high blood pressure (hypertension).,"Texamlo may cause serious side effects including: hives, difficulty breathing, swelling of your face, lips, tongue, or throat, flushing, diarrhea, cough, and stomach pain Get medical help right away, if you have any of the symptoms listed above. Common side effects of Tekamlo include: dizziness or lightheadedness as your body adjusts to the medication.",https://www.rxlist.com/tekamlo-drug.htm
"Aliskiren and Valsartan, USP Tablets (Valturna)","aliskiren and valsartan, usp tablets","ARB/Renin Inhibitor Combos, ARB/Renin Inhibitor Combos",The recommended dosage of Valturna is based on your medical condition and response to treatment.,"Valturna (aliskircn and valsartan) is an angiotensin II receptor antagonist used to treat high blood pressure. Valturna was withdrawn from the U.S. market in 2012, due to concerns regarding possible side effects, especially in diabetics and those with kidney impairment.","Valturna may cause serious side effects including: hives, difficulty breathing, swelling of your face, lips, tongue, or throat, lightheadedness, slow heart rate, weak pulse, muscle weakness, and numbness or tingling Get medical help right away, if you have any of the symptoms listed above. Common side effects of Valturna (aliskircn and valsartan) include: diarrhea dizziness lightheadedness tiredness stuffy nose sore throat cough stomach pain or upset heartburn numbness or tingly feeling, or muscle cramps Seek medical care or call 911 at once if you have the following serious side effects:",https://www.rxlist.com/valturna-drug.htm
Aliskiren Tablets (Tekturna),aliskiren tablets,"Renin Inhibitors, Renin Inhibitors/Combos","The usual recommended starting dose of Tekturna is 150 mg once daily. In patients whose blood pressure is not adequately controlled, the daily dose may be increased to 300 mg. It may be prescribed wit","Tekturna (aliskiren) is a renin inhibitor, which is an anti-hypertensive (blood pressure lowering) medication, used to treat high blood pressure (hypertension).","Tekturna may cause serious side effects including: hives, difficulty breathing, swelling of your face, lips, tongue, or throat, itching, vomiting, severe stomach pain, dizziness, chest tightness, lightheadedness, little or no urination, weakness, tingly feeling, irregular heartbeats, loss of movement, headache, confusion, slurred speech, severe weakness, loss of coordination, and feeling unsteady Get medical help right away, if you have any of the symptoms listed above. Common side effects of Tekturna include: upset stomach, heartburn, diarrhea, lightheadedness, cough, itching or skin rash, headache, dizziness, tired feeling, back pain, joint pain or swelling, stuffy nose, or sore throat. Tell your doctor if you have serious side effects of Tekturna including:",https://www.rxlist.com/tekturna-drug.htm
"Aliskiren, Amlodipine and Hydrochlorothiazide Tablets (Amturnide )","aliskiren, amlodipine and hydrochlorothiazide tablets","How Do Anti-anginal Agents Work?, Renin Inhibitors/Combos, Calcium Channel Blockers, Dihydropyridine",The dose of Amturnide is taken once-daily. The dosage may be increased after 2 weeks of therapy. The maximum recommended dose of Amturnide is 300/10/25 mg.,"Amturnide (aliskiren, amlodipine and hydrochlorothiazide) is a combination anti-hypertensive medication, a calcium channel blocker, and a diuretic used to treat high blood pressure (hypertension). Amturnide is usually given after other blood pressure medications have been tried without successful treatment of symptoms.","Amturnide may cause serious side effects including: hives, difficulty breathing, swelling of your face, lips, tongue, or throat, extreme thirst, very dry mouth, muscle cramps, weakness, fast, slow, or irregular heartbeat, confusion, decreased urination, fainting, severe tiredness, big toe or joint pain, swelling hands, ankles, or feet, muscle weakness, little or no urination, decrease in vision, eye pain, rash, itching, and severe dizziness Get medical help right away, if you have any of the symptoms listed above. Common side effects of Amturnide include dizziness or lightheadedness as your body adjusts to the medication. Other side effects of Amturnide include swelling of your hands/ankles/feet, flushing, headache, stuffy nose, sore throat, or diarrhea. Seek medical care or call 911 at once if you have the following serious side effects: Serious eye symptoms such as sudden vision loss, blurred vision, tunnel vision, eye pain or swelling, or seeing halos around lights; Serious heart symptoms such as fast, irregular, or pounding heartbeats; fluttering in your chest; shortness of breath; and sudden dizziness, lightheadedness, or passing out; Severe headache, confusion, slurred speech, arm or leg weakness, trouble walking, loss of coordination, feeling unsteady, very stiff muscles, high fever, profuse sweating, or tremors.",https://www.rxlist.com/amturnide-drug.htm
Aliskren and Hydrochlorothiazide Tablets (Tekturna HCT),aliskren and hydrochlorothiazide tablets,Renin Inhibitors/Combos,"The recommended once-daily doses of Tekturna HCT in order of increasing mean effect are 150/12.5 mg, 150/25 mg or 300/12.5 mg, and 300/25 mg.",Tekturna HCT (aliskiren and hydrochlorothiazide) is a combination of an anti-hypertensive (blood pressure lowering) medication and a thiazide diuretic (water pill) used to treat high blood pressure (hypertension).,"Tekturna HCT may cause serious side effects including: hives, difficulty breathing, swelling of your face, lips, tongue, or throat, lightheadedness, little or no urinating, eye pain, vision problems, nausea, weakness, tingly feeling, chest pain, irregular heartbeats, loss of movement, leg cramps, constipation, irregular heartbeats, fluttering in your chest, increased thirst or urination, numbness or tingling, muscle weakness, limp feeling, headache, confusion, slurred speech, severe weakness, vomiting, loss of coordination, feeling unsteady, muscle or joint pain, fever, rash, and patchy skin color that worsens in sunlight Get medical help right away, if you have any of the symptoms listed above. Common side effects of Tekturna HCT include: dizziness, lightheadedness, spinning sensation, diarrhea, blurred vision, or cough as your body adjusts to the medication Other side effects of Tekturna HCT include stomach pain, indigestion, tired feeling, or flu symptoms.",https://www.rxlist.com/tekturna-hct-drug.htm
Alitretinoin (Panretin),alitretinoin,"Retinoid-like Agents, Topical,",Panretin gel should initially be applied two (2) times a day to cutaneous KS lesions. A sufficient dose of gel should be applied to cover the lesion with a generous coating. Panretin may interact with,Panretin (alitretinoin) Gel 0.1% is a topical (for the skin) retinoid used to treat skin lesions caused by AIDS-related Kaposi's sarcoma.,"Panretin may cause serious side effects including: hives, difficulty breathing, swelling of your face, lips, tongue, or throat, severe burning, pain, or irritation after using this medicine, blistering, drainage, oozing, and severe redness or swelling Get medical help right away, if you have any of the symptoms listed above. Serious side effects are not expected with Panretin Gel. Panretin may cause serious side effects including: hives, difficulty breathing, swelling of your face, lips, tongue, or throat, severe burning, pain, or irritation after using this medicine, blistering, drainage, oozing, and severe redness or swelling",https://www.rxlist.com/panretin-drug.htm
Alka-Seltzer (Calcium Carbonate),calcium carbonate,"Antacids, Antiemetic Agents, Antacids, Combos, Analgesic/Antihistamine/Antitussive Combos","The dose of Alka-Seltzer Original for adults and children 12 years and over is 2 tablets fully dissolved in 4 ounces of water every 4 hours, or as directed by a doctor.","Alka-Seltzer Original (anhydrous citric acid, aspirin, and sodium bicarbonate tablet, effervescent) is a combination of two antacids and an analgesic used for the temporary relief of heartburn, acid indigestion, and sour stomach when accompanied with headache or body aches and pains; upset stomach with headache from overindulgence in food or drink; and headache, body aches, and pain alone.","Side effects of Alka-Seltzer Original include: a severe allergic reaction to aspirin (hives, facial swelling, wheezing, shock) and stomach bleeding.",https://www.rxlist.com/alka-seltzer-drug.htm
Alkeran (Melphalan),melphalan,"Antineoplastics, Alkylating",2 mg tablets and should be administered only by a physician qualified in chemotherapy treatment,Alkeran (melphalan) is a drug prescribed for the treatment of multiple myeloma and ovarian cancer.,"Alkeran may cause serious side effects including: hives, difficulty breathing, swelling of your face, lips, tongue, or throat, itching, skin redness, blurred vision, lightheadedness, fast heartbeats, fever, chills, cough, pain or burning when you urinate, pale skin, unusual tiredness, shortness of breath, cold hands and feet, easy bruising, unusual bleeding, purple or red spots under your skin, sores or white patches in or around your mouth, trouble swallowing or talking, dry mouth, bad breath, altered sense of taste, severe ongoing nausea, vomiting, diarrhea, new or worsening cough, fever, unusual lumps or masses, missed menstrual periods, warmth or tingling, skin rash, headache, body aches, night sweats, weight loss, weakness, tiredness, loss of appetite, stomach pain (upper right side), dark urine, clay-colored stools, yellowing of the skin or eyes (jaundice), leg cramps, constipation, irregular heartbeats, fluttering in your chest, increased thirst or urination, numbness or tingling, muscle weakness, and limp feeling Get medical help right away, if you have any of the symptoms listed above. Side effects of Alkeran include: weight loss, loss of appetite, weakness, blistering skin or acne, nausea, vomiting, diarrhea, white patches or sores inside your mouth or on your lips, temporary hair loss, or skin itching and rash Severe side effects of Alkeran may occur.",https://www.rxlist.com/alkeran-drug.htm
Alkeran Injection (Melphalan Hcl Injection),melphalan hcl injection,"Antineoplastics, Alkylating",2 mg tablets and should be administered only by a physician qualified in chemotherapy treatment,Alkeran Injection (melphalan) is a drug prescribed for the treatment of multiple myeloma and ovarian cancer.,"Alkeran Injection may cause serious side effects including: hives, difficulty breathing, swelling of your face, lips, tongue, or throat, itching, skin redness, blurred vision, lightheadedness, fast heartbeats, fever, chills, pain or burning when you urinate, pale skin, unusual tiredness, shortness of breath, cold hand and feet, easy bruising, unusual bleeding, purple or red spots under your skin, sores or white patches in or around your mouth, trouble swallowing or talking, dry mouth, bad breath, altered sense of taste, severe ongoing nausea, vomiting, diarrhea, new or worsening cough, unusual lumps or masses, missed menstrual periods, warmth or tingling, skin rash, headache, body aches, night sweats, weight loss, weakness, tiredness, loss of appetite, stomach pain (upper right side), dark urine, clay-colored stools, yellowing of the skin or eyes (jaundice), leg cramps, constipation, irregular heartbeats, fluttering in your chest, increased thirst or urination, numbness or tingling, muscle weakness, and limp feeling Get medical help right away, if you have any of the symptoms listed above. Side effects of Alkeran Injection include: weight loss, loss of appetite, weakness, blistering skin or acne, nausea, vomiting, diarrhea, white patches or sores inside your mouth or on your lips, temporary hair loss, or skin itching and rash Severe side effects of Alkeran Injection may occur.",https://www.rxlist.com/alkeran-injection-drug.htm
Alkindi Sprinkle (Hydrocortisone Oral Granules),hydrocortisone oral granules,Corticosteroids,The recommended starting replacement dosage of Alkindi Sprinkle is 8 to 10 mg/m2 daily. Higher doses may be needed based on patient's age and symptoms of the disease. Use of lower starting doses may b,Alkindi Sprinkle (hydrocortisone) is a corticosteroid indicated as replacement therapy in pediatric patients with adrenocortical insufficiency.,"Alkindi Sprinkle may cause serious side effects including: hives, difficulty breathing, swelling of your face, lips, tongue, or throat, worsening of your skin condition, redness, warmth, swelling, oozing, or severe irritation of any treated skin, increased thirst, increased urination, dry mouth, fruity breath odor, weight gain (especially in your face or your upper back and torso), slow wound healing, thinning or discolored skin, increased body hair, muscle weakness, nausea, diarrhea, tiredness, mood changes, menstrual changes, and sexual changes Get medical help right away, if you have any of the symptoms listed above. Side effects of Alkindi Sprinkle include: fluid retention, alteration in glucose tolerance, elevation in blood pressure, behavioral and mood changes, increased appetite, and weight gain Seek medical care or call 911 at once if you have the following serious side effects:",https://www.rxlist.com/alkindi-sprinkle-drug.htm
Allegra (Fexofenadine Hcl),fexofenadine hcl,"Antihistamines, 2nd Generation, Dermatologics, Other, Antihistamine/Decongestant Combos,","several strengths and forms; as tablets in strengths of 30, 60 and 180 mg, as 30 mg fast orally disintegrating tablets (available in foil blister packs and labeled ""ODT""; the drug should not be touched by skin as it may begin to dissolve and reduce the oral dose) and as an oral suspension of 30mg per 5 ml","Allegra (fexofenadine hydrochloride) is an antihistamine used to treat allergic symptoms of seasonal allergic rhinitis, including: sneezing, runny nose, itchy or watery eyes, and urticaria (hives) Allegra is available as a generic drug.","Common side effects of Allegra include: nausea, diarrhea, upset stomach, muscle or back discomfort or pain, sleepiness, drowsiness, tiredness, headache, and menstrual cramps. Contact your doctor if you have serious but less common side effects of Allegra including: allergic reactions, fever, chills, body aches, cough, or other flu symptoms. Allegra may cause serious side effects including: hives, difficulty breathing, swelling of your face, lips, tongue, or throat, fever, chills, body aches, cough, and flu-like symptoms",https://www.rxlist.com/allegra-drug.htm
Allegra-D (Fexofenadine HCl and Pseudoephedrine HCl),fexofenadine hcl and pseudoephedrine hcl,"Antihistamine/Decongestant Combos,","The recommended dose of Allegra-D 12 Hour Extended-Release Tablets is one tablet twice daily taken on an empty stomach with water, for adults and children 12 years of age and older.","Allegra-D (fexofenadine hcl and pseudoephedrine hcl) is a combination of an antihistamine and a decongestant used to treat sneezing, cough, runny or stuffy nose, itchy or watery eyes, hives, skin rash, itching, and other symptoms of allergies and the common cold. Allegra-D is available in generic form and over-the-counter.","Common side effects of Allegra-D include: nausea, stomach upset or pain, loss of appetite, constipation, trouble sleeping (insomnia), headache, dizziness, nervousness, dry mouth, feeling restless or excited (especially in children), skin rash or itching, drowsiness, problems with memory or concentration, or ringing in your ears. Tell your doctor if you have serious side effects of Allegra-D including: fast/irregular/pounding heartbeat, shaking (tremors), mental/mood changes (such as anxiety, confusion, nervousness, restlessness), or problems urinating. Seek medical care or call 911 at once if you have the following serious side effects: Serious eye symptoms such as sudden vision loss, blurred vision, tunnel vision, eye pain or swelling, or seeing halos around lights; Serious heart symptoms such as fast, irregular, or pounding heartbeats; fluttering in your chest; shortness of breath; and sudden dizziness, lightheartedness, or passing out; Severe headache, confusion, slurred speech, arm or leg weakness, trouble walking, loss of coordination, feeling unsteady, very stiff muscles, high fever, profuse sweating, or tremors.",https://www.rxlist.com/allegra-d-drug.htm
Allegra-D 24 Hour (Fexofenadine HCl 180 and Pseudoephendrine HCl 240),fexofenadine hcl 180 and pseudoephendrine hcl 240,Antihistamine/Decongestant Combos,The recommended dose of Allegra-D 24 Hour is one tablet once daily administered on an empty stomach with water for adults and children 12 years of age and older.,"Allegra-D 24 Hour (fexofenadine hcl 180 and pseudoephendrine hcl 240) is a combination of an antihistamine and a decongestant used to treat sneezing, cough, runny or stuffy nose, itchy or watery eyes, hives, skin rash, itching, and other symptoms of allergies and the common cold. Allegra-D 24 Hour is available over-the-counter and in generic forms.","Common side effects of Allegra-D 24 Hour include: nausea, stomach pain or upset, loss of appetite, constipation, trouble sleeping (insomnia), headache, dizziness, nervousness, dry mouth, skin rash or itching, drowsiness, problems with memory or concentration, restlessness or excitability (especially in children), or ringing in your ears. Tell your doctor if you have serious side effects of Allegra-D 24 Hour including: fast/irregular/pounding heartbeat, shaking (tremor), mental/mood changes (such as anxiety, confusion, nervousness, restlessness), or problems urinating. Seek medical care or call 911 at once if you have the following serious side effects: Serious eye symptoms such as sudden vision loss, blurred vision, tunnel vision, eye pain or swelling, or seeing halos around lights; Serious heart symptoms such as fast, irregular, or pounding heartbeats; fluttering in your chest; shortness of breath; and sudden dizziness, lightheartedness, or passing out; Severe headache, confusion, slurred speech, arm or leg weakness, trouble walking, loss of coordination, feeling unsteady, very stiff muscles, high fever, profuse sweating, or tremors.",https://www.rxlist.com/allegra-d-24-hour-drug.htm
"Allergenics Extracts Alum Precipitated Injection, Suspension (Center-Al)","allergenics extracts alum precipitated injection, suspension",,"A treatment schedule is related directly to the patient's degree of sensitivity, determined initially by clinical history and skin testing, and continuously by response to therapeutic doses. Thus, an","Center-Al (allergenic extracts, alum precipitated) is a treatment for patients exhibiting allergic reactions to seasonal pollens, dust mites, molds, animal danders, and various other inhalants, in situations where the offending allergen cannot be avoided. Common side effects of Center-Al include:",,https://www.rxlist.com/center-al-drug.htm
Allernaze (Triamcinolone Acetonide Nasal Spray),triamcinolone acetonide nasal spray,,The recommended starting dose of AllerNaze for most patients is 200 mcg per day given as 2 sprays (approximately 50 mcg/spray) in each nostril once a day.,"AllerNaze (triamcinolone acetonide) Nasal Spray is a corticosteroid used to treat the nasal symptoms of seasonal and perennial allergic rhinitis in adults and children 12 years of age or older. The brand name AllerNaze Nasal Spray is discontinued, but generic versions may be available.","Common side effects of AllerNaze (triamcinolone acetonide) Nasal Spray include: application site reaction (nasal burning and stinging runny or stuffy nose menstrual pain, and allergic reactions",https://www.rxlist.com/allernaze-drug.htm
Alli (Orlistat 60 mg),orlistat 60 mg,"Gastrointestinal Agents, Other","The recommended dose of Alli for overweight adults 18 years and older is 1 60-mg capsule with each meal containing fat, not to exceed 3 capsules daily. Use with a reduced-calorie, low-fat diet.","Alli (orlistat) Capsules works by blocking absorption of 25% of the fat in a meal and is used for weight loss in overweight adults, 18 years and older, when used along with a reduced-calorie and low-fat diet.","Common side effects of Alli include: changes in your bowel function because of the unabsorbed fat, fatty/oily stool, oily spotting in your undergarments, orange or brown colored oil in your stool, intestinal gas with discharge, loose stools, a feeling of needing to have a bowel movement right away, increased number of bowel movements, poor bowel control, stomach pain, nausea, vomiting, diarrhea, or rectal pain. These side effects of Alli may worsen if you eat more fat than you should. Other side effects of Alli include: weakness, dark urine, clay-colored stools, itching, loss of appetite, jaundice (yellowing of the skin or eyes), problems with your teeth or gums, cold symptoms (stuffy nose, sneezing, cough), fever, chills, sore throat, flu symptoms, headache, back pain, or skin rash. Stop taking Alli and tell your doctor if you have rare but serious side effects including: symptoms of liver disease (such as persistent nausea and vomiting, severe stomach or abdominal pain, dark urine, yellowing eyes or skin), or symptoms of kidney stones (such as back pain, pain when urinating, pink or bloody urine).",https://www.rxlist.com/alli-drug.htm
Allocord (Cord Blood Injectable Suspension for Intravenous Use),cord blood injectable suspension for intravenous use,,The recommended minimum dose of Allocord is 2.5 x 107 nucleated cells/kg at cryopreservation.,"Allocord (human cord blood hematopoietic progenitor cell injection) is an allogeneic cord blood hematopoietic progenitor cell therapy indicated for use in unrelated donor hematopoietic progenitor cell trans plantation procedures in conjunction with an appropriate preparative regimen for hematopoietic and immunologic reconstitution in patients with dis orders affecting the hematopoietic system that are inherited, acquired, or result from myeloablative treatment.","Common side effects of Allocord include: high blood pressure (hypertension), vomiting, nausea, slow heart rate, fever, hypersensitivity reactions (bronchospasm, wheezing, skin swelling, itching, and hives), rigors or chills, flushing, shortness of breath, chest pain, blood in the urine, low blood oxygen, fast heart rate, changes in taste, and mild headache",https://www.rxlist.com/allocord-drug.htm
Allogeneic Cultured Keratinocytes and Fibroblasts (Stratagraft),allogeneic cultured keratinocytes and fibroblasts,Topical Skin Products,Stratagraft is applied to a surgically prepared wound bed. The number of Stratagraft constructs applied will vary depending on the size of the wound bed. Stratagraft constructs may be trimmed to accom,Stratagraft (allogeneic cultured keratinocytes and dermal fibroblasts in murine collagen-dsat) is an allogeneic cellularized scaffold product indicated for the treatment of adults with thermal burns containing intact dermal elements for which surgical intervention is clinically indicated (deep partial-thickness burns).,"Side effects of Stratagraft include: itching, blisters, a thick, raised scar, and impaired healing. Seek medical care or call 911 at once if you have the following serious side effects: Serious eye symptoms such as sudden vision loss, blurred vision,tunnel vision,eye painor swelling, or seeing halos around lights; Serious heart symptoms such as fast, irregular, or pounding heartbeats; fluttering in your chest; shortness of breath; and sudden dizziness, lightheadedness, or passing out; Severe headache,confusion, slurred speech, arm or leg weakness, trouble walking, loss of coordination, feeling unsteady, very stiff muscles, high fever, profuse sweating, or tremors. This document does not contain all possible side effects and others may occur. Check with your physician for additional information about side effects.",https://www.rxlist.com/stratagraft-drug.htm
Allogeneic Cultured Keratinocytes and Fibroblasts in Bovine Collagen Cellular Sheet for Topical Oral Application (Gintuit),allogeneic cultured keratinocytes and fibroblasts in bovine collagen cellular sheet for topical oral application,"Dental, Other",Gintuit is used as one application over a surgically created vascular wound bed in the oral cavity. The size of Gintuit is adjusted for the size of the wound bed.,Gintuit (allogeneic cultured keratinocytes and fibroblasts in bovine collagen) is an allogeneic cellularized scaffold product indicated for topical (non-submerged) application to a surgically created vascular wound bed in the treatment of mucogingival conditions in adults.,"Side effects of Gintuit include: sinus infection (sinusitis), runny or stuffy nose, respiratory tract infection, canker sores, mouth pain, and the local effects of oral surgery. Seek medical care or call 911 at once if you have the following serious side effects: Serious eye symptoms such as sudden vision loss, blurred vision,tunnel vision,eye painor swelling, or seeing halos around lights; Serious heart symptoms such as fast, irregular, or pounding heartbeats; fluttering in your chest; shortness of breath; and sudden dizziness, lightheadedness, or passing out; Severe headache,confusion, slurred speech, arm or leg weakness, trouble walking, loss of coordination, feeling unsteady, very stiff muscles, high fever, profuse sweating, or tremors. This document does not contain all possible side effects and others may occur. Check with your physician for additional information about side effects.",https://www.rxlist.com/gintuit-drug.htm
Allogeneic Processed Thymus Tissue-agdc (Rethymic),allogeneic processed thymus tissue-agdc,Regenerative Therapy,"Rethymic is administered by a surgical procedure. The recommended dose range is 5,000 to 22,000 mm2 of Rethymic/m2 recipient body surface area (BSA).",Rethymic (allogeneic processed thymus tissue–agdc) is processed thymus tissue indicated for immune reconstitution in pediatric patients with congenital athymia.,"Side effects of Rethymic include: high blood pressure (hypertension), cytokine release syndrome, rash, low magnesium (hypomagnesemia), decreased kidney function/kidney failure, low platelets (thrombocytopenia), and graft versus host disease. Seek medical care or call 911 at once if you have the following serious side effects: Serious eye symptoms such as sudden vision loss, blurred vision, tunnel vision, eye pain or swelling, or seeing halos around lights; Serious heart symptoms such as fast, irregular, or pounding heartbeats; fluttering in your chest; shortness of breath; and sudden dizziness, lightheadedness, or passing out; Severe headache, confusion, slurred speech, arm or leg weakness, trouble walking, loss of coordination, feeling unsteady, very stiff muscles, high fever, profuse sweating, or tremors. This document does not contain all possible side effects and others may occur. Check with your physician for additional information about side effects.",https://www.rxlist.com/rethymic-drug.htm
Allopurinol (Zyloprim),allopurinol,"Antigout Agents, Xanthine Oxidase Inhibitors",100 and 300 mg strength tablets,Zyloprim (allopurinol) is a xanthine oxidase inhibitor that reduces the production of uric acid. Zyloprim is used to prevent gout attacks by reducing uric acid production; high levels of uric acid may cause gout or kidney stones. Zyloprim is available as a generic termed allopurinol.,"Side effects of Zyloprim include: drowsiness, headache, diarrhea, vomiting, stomach discomfort, changes in your sense of taste, or muscle pain. Tell your doctor if you experience rare but very serious side effects of Zyloprim including: numbness or tingling of arms or legs, easy bleeding or bruising, signs of infection (e.g., fever, persistent sore throat), unusual tiredness, painful or bloody urination, change in the amount of urine, yellowing eyes or skin, severe stomach or abdominal pain, persistent nausea or vomiting, dark urine, unusual weight loss, eye pain, or vision changes. Seek medical care or call 911 at once if you have the following serious side effects: Serious eye symptoms such as sudden vision loss, blurred vision, tunnel vision, eye pain or swelling, or seeing halos around lights; Serious heart symptoms such as fast, irregular, or pounding heartbeats; fluttering in your chest; shortness of breath; and sudden dizziness, lightheartedness, or passing out; Severe headache, confusion, slurred speech, arm or leg weakness, trouble walking, loss of coordination, feeling unsteady, very stiff muscles, high fever, profuse sweating, or tremors.",https://www.rxlist.com/zyloprim-drug.htm
Allopurinol Sodium for Injection (Aloprim),allopurinol sodium for injection,"Antigout Agents, Xanthine Oxidase Inhibitors","The recommended adult dose of Aloprim is 200 to 400 mg/m2/day, with a maximum dose of 600 mg/day. The recommended pediatric starting dose of Aloprim is 200 mg/m2/day.","Aloprim (allopurinol sodium) for Injection is a xanthine oxidase inhibitor used to manage patients with leukemia, lymphoma, and solid tumor malignancies who are receiving cancer therapy which causes elevations of serum and urinary uric acid levels and who cannot tolerate oral therapy. Aloprim is available in generic form.","Aloprim may cause serious side effects including: hives, difficulty breathing, swelling of your face, lips, tongue, or throat, fever, sore throat, burning eyes, skin pain, red or purple skin rash with blistering and peeling, skin rash, flu symptoms, joint pain, easy bruising, unusual bleeding, painful urination, blood in the urine, little or no urination, numbness, tingling, burning pain, worsening gout symptoms, loss of appetite, weight loss, stomach pain (upper right side), itching, dark urine, clay-colored stools, and yellowing of the skin or eyes (jaundice) Get medical help right away, if you have any of the symptoms listed above. Common side effects of Aloprim include: injection site reactions rash hives allergic reaction itching diarrhea nausea vomiting, or kidney problems Seek medical care or call 911 at once if you have the following serious side effects:",https://www.rxlist.com/aloprim-drug.htm
Allzital (Butalbital and Acetaminophen Tablets),butalbital and acetaminophen tablets,"Analgesics, Barbiturate Combos",The dose of Allzital is one or two tablets every four hours as needed.,Allzital (butalbital and acetaminophen) is a combination of a barbiturate and an analgesic (pain reliever) indicated for the relief of the symptom complex of tension (or muscle contraction) headache.,"Allzital may cause serious side effects including: hives, difficulty breathing, swelling of your face, lips, tongue, or throat, fast or pounding heartbeats, lightheadedness, confusion, depression, restlessness, excitedness, agitation, seizures, nausea, upper stomach pain, itching, tiredness, loss of appetite, dark urine, clay-colored stools, yellowing of the skin or eyes (jaundice), skin redness, and rash that spreads and causes blistering and peeling Get medical help right away, if you have any of the symptoms listed above. Common side effects of Allzital include: drowsiness, lightheadedness, dizziness, sedation, shortness of breath, nausea, vomiting, abdominal pain, and intoxicated feeling. Less common side effects of Allzital include:",https://www.rxlist.com/allzital-drug.htm
Almotriptan Malate (Axert),almotriptan malate,"Antimigraine Agents, Serotonin 5-HT-Receptor Agonists","The recommended dose of Axert in adults and adolescents age 12 to 17 years is 6.25 mg to 12.5 mg, with the 12.5 mg dose tending to be a more effective dose in adults.","Axert (almotriptan malate) is a triptan, which works by affecting a certain natural chemical (serotonin) that constricts blood vessels in the brain, used to treat migraine headaches in adults and in adolescents who are at least 12 years old. Axert will only treat a headache that has already begun. Axert will not prevent headaches or reduce the number of attacks.","Common side effects of Axert include: mild headache (not a migraine), drowsiness, dizziness, nausea, vomiting, sensations of tingling/numbness/prickling/warmth under your skin, dry mouth, elevated blood pressure, or pressure or heavy feeling in any part of your body. Chest/jaw/neck tightness can commonly occur shortly after using Axert. Seek immediate medical attention if you have unlikely but very serious (rarely fatal) side effects of Axert including: chest pain, jaw or left arm pain, fainting, fast/irregular/pounding heartbeat, vision changes, weakness on one side of the body, confusion, slurred speech, sudden or severe stomach or abdominal pain, bloody diarrhea, or a change in the amount of urine. Axert may cause serious side effects including: hives, difficulty breathing, swelling of your face, lips, tongue, or throat, chest pain or pressure, pain spreading to your jaw or shoulder, nausea, sweating, lightheadedness, numbness, tingling, pale or blue-colored appearance in your fingers or toes, weakness, heavy feeling in your legs, burning pain in your feet, leg cramps, hip pain, numbness or tingling in your legs, agitation, hallucinations, fever, fast heart rate, overactive reflexes, vomiting, diarrhea, loss of coordination, fainting, severe stomach pain (especially after eating), diarrhea, constipation, and bloody or tarry stools",https://www.rxlist.com/axert-drug.htm
Alocril (Nedocromil),nedocromil,,The recommended dosage is one or two drops in each eye twice a day. Alocril ophthalmic solution should be used at regular intervals.,"Alocril (nedocromil) ophthalmic solution is a mast cell stabilizer, which is an anti-allergic medication, used to treat ocular (eye) symptoms of allergic conditions, such as inflammation, itching, watering, and burning.","Alocril may cause serious side effects including: hives, difficulty breathing, swelling of your face, lips, tongue, or throat, and severe burning, stinging, or irritation after using the medicine Get medical help right away, if you have any of the symptoms listed above. Common side effects of Alocril include: burning/stinging/irritation of the eye itchy eyes eye redness headache stuffy/runny nose bad or unpleasant taste in the mouth, and increased eye sensitivity to light Seek medical care or call 911 at once if you have the following serious side effects:",https://www.rxlist.com/alocril-drug.htm
Alogliptin and Metformin HCl Tablets (Kazano),alogliptin and metformin hcl tablets,"Antidiabetics, Biguanides, Antidiabetics, Dipeptyl Peptidase-IV Inhibitors, Antidiabetics, Biguanides/Dipeptyl Peptidase-IV Inhibitors",doses of 12,"Kazano (alogliptin and metformin HCl) is an antidiabetic medication used to treat type 2 diabetes mellitus, along with diet and exercise.","Kazano may cause serious side effects including: hives, difficulty breathing, swelling of your face, lips, tongue, or throat, fever, sore throat, burning eyes, skin pain, red or purple skin rash with blistering and peeling, severe pain in your upper stomach spreading to your back, nausea, vomiting, loss of appetite, fast heartbeats, unusual muscle pain, feeling cold, trouble breathing, dizziness, lightheadedness, tiredness, weakness, stomach pain, slow or irregular heart rate, severe on ongoing pain in your joints, pain or burning when you urinate, dark urine, yellow of the skin or eyes (jaundice), shortness of breath, swelling in your legs or feet, and rapid weight gain Get medical help right away, if you have any of the symptoms listed above. Common side effects of Kazano include: upper respiratory tract infection, diarrhea, high blood pressure, headache, back pain, urinary tract infection, and cold symptoms (stuffy nose, sinus pain, sore throat). Patients with impaired kidneys, acute or chronic metabolic acidosis, including diabetic ketoacidosis should not take Kazano. Kazano is not recommended in patients with a history of hypersensitivity reaction to alogliptin or metformin, which are components of Kazano.",https://www.rxlist.com/kazano-drug.htm
Alogliptin and Pioglitazone Tablets (Oseni),alogliptin and pioglitazone tablets,"Antidiabetics, Thiazolidinediones, Peroxisome Proliferator Activated Receptor (PPAR) Agonists","a tablet in the following strengths: 25 mg alogliptin and 15 mg pioglitazone, 25 mg alogliptin and 30 mg pioglitazone, 25 mg alogliptin and 45 mg pioglitazone",Oseni (alogliptin and pioglitazone) is a combination antidiabetic medication used to treat and manage type 2 diabetes.,"Common side effects of Oseni include: stuffy or runny nose, sore throat, back pain, and cold-like symptoms (upper respiratory tract infection). Oseni can cause serious side effects in some patients, including: new or worsening heart failure, fluid retention (especially in the legs and ankles), swelling and weight gain. Seek medical care or call 911 at once if you have the following serious side effects: Serious eye symptoms such as sudden vision loss, blurred vision, tunnel vision, eye pain or swelling, or seeing halos around lights; Serious heart symptoms such as fast, irregular, or pounding heartbeats; fluttering in your chest; shortness of breath; and sudden dizziness, lightheadedness, or passing out; Severe headache, confusion, slurred speech, arm or leg weakness, trouble walking, loss of coordination, feeling unsteady, very stiff muscles, high fever, profuse sweating, or tremors.",https://www.rxlist.com/oseni-drug.htm
Alogliptin Tablets (Nesina),alogliptin tablets,"Antidiabetics, Dipeptyl Peptidase-IV Inhibitors",The recommended dose of Nesina is 25 mg once daily.,Nesina (alogliptin) is an anti-diabetic drug used as an adjunct to diet and exercise to improve glycemic control in adults with type 2 diabetes mellitus. Nesina should not be used in patients with type 1 diabetes mellitus or for the treatment of diabetic ketoacidosis.,"Common side effects of Nesina include: cold symptoms (stuffy nose, sore throat, sinus infection, sinus pain), or headache. Tell your doctor if you have serious side effects of Nesina including: severe pain in your upper stomach spreading to your back, nausea and vomiting, loss of appetite, fast heart rate, itching, dark urine, clay-colored stools, jaundice (yellowing of the skin or eyes), or a severe skin reaction. Seek medical care or call 911 at once if you have the following serious side effects: Serious eye symptoms such as sudden vision loss, blurred vision, tunnel vision, eye pain or swelling, or seeing halos around lights; Serious heart symptoms such as fast, irregular, or pounding heartbeats; fluttering in your chest; shortness of breath; and sudden dizziness, lightheadedness, or passing out; Severe headache, confusion, slurred speech, arm or leg weakness, trouble walking, loss of coordination, feeling unsteady, very stiff muscles, high fever, profuse sweating, or tremors.",https://www.rxlist.com/nesina-drug.htm
Alomide (Lodoxamide Tromethamine),lodoxamide tromethamine,"Mast Cell Stabilizers, Ophthalmic",The dose of Alomide for adults and children greater than two years of age is one to two drops in each affected eye four times daily for up to 3 months.,"Alomide (lodoxamide tromethamine ophthalmic solution) is a mast cell stabilizer, which is an allergy medication, used to treat seasonal eye allergy symptoms such as inflammation, itching, redness, and burning.","Alomide may cause serious side effects including: hives, difficulty breathing, swelling of your face, lips, tongue, or throat, and severe burning or stinging when applying the eye drops Get medical help right away, if you have any of the symptoms listed above. Common side effects of Alomide include: eye burning/stinging/discomfort/irritation eye itching eye redness or pain feeling as if something is in the eye dry nose sneezing headache dizziness drowsiness blurred vision watery eyes dry eyes sticky feeling in the eye swollen or puffy eyelids crusting in the corner of the eye or on the eyelid, or drainage from your eyes Seek medical care or call 911 at once if you have the following serious side effects:",https://www.rxlist.com/alomide-drug.htm
Alora (Estradiol Transdermal System),estradiol transdermal system,Estrogen Derivatives,"Alora should be administered twice weekly, as instructed. The adhesive side of the Alora system should be placed on a clean, dry area of skin, usually on the lower abdomen.","Alora (estradiol transdermal system) is a form of estrogen, a female sex hormone, used to treat certain symptoms of menopause such as dryness, burning, and itching of the vaginal area. Alora also reduces urgency or irritation of urination. Alora skin patches are also used to treat ovarian disorders, infertility, and abnormal vaginal bleeding. Some estradiol skin patches are used to prevent postmenopausal osteoporosis.","Common side effects of Alora include: skin redness or irritation at the application site, nausea, vomiting, upset stomach, bloating, constipation, breast swelling and tenderness, nipple discharge, headache, weight changes, acne or skin color changes, increased facial hair, thinning scalp hair, back pain, joint pain, cold symptoms (stuffy nose, sneezing, sinus pain, sore throat), changes in your menstrual periods, or break-through bleeding. Tell your doctor if you have serious side effects of Alora including: chest pain or heavy feeling, pain spreading to the arm or shoulder, sweating, general ill feeling; sudden numbness or weakness, especially on one side of the body; sudden severe headache, sudden vision changes, problems with speech or balance; sudden cough, wheezing, rapid breathing, coughing up blood; pain, swelling, warmth, or redness in one or both legs; pain, swelling, or tenderness in your stomach; jaundice (yellowing of the skin or eyes); a lump in your breast; numbness or tingly feeling around your mouth, fast or slow heart rate, muscle tightness or contraction, overactive reflexes; or dangerously high blood pressure (severe headache, blurred vision, buzzing in your ears, anxiety, confusion, chest pain, shortness of breath, uneven heartbeats, seizure). Seek medical care or call 911 at once if you have the following serious side effects: Serious eye symptoms such as sudden vision loss, blurred vision, tunnel vision, eye pain or swelling, or seeing halos around lights; Serious heart symptoms such as fast, irregular, or pounding heartbeats; fluttering in your chest; shortness of breath; and sudden dizziness, lightheadedness, or passing out; Severe headache, confusion, slurred speech, arm or leg weakness, trouble walking, loss of coordination, feeling unsteady, very stiff muscles, high fever, profuse sweating, or tremors.",https://www.rxlist.com/alora-drug.htm
Alosetron Hydrochloride (Lotronex),alosetron hydrochloride,"IBS Agents, Selective 5-HT3 Receptor Antagonists","To lower the risk of constipation, Lotronex should be started at a dosage of 0.5 mg twice a day. If, after 4 weeks, the dosage is well tolerated but does not adequately control IBS symptoms, then it m","Lotronex (alosetron hydrochloride) blocks the action of a chemical called serotonin in the intestines, slowing the movement of stools (bowel movements) through the intestines and is used to treat severe, chronic irritable bowel syndrome (IBS) in women who have had diarrhea as the main symptom for at least 6 months, and should be used only in women who have tried other IBS treatments without success. Lotronex has not been shown to be effective in men with IBS.",Common side effects of Lotronex include: headache stomach upset or discomfort hemorrhoids bloating gas nausea constipation burping with heartburn or skin rash,https://www.rxlist.com/lotronex-drug.htm
alosetron hydrochloride (Alosetron Hydrochloride Tablets),alosetron hydrochloride,"IBS Agents, Selective 5-HT3 Receptor Antagonists",The starting dose of alosetron hydrochloride is 0.5 mg twice a day. The dose of alosetron hydrochloride may be increased to 1 mg twice a day after 4 weeks if starting dosage is well tolerated but does,"Alosetron Hydrochloride Tablets are a selective serotonin 5-HT3 antagonist indicated only for women with severe diarrhea-predominant irritable bowel syndrome (IBS) who have chronic IBS symptoms (generally lasting 6 months or longer), had anatomic or biochemical abnormalities of the gastrointestinal tract excluded, and not responded adequately to conventional therapy. Alosetron hydrochloride is available in generic form.","Common side effects of alosetron hydrochloride include: constipation, abdominal discomfort and pain, nausea, gastrointestinal discomfort and pain, abdominal distention, vomiting and reflux, hemorrhoids, diarrhea, and gas. Seek medical care or call 911 at once if you have the following serious side effects: Serious eye symptoms such as sudden vision loss, blurred vision, tunnel vision, eye pain or swelling, or seeing halos around lights; Serious heart symptoms such as fast, irregular, or pounding heartbeats; fluttering in your chest; shortness of breath; and sudden dizziness, lightheartedness, or passing out; Severe headache, confusion, slurred speech, arm or leg weakness, trouble walking, loss of coordination, feeling unsteady, very stiff muscles, high fever, profuse sweating, or tremors. This document does not contain all possible side effects and others may occur. Check with your physician for additional information about side effects.",https://www.rxlist.com/alosetron-hydrochloride-drug.htm
Aloxi (Palonosetron hydrochloride),palonosetron hydrochloride,"Antiemetics, Selective 5-HT3 Antagonist","Dosage of Aloxi for adults is a single 0.25 mg I.V. dose administered over 30 seconds, given approximately 30 minutes before the start of chemotherapy.",Aloxi (palonosetron hydrochloride) is an antiemetic and anti-nausea agent used to prevent nausea and vomiting that may be caused by surgery or by medicine to treat cancer (chemotherapy or radiation).,"Common side effects of Aloxi include: headache, constipation, diarrhea, dizziness, or tired feeling. Aloxi may increase serotonin and rarely cause a very serious condition called serotonin syndrome/toxicity. The risk increases if you are also taking other drugs that increase serotonin. Get medical help right away if you develop the following symptoms while taking Aloxi: fast heartbeat, hallucinations, loss of coordination, severe dizziness, severe nausea/vomiting/diarrhea, twitching muscles, unexplained fever, or unusual agitation or restlessness.",https://www.rxlist.com/aloxi-drug.htm
Aloxi Capsules (Palonosetron HCl Capsules),palonosetron hcl capsules,"Antiemetics, Selective 5-HT3 Antagonist","Dosage of Aloxi for adults is a single 0.25 mg I.V. dose administered over 30 seconds, given approximately 30 minutes before the start of chemotherapy.","Aloxi (palonosetron HCl) Capsules is an antiemetic and antinauseant drug used to prevent nausea and vomiting that may be caused by medicine to treat cancer (chemotherapy). The brand name Aloxi Capsules are discontinued, but generic versions may be available. Common side effects of Aloxi (palonosetron HCl) Capsules include headache, constipation, or tired feeling.","Uncommon side effects of Aloxi (palonosetron HCl) Capsules include: anemia low blood pressure motion sickness eye swelling nausea vomiting fever chills sinus infection weight loss joint pain or stiffness dizziness changes in taste insomnia shortness of breath nosebleed itching, and hair loss Seek medical care or call 911 at once if you have the following serious side effects: Serious eye symptoms such as sudden vision loss, blurred vision, tunnel vision, eye pain or swelling, or seeing halos around lights; Serious heart symptoms such as fast, irregular, or pounding heartbeats; fluttering in your chest; shortness of breath; and sudden dizziness, lightheartedness, or passing out; Severe headache, confusion, slurred speech, arm or leg weakness, trouble walking, loss of coordination, feeling unsteady, very stiff muscles, high fever, profuse sweating, or tremors. This document does not contain all possible side effects and others may occur. Check with your physician for additional information about side effects.",https://www.rxlist.com/aloxi-capsules-drug.htm
Alpelisib Tablets (Piqray),alpelisib tablets,Antineoplastics PI3K Inhibitors,The recommended dose of Piqray is 300 mg (two 15 0 mg tablets) taken orally once daily with food.,"Piqray (alpelisib) is a kinase inhibitor indicated in combination with fulvestrant for the treatment of postmenopausal women, and men, with hormone receptor (HR)-positive, human epidermal growth factor receptor 2 (HER2)-negative, PIK3CA-mutated, advanced or metastatic breast cancer as detected by an FDA-approved test following progression on or after an endocrine-based regimen.","Piqray may cause serious side effects including: hives, difficulty breathing, swelling of your face, lips, tongue, or throat, fast heartbeats, fever, sore throat, burning eyes, skin pain, red or purple skin rash with blistering and peeling, chest pain, cough, shortness breath, severe or ongoing diarrhea, blisters or ulcers in your mouth, red or swollen gums, trouble swallowing, pale skin, unusual tiredness, cold hands and feet, little or no urination, increased thirst, increased urination, dry mouth, fruity breath odor, confusion, hunger, and weight loss Get medical help right away, if you have any of the symptoms listed above. Common side effects of Piqray include: diarrhea rash nausea fatigue decreased appetite inflammation of the mouth and lips vomiting weight loss hair loss abdominal pain indigestion swelling of extremities fever dry nose urinary tract infection (UTI) changes in taste headache itching dry skin prolonged aPTT and laboratory abnormalities (increased or decreased blood sugar increased creatinine decreased lymphocyte count increased GGT increased ALT decreased hemoglobin increased lipase and decreased calcium) Seek medical care or call 911 at once if you have the following serious side effects:",https://www.rxlist.com/piqray-drug.htm
Alpelisib Tablets (Vijoice),alpelisib tablets,Antineoplastics PI3K Inhibitors,The recommended pediatric dose of Vijoice for patients 2 to less than 18 years of age is 50 mg taken orally once daily with food. The recommended adult dose of Vijoice is 250 mg taken orally once dail,Vijoice (alpelisib) is a kinase inhibitor indicated for the treatment of adult and pediatric patients 2 years of age and older with severe manifestations of PIK3CA-Related Overgrowth Spectrum (PROS) who require systemic therapy.,"Vijoice may cause serious side effects including: hives, difficulty breathing, swelling of your face, lips, tongue, or throat, chest pain, cough, shortness of breath, severe or ongoing diarrhea, blisters or ulcers in your mouth, red or swollen gums, trouble swallowing, pale skin, unusual tiredness, cold hands and feet, little or no urination, increased thirst, increased urination, dry mouth, fruity breath odor, confusion, hunger, and weight loss Get medical help right away, if you have any of the symptoms listed above. Side effects of Vijoice include: diarrhea, swelling and sores in the mouth, high blood sugar (hyperglycemia), eczema, dry skin, hair loss, and headache. Seek medical care or call 911 at once if you have the following serious side effects:",https://www.rxlist.com/vijoice-drug.htm
Alpha 1 Proteinase Inhibitor (Prolastin),alpha 1 proteinase inhibitor,"Pulmonary, Other, Alpha-1 proteinase inhibitor",The recommended dosage of Prolastin is 60 mg/kg body weight administered intravenously once weekly.,Prolastin (Alpha1-Proteinase Inhibitor [Human]) is a protein used to treat alpha 1-antitrypsin deficiency which can lead to emphysema (damage to the air sacs in the lungs).,"Prolastin may cause serious side effects including: hives, difficulty breathing, swelling of your face, lips, tongue, or throat, wheezing, lightheadedness, fever, chills, body aches, flu symptoms, sores in your mouth and throat, pain or burning when you urinate, chest pain or tightness, and vision changes Get medical help right away, if you have any of the symptoms listed above. Common side effects of Prolastin include: pain at the injection site fever dizziness headache drowsiness numb/tingling skin muscle aches or pain nausea bloating tiredness back pain joint pain swelling in your hands or feet flushing (warmth redness or tingly feeling) cold symptoms (stuffy nose sneezing sore throat cough) or itching. Seek medical care or call 911 at once if you have the following serious side effects:",https://www.rxlist.com/prolastin-drug.htm
Alpha-Proteinase Inhibitor (Human) (Zemaira),alpha-proteinase inhibitor (human),"Pulmonary, Other, Alpha-1 proteinase inhibitor",The recommended dose of Zemaira is 60 mg/kg body weight administered once weekly.,"Zemaira [Alpha1-Proteinase Inhibitor (Human)] is a protein (alpha 1-antitrypsin) that occurs naturally in the body. In people who lack the alpha 1-antitrypsin protein, breakdown of lung tissues can lead to emphysema (damage to the air sacs in the lungs). Zemaira is used to treat alpha 1-antitrypsin deficiency in people who have symptoms of emphysema. Alpha 1-antitrypsin deficiency is a genetic (inherited) disorder and Zemaira will not cure this condition. Zemaira may be available in generic form.","Zemaira may cause serious side effects including: hives, difficulty breathing, swelling of your face, lips, tongue, or throat, rash, confusion, lightheadedness, fast heartbeats, chest tightness, wheezing, chest pain, dizziness, severe headache, seizure, sudden numbness or weakness, slurred speech, problems with vision or balance, and fainting (while receiving the injection) Get medical help right away, if you have any of the symptoms listed above. The most common side effects of Zemaira include: cold symptoms (runny or stuffy nose, sneezing, cough, sore throat), headache, muscle or joint pain, weakness, flushing (sudden warmth, redness, or tingly feeling), nausea, and bruising or bleeding where the medicine was injected Tell the doctor if you have any side effect that bothers you or that does not go away. Common side effects of Zemaira include; drowsiness, tiredness, dizziness, weakness, cold symptoms (cough, sore throat, stuffy nose, sneezing), pain or bleeding where the medication was injected, flushing (warmth, redness, or tingly feeling under your skin), nausea, bloating, diarrhea, stomach pain, headache, back pain, joint or muscle pain, swelling in your hands or feet, or mild itching Seek medical care or call 911 at once if you have the following serious side effects:",https://www.rxlist.com/zemaira-drug.htm
Alpha1-Proteinase Inhibitor (Human) Liquid for Intravenous Infusion (Aralast NP),alpha1-proteinase inhibitor (human) liquid for intravenous infusion,"Pulmonary, Other, Alpha-1 proteinase inhibitor",The recommended dosage of Aralast NP is 60 mg/kg body weight administered once weekly by intravenous infusion.,"Aralast NP [Alpha1-Proteinase Inhibitor (Human)] is an Alpha1-Proteinase Inhibitor (Human) (Alpha1-PI) indicated for chronic augmentation therapy in adults with clinically evident emphysema due to severe congenital deficiency of Alpha1-PI (alpha-antitrypsin deficiency). Aralast NP increases antigenic and functional (anti-neutrophil elastase capacity, ANEC) serum levels and antigenic lung epithelial lining fluid levels of Alpha1-PI.","Aralast NP may cause serious side effects including: hives, difficulty breathing, swelling of your face, lips, tongue, or throat, wheezing, lightheadedness, fever, chills, body aches, flu symptoms, sores in your mouth and throat, pain or burning when you urinate, wheezing, chest pain or pressure, and vision changes Get medical help right away, if you have any of the symptoms listed above. Common side effects of Aralast NP include: headache, muscle and joint discomfort, injection site bruising, nausea, fatigue, and runny nose. Seek medical care or call 911 at once if you have the following serious side effects:",https://www.rxlist.com/aralast-np-drug.htm
Alphagan-P (Brimonidine Tartrate),brimonidine tartrate,"Antiglaucoma, Alpha Agonists","The recommended dose of Alphagan P is one drop in the affected eye(s) three times daily, approximately 8 hours apart. It may be used concomitantly with other topical ophthalmic drug products to lower",Alphagan P (brimonidine tartrate) Ophthalmic Solution is an antiglaucoma medication used to treat open-angle glaucoma or ocular hypertension (high pressure inside the eye). Some strengths of Alphagan P are available in generic form.,"Common side effects of Alphagan P include: eye discomfort/itching/redness/burning/stinging, feeling like something is in your eye, blurred vision, redness of the eye or eyelid, swollen or puffy eyes, sensitivity to light, nausea, upset stomach, headache, dizziness, muscle pain, dry nose or mouth, drowsiness, tiredness, sleep problems (insomnia), or unusual or unpleasant taste in your mouth. Tell your doctor if you have unlikely but serious side effects of Alphagan P including: fast or pounding heartbeats, persistent headache, eye pain or swelling, extreme sensitivity to light, or vision changes.",https://www.rxlist.com/alphagan-p-drug.htm
Alphanate (Antihemophilic Factor),antihemophilic factor,"Coagulation Factors, Hemostatics","Dosage of Alphanate is individualized, and is administered intravenously.",Alphanate (antihemophilic factor) (HUMAN) is a naturally occurring protein in the blood that helps blood to clot used to treat or prevent bleeding in people with hemophilia A.,"Alphanate may cause serious side effects including: hives, difficulty breathing, swelling of your face, lips, tongue, or throat, tiredness, low energy, pale skin color, shortness of breath, easy bruising, unusual bleeding, fever, persistent sore throat, unusual tiredness, unusual drowsiness, joint pain, persistent nausea or vomiting, stomach pain, yellowing of the eyes or skin (jaundice), dark urine, rash, itching, severe dizziness, and chest pain or pressure Get medical help right away, if you have any of the symptoms listed above. Common side effects of Alphanate include: flushing of the face nausea vomiting, and fast heartbeat which may be lessened by giving this medication more slowly. Other side effects of Alphanate include:",https://www.rxlist.com/alphanate-drug.htm
Alprazolam (Xanax),alprazolam,", Anxiolytics, Benzodiazepines, Antianxiety Agents",Treatment for patients with anxiety should be initiated with a dose of 0.25 to 0.5 mg Xanax given three times daily. Treatment of many panic disorders in patients has required the use of Xanax at dose,Xanax (alprazolam) is a benzodiazepine used as an anti-anxiety medication prescribed to treat panic attacks and anxiety disorders. Xanax is available in generic form.,"Xanax may cause serious side effects including: depressed mood, thoughts of suicide or hurting yourself, racing thoughts, increased energy, unusual risk-taking behavior, confusion, agitation, hostility, hallucinations, uncontrolled muscle movements, tremor, convulsions (seizure), and pounding heartbeats or fluttering in your chest Get medical help right away, if you have any of the symptoms listed above. Common side effects of Xanax include: Drowsiness Tiredness Dizziness Sleep problems (insomnia) Memory problems Poor balance or coordination Slurred speech Trouble concentrating Irritability Diarrhea Constipation Increased sweating Headache Nausea Vomiting Upset stomach Blurred vision Appetite or weight changes Swelling in your hands or feet Muscle weakness Dry mouth Stuffy nose Loss of interest in sex Seek medical care or call 911 at once if you have the following serious side effects:",https://www.rxlist.com/xanax-drug.htm
Alprazolam (Niravam),alprazolam,"Anxiolytics, Benzodiazepines","To treat generalized anxiety disorder, the adult starting dose of of Niravam is 0.25 mg to 0.5 mg three times daily. The dose may be increased at intervals of 3 to 4 days, to a maximum daily dose of 4","Niravam (alprazolam) is a benzodiazepine used to treat anxiety disorders, panic disorders, and anxiety caused by depression. Niravam is available in generic form.","Common side effects of Niravam include: drowsiness, dizziness, tiredness, irritability, increased saliva production, changes in sex drive/ability, blurred vision, headache, memory problems, trouble concentrating, sleep problems (insomnia), swelling in your hands or feet, muscle weakness, lack of balance or coordination, slurred speech, upset stomach, nausea, vomiting, constipation, diarrhea, increased sweating, dry mouth, stuffy nose, appetite or weight changes Seek medical care or call 911 at once if you have the following serious side effects: Serious eye symptoms such as sudden vision loss, blurred vision, tunnel vision, eye pain or swelling, or seeing halos around lights; Serious heart symptoms such as fast, irregular, or pounding heartbeats; fluttering in your chest; shortness of breath; and sudden dizziness, lightheartedness, or passing out; Severe headache, confusion, slurred speech, arm or leg weakness, trouble walking, loss of coordination, feeling unsteady, very stiff muscles, high fever, profuse sweating, or tremors. This document does not contain all possible side effects and others may occur. Check with your physician for additional information about side effects.",https://www.rxlist.com/niravam-drug.htm
Alprazolam (Xanax XR),alprazolam,"Anxiolytics, Benzodiazepines, Antianxiety Agents",The recommended dose of Xanax XR is 3 to 6 mg daily.,Xanax XR (alprazolam) is a benzodiazepine used for treating panic attacks. Generic formulations are available.,"Xanax XR may cause serious side effects including: depressed mood, suicidal thoughts, racing thoughts, increased energy, unusual risk-taking behavior, confusion, agitation, hostility, hallucinations, uncontrolled muscle movements, tremor, seizure, pounding heartbeats, and fluttering in your chest Get medical help right away, if you have any of the symptoms listed above. Common side effects of Xanax XR include: drowsiness, dizziness, fatigue, feeling tired, irritability, memory problems, blurred vision, headache, trouble concentrating, sleep problems (insomnia), swelling in your hands or feet, nausea, vomiting, upset stomach, constipation, diarrhea, confusion, muscle weakness, lack of balance or coordination, slurred speech, increased sweating, dry mouth, stuffy nose, appetite or weight changes, or loss of interest in sex. Seek medical care or call 911 at once if you have the following serious side effects:",https://www.rxlist.com/xanax-xr-drug.htm
"Alprolix ([Coagulation Factor IX (Recombinant), Fc Fusion Protein], Lyophilized Powder for Solution For Intravenous Injection)","[coagulation factor ix (recombinant), fc fusion protein], lyophilized powder for solution for intravenous injection","Coagulation Factors, Hemostatics","Dose and duration of treatment with Alprolix depend on the severity of the Factor IX deficiency, the location and extent of bleeding, and the patient's clinical condition.","Alprolix [Coagulation Factor IX (Recombinant), Fc Fusion Protein] is a recombinant DNA derived, coagulation Factor IX concentrate indicated in adults and children with hemophilia B (congenital Factor IX deficiency) to control and prevent bleeding episodes, for perioperative management, and for routine prophylaxis to prevent or reduce the frequency of bleeding episodes. Alprolix is not indicated for induction of immune tolerance in patients with hemophilia B.","Alprolix may cause serious side effects including: hives, difficulty breathing, swelling of your face, lips, tongue, or throat, itching, wheezing, tightness in your chest, fast heartbeats, blue lips, lightheadedness, weight gain, swelling in your waist, hands, or lower legs, loss of appetite, fever, chills, continued bleeding after treatment, new or worsened bleeding, sudden numbness or weakness (especially on one side of the body), slurred speech, problems with vision or balance, chest pain, coughing up blood, and pain, swelling, warmth and redness in one or both legs Get medical help right away, if you have any of the symptoms listed above. Common side effects of Alprolix include headache, numbness and tingling sensation in the mouth, dizziness, changes in the sense of taste, breath odor, fatigue, injection site pain, heart palpitations, difficulty urinating, and low blood pressure (hypotension).",https://www.rxlist.com/alprolix-drug.htm
Alprostadil (Prostin VR Pediatric),alprostadil,Vasodilators,The recommended dose of Prostin VR Pediatric is 0.05 to 0.1 micrograms per kilogram of body weight per minute. Prostin VR Pediatric must be administered under a doctor's supervision.,Prostin VR Pediatric (alprostadil) Injection is a prostaglandin used to improve blood flow in newborn babies with congenital heart defects. Prostin VR Pediatric is available in generic form.,"Common side effects of Prostin VR Pediatric include: fever, wheezing, diarrhea, headache, dizziness, back pain, cough, stuffy nose, cold symptoms, or flu symptoms Prostin VR Pediatric may cause serious side effects including: hives, difficulty breathing, swelling of your face, lips, tongue, or throat, slow or fast heartbeat, low blood pressure, loss of consciousness, swelling, flushing, anemia, unusual bleeding, and low platelet level in the blood Get medical help right away, if you have any of the symptoms listed above. The most common side effects of Prostin VR Pediatric include:",https://www.rxlist.com/prostin-vr-pediatric-drug.htm
Alprostadil Dual Chamber System for Injection (Caverject Impulse),alprostadil dual chamber system for injection,"Prostaglandins, Genitourinary",The dose of Caverject is individualized by careful titration under supervision by the physician. Doses of greater than 60 mcg are not recommended.,Caverject Impulse (alprostadil dual chamber system for injection) is a vasodilator that works by helping the blood flow into the penis to achieve and maintain an erection used to treat erectile dysfunction (impotence) and to help diagnose certain causes of this disorder. Alprostadil is also used to improve blood flow in newborn babies with a certain genetic heart condition. This medication guide addresses only the adult male use of Caverject Impulse in erectile disorders.,"Common side effects of Caverject Impulse include injection site reactions (mild/moderate pain, irritation, or slight bleeding), unusual discharge from your penis, mild pain in your penis/urethra/testicles, headache, dizziness, back pain, a rash on the skin of your penis, itching/warmth/numbness of your penis, cough, stuffy nose, cold symptoms, or flu symptoms.",https://www.rxlist.com/caverject-impulse-drug.htm
Alprostadil for Injection (Edex),alprostadil for injection,"Prostaglandins, Genitourinary","When reconstituted in a single dose cartridge, the deliverable amount of alprostadil in each milliliter is 10, 20 or 40 micrograms, respectively. The dosage range of Edex for the treatment of erectile",Edex (alprostadil) is a vasodilator prescribed for the treatment of certain types of erectile dysfunction in men.,"Side effects of Edex include: bleeding or bruising at the site of medication administration, unusual discharge from the penis, pain in the groin/penis/urethra/testicles/legs, redness of the penis, prolonged erection, headache, dizziness, back pain, skin problems, a rash on the skin of your penis, itching/warmth/numbness of your penis, vision problems, cough, stuffy nose, cold symptoms, or flu symptoms.",https://www.rxlist.com/edex-drug.htm
Alprostadil Injection (Caverject),alprostadil injection,"Prostaglandins, Genitourinary",The dose of Caverject is individualized for each patient under supervision of a physician. Doses of greater than 60 mcg are not recommended.,Caverject (alprostadil) is a naturally occurring form of prostaglandin used to treat erectile dysfunction (impotence) and to help diagnose certain causes of this disorder. Caverject is also used to improve blood flow in newborn babies with a certain genetic heart condition. Caverject is available in generic form.,"Common side effects of Caverject include: injection site reactions (mild/moderate pain, irritation, or slight bleeding), unusual discharge from your penis, pain in your penis/urethra/testicles, headache, dizziness, back pain, a rash on the skin of your penis, itching/warmth/numbness of your penis, cough, stuffy nose, cold symptoms, and flu symptoms. Tell your doctor if you have unlikely but serious side effects of Caverject including: redness/tenderness/swelling of the penis, or lumps or unusual curving of the penis.",https://www.rxlist.com/caverject-drug.htm
Alprostadil Sterile Powder for Injection (Caverject Powder),alprostadil sterile powder for injection,"Prostaglandins, Genitourinary",The dose of Caverject is individualized for each patient under supervision by a physician. Doses of greater than 60 micrograms are not recommended.,"Caverject (alprostadil) Powder is a prostaglandin that relaxes blood vessels and muscles in the penis, increasing blood flow into the penis, causing an erection used to treat erectile dysfunction (impotence) and to help diagnose certain causes of this disorder. Alprostadil is also used to improve blood flow in newborn babies with a certain genetic heart condition. This medication guide addresses only the adult male use of Caverject Powder in erectile disorders. Caverject Powder may be available in generic form.","Common side effects of Caverject Powder include: pain in the penis urethra, or testicles headache dizziness back pain unusual discharge from your penis a rash on the skin of the penis itching warmth or numbness of the penis cough, stuffy nose, cold symptoms, or flu symptoms",https://www.rxlist.com/caverject-powder-drug.htm
Alprostadil Urethral Suppository (Muse),alprostadil urethral suppository,"Prostaglandins, Genitourinary",4,"Muse (alprostadil) is a single-use, medicated transurethral system for the delivery of alprostadil, a vasodilator, to the male urethra indicated for the treatment of erectile dysfunction.","Muse may cause serious side effects including: hives, difficulty breathing, swelling of your face, lips, tongue, or throat, fainting, and painful or prolonged erection lasting 4 or more hours Get medical help right away, if you have any of the symptoms listed above. Common side effects of Muse include: pain in the penile pain, urethral burning, testicular pain, urethral bleeding/spotting, low blood pressure (hypotension), dizziness, or fainting Female partners of men using Muse may experience vaginal burning or itching.",https://www.rxlist.com/muse-drug.htm
Alrex (Loteprednol Etabonate Ophthalmic Suspension),loteprednol etabonate ophthalmic suspension,"Corticosteroids, Ophthalmic",The dose of Alrex is one drop instilled into the affected eye(s) four times daily.,"Alrex (loteprednol etabonate ophthalmic suspension) is a corticosteroid used to treat eye swelling caused by surgery, infection, allergies, and other conditions.","Common side effects of Alrex include: minor stinging or burning when using the eye drops, temporary blurred vision, dry eyes, eye redness, itchy or watery eyes, feeling that something is in the eye, sensitivity to light, headache, runny nose, or sore throat. Tell your doctor if you have serious side effects of Alrex including: signs of a new eye infection such as swelling, redness, irritation, or drainage; blurred vision, eye pain, or seeing halos around lights; problems with your vision; or severe pain, burning or stinging when using the eye drops. Alrex may cause serious side effects including: hives, difficulty breathing, swelling of your face, lips, tongue, or throat, pain when using the eye drops, worsening redness or itching, eye pain or swelling, trouble closing your eye, pain behind your eyes, sudden vision changes, tunnel vision, seeing halos around lights, redness, severe discomfort, and crusting or drainage from the eye",https://www.rxlist.com/alrex-drug.htm
Alsuma (Sumatriptan Injection),sumatriptan injection,,The maximum single recommended adult dose of Alsuma is 6 mg injected subcutaneously.,"Alsuma (sumatriptan) Auto-Injector is a triptan used to treat migraine headaches and cluster headaches. Alsuma will only treat a headache that has already begun. Alsuma will not prevent headaches or reduce the number of attacks. Alsuma should not be used to treat a common tension headache, a headache that causes loss of movement on one side of your body, or any headache that seems to be different from your usual migraine headaches.","Common side effects of Alsuma include: flushing (warmth, redness, or tingling under your skin) sensations of tingling/numbness/prickling/heat, weakness, drowsiness, dizziness, spinning sensation, mild headache (not a migraine) pressure or heavy feeling in any part of your body discomfort in your nose or throat muscle pain neck pain or stiffness, or injection site reactions (pain, redness, swelling, bleeding, or bruising) Alsuma may cause serious side effects including: hives, difficulty breathing, swelling of your face, lips, tongue, or throat, sudden and severe stomach pain, bloody diarrhea, severe chest pain, shortness of breath, irregular heartbeats, seizure, cramps in your legs or feet, tight or heavy feeling in your legs or feet, numbness or tingling in your legs or feet, muscle weakness, burning pain in your legs or feet, cold feeling in your legs or feet, color changes (pale or blue) legs or feet, hip pain, chest pain or pressure, pain spreading to your jaw or shoulder, nausea, sweating, agitation, hallucinations, fever, fast heart rate, overactive reflexes, vomiting, diarrhea, loss of coordination, fainting, severe headache, blurred vision, pounding in your neck or ears, anxiety, nosebleed, sudden numbness or weakness (especially on one side of the body), sudden severe headache, slurred speech, and problems with vision or balance Get medical help right away, if you have any of the symptoms listed above. Seek medical care or call 911 at once if you have the following serious side effects:",https://www.rxlist.com/alsuma-drug.htm
Altabax (Retapamulin),retapamulin,"Pleuromutilin, Antibacterials, Topical",A thin layer of Altabax should be applied to the affected area (a dose of up to 100 cm2 in total area in adults or 2% total body surface area in pediatric patients aged 9 months or older) twice daily,"Altabax (retapamulin) is a topical (for the skin) antibiotic used to treat an infection called impetigo. Impetigo usually affects the nose, lips, or other areas of the face, but it may also affect other areas of the body.","Altabax may cause serious side effects including: hives, difficulty breathing, swelling of your face, lips, tongue, or throat, severe burning, itching, redness, swelling, blistering, oozing, or other skin irritation where the medicine was applied, and new or worsening signs of skin infection Get medical help right away, if you have any of the symptoms listed above. Common side effects of Altabax include: mild burning, stinging or itching, skin irritation, nausea, diarrhea, headache, stuffy nose, and sore throat Seek medical care or call 911 at once if you have the following serious side effects:",https://www.rxlist.com/altabax-drug.htm
Altace (Ramipril Tablets),ramipril tablets,ACE Inhibitors,1,"Altace (ramipril) is an angiotensin-converting enzyme (ACE) inhibitor that reduces high blood pressure by reducing or relaxing blood vessels. Altace is used to lower blood pressure and to reduce the risk of stroke, heart attack, and increase survival in heart failure patients after a heart attack. Altace is available as a generic termed ramipril.","Some common side effects of Altace include: headache, cough, tired feeling, dizziness, spinning sensation, malaise, nausea, vomiting, and stomach discomfort. Seek medical care or call 911 at once if you have the following serious side effects: Serious eye symptoms such as sudden vision loss, blurred vision, tunnel vision, eye pain or swelling, or seeing halos around lights; Serious heart symptoms such as fast, irregular, or pounding heartbeats; fluttering in your chest; shortness of breath; and sudden dizziness, lightheadedness, or passing out; Severe headache, confusion, slurred speech, arm or leg weakness, trouble walking, loss of coordination, feeling unsteady, very stiff muscles, high fever, profuse sweating, or tremors. This document does not contain all possible side effects and others may occur. Check with your physician for additional information about side effects.",https://www.rxlist.com/altace-drug.htm
Altace Capsules (Ramipril Capsules),ramipril capsules,,The recommended initial dose for Altace is 2.5 mg once per day initially. Dosage may be gradually increased as needed and if tolerated.,Altace Capsules (ramipril capsules) is an angiotensin converting enzyme (ACE) inhibitor used to treat high blood pressure (hypertension). Altace is available in generic form.,"Common side effects of Altace include: dizziness, spinning sensation, lightheadedness, headache, or tiredness as your body adjusts to the medication. Dry cough, nausea, or vomiting may also occur. Serious swelling of the lips, tongue, and throat called angioedema may occur with drugs of this class (ACE inhibitors). Tell your doctor if you have unlikely but serious side effects of Altace including: fainting, symptoms of a high potassium blood level (such as muscle weakness, slow or irregular heartbeat), signs of infection (such as fever, chills, persistent sore throat), or changes in the amount of urine.",https://www.rxlist.com/altace-capsules-drug.htm
Altafluor (Fluorescein Sodium and Benoxinate Ophthalmic Solution),fluorescein sodium and benoxinate ophthalmic solution,"Diagnostics, Ophthalmics, Anesthetics, Ophthalmic",Instill a dose of 1 to 2 drops of Altafluor Benox in the eye as needed.,Altafluor Benox (fluorescein sodium and benoxinate hydrochloride solution) 0.25%/0.4% is used for ophthalmic procedures requiring a disclosing agent in combination with a topical ophthalmic anesthetic agent.,"Altafluor may cause serious side effects including: hives, difficulty breathing, swelling of your face, lips, tongue, or throat, feeling like there is something in your eye, watery eyes or increased tearing eye, changes in your vision, stinging or burning in the eye, redness of the eye, and swollen eyelids Get medical help right away, if you have any of the symptoms listed above. Side effects of Altafluor include: eye redness, burning, stinging, eye irritation, blurred vision, and punctate keratitis Seek medical care or call 911 at once if you have the following serious side effects:",https://www.rxlist.com/altafluor-drug.htm
Altavera (Levonorgestrel and Ethinyl Estradiol Tablets),levonorgestrel and ethinyl estradiol tablets,"Contraceptives, Oral, Estrogens/Progestins","The dose of Altavera is one tablet by mouth at the same time every day. To achieve maximum contraceptive effectiveness, patients must take Altavera as directed, in the order directed on the blister pa",Altavera (levonorgestrel and ethinyl estradiol kit) is a combination oral contraceptive (COC) indicated for use by females of reproductive potential to prevent pregnancy.,"Side effects of Altavera include: breast tenderness/pain/enlargement, nipple secretion, nausea, vomiting, abdominal pain and cramps, bloating, changes in menstrual flow, temporary infertility after discontinuation of treatments, changes in weight or appetite, changes in vaginal secretions, cholestatic jaundice, rash (allergic), vaginal infection (including vaginal yeast infection), problems with contact lenses, blood clots, decrease in serum folate levels, aggravation of varicose veins, and anaphylactic reactions (including hives, skin swelling, and severe reactions with respiratory and circulatory symptoms)",https://www.rxlist.com/altavera-drug.htm
Alteplase Powder for Reconstitution for Use in Central Venous Access Devices (Cathflo Activase),alteplase powder for reconstitution for use in central venous access devices,Thrombolytics,Cathflo Activase is for instillation into the dysfunctional catheter at a concentration of 1 mg/mL. The dose of Cathflo Activase for patients weighing 30kg or more is 2 mg in 2mL. The dose of Cathflo,Cathflo Activase (alteplase) is a tissue plasminogen activator (t-PA) indicated for the restoration of function to central venous access devices as assessed by the ability to withdraw blood.,"Cathflo Activase may cause serious side effects including: hives, difficulty breathing, swelling of your face, lips, tongue, or throat, any bleeding that will not stop, sudden headache, weakness, dizziness, bleeding gums, nosebleeds, easy bruising, bleeding from a wound, incision, catheter, or needle injection, bloody or tarry stools, coughing up blood, vomit that looks like coffee grounds, red or pink urine, heavy menstrual periods, abnormal vaginal bleeding, sudden numbness or weakness (especially on one side of the body), slurred speech, problems with vision or balance, chest pain or pressure, pain spreading to the jaw or shoulder, nausea, sweating, general ill feeling, sudden severe back pain, muscle weakness, numbness or loss of feeling in your arms or legs, swelling, rapid weight gain, little or nor urination, severe stomach pain, vomiting, darkening or purple discoloration of your fingers or toes, very slow heartbeats, shortness of breath, lightheadedness, sudden severe back pain, severe headache, blurred vision, pounding in your neck or ears, and anxiety Get medical help right away, if you have any of the symptoms listed above. Common side effects of Cathflo Activase include: bleeding (may be serious), blood clots, and infection Seek medical care or call 911 at once if you have the following serious side effects:",https://www.rxlist.com/cathflo-activase-drug.htm
Altocor (Lovastatin Extended-Release Tablets),lovastatin extended-release tablets,"Lipid-Lowering Agents, Statins, HMG-CoA Reductase Inhibitors,","The usual recommended starting dose of Altocor is 20, 40, or 60 mg once a day given in the evening at bedtime. The recommended dosing range is 10-60 mg/day, in single doses. Patients should be placed","Altocor (lovastatin) Extended-Release is a cholesterol-lowering drug (""statin"") used in addition to diet to lower the risk of stroke, heart attack, and other heart complications in people with diabetes, coronary heart disease, or other risk factors. Altocor is available in generic form.","Altocor may cause serious side effects including: hives, difficulty breathing, swelling of your face, lips, tongue, or throat, unexpected muscle pain, muscle tenderness or weakness, fever, unusual tiredness, dark colored urine, muscle weakness in your hips, shoulders, neck, and back, trouble lifting your arms, trouble climbing or standing, little or no urination, swelling in your feet or ankles, tiredness, shortness of breath, loss of appetite, stomach pain (upper right side), and yellowing of the skin or eyes (jaundice) Get medical help right away, if you have any of the symptoms listed above. Common side effects of Altocor include: infection headache nausea abdominal pain insomnia indigestion weakness muscle pain back pain flu symptoms diarrhea joint pain dizziness sinus congestion, and urinary tract infection Seek medical care or call 911 at once if you have the following serious side effects:",https://www.rxlist.com/altocor-drug.htm
Altoprev (Lovastatin Extended-Release Tablets),lovastatin extended-release tablets,"HMG-CoA Reductase Inhibitors, Lipid-Lowering Agents, Statins","The recommended dosing range for Altoprev is 20-60 mg/day, in single doses taken in the evening at bedtime.","Altoprev (lovastatin) Extended-Release is a cholesterol-lowering drug (""statin"") used to lower the risk of stroke, heart attack, and other heart complications in people with diabetes, coronary heart disease, or other risk factors.","Altoprev may cause serious side effects including: hives, difficulty breathing, swelling of your face, lips, tongue, or throat, unexpected muscle pain, muscle tenderness or weakness, fever, unusual tiredness, dark colored urine, muscle weakness in your hips, shoulders, neck, and back, trouble lifting your arms, trouble climbing or standing, little or no urination, swelling in your feet or ankles, tiredness, shortness of breath, loss of appetite, stomach pain (upper right side), and yellowing of the skin or eyes (jaundice) Get medical help right away, if you have any of the symptoms listed above. Common side effects of Altoprev include: mild memory problems confusion muscle pain or other problems headache joint pain back pain nausea stomach pain indigestion constipation, or sleep problems (insomnia) Seek medical care or call 911 at once if you have the following serious side effects:",https://www.rxlist.com/altoprev-drug.htm
Altreno (Tretinoin Lotion),tretinoin lotion,"Acne Agents, Topical","Apply a dose of a thin layer of Altreno to affected areas once daily. Avoid eyes, mouth, paranasal creases, and mucous membranes.",Altreno (tretinoin) Lotion is a retinoid indicated for the topical treatment of acne vulgaris in patients 9 years of age and older.,"Altreno may cause serious side effects including: hives, difficulty breathing, swelling of your face, lips, tongue, or throat, blistering, crusting, severe burning or swelling of the skin, eye redness and watering, eyelid swelling, skin discoloration, and severe dizziness Get medical help right away, if you have any of the symptoms listed above. Common side effects of Altreno include: skin dryness, pain, redness, irritation, peeling, itching, burning, stinging, and discoloration (all at the application site) Seek medical care or call 911 at once if you have the following serious side effects:",https://www.rxlist.com/altreno-drug.htm
Altretamine (Hexalen),altretamine,,Doses of Hexalen are calculated on the basis of body surface area. Hexalen may be administered either for 14 or 21 consecutive days in a 28-day cycle at a dose of 260 mg/m²/day. The total daily dose s,Hexalen (altretamine) is a cancer (antineoplastic) medication used to treat cancer of the ovaries.,"Common side effects of Hexalen include: nausea/vomiting (may be severe) loss of appetite temporary hair loss itching, or rash",https://www.rxlist.com/hexalen-drug.htm
"Altuviiio (Antihemophilic factor (recombinant), Fc-VWF-XTEN Fusion Protein-ehtl)","antihemophilic factor (recombinant), fc-vwf-xten fusion protein-ehtl","Coagulation Factors, Hemostatics","a white to off-white lyophilized powder for reconstitution in single-dose vials containing nominally 250, 500, 750, 1000, 2000, 3000, or 4000 international units (IU) per vial","Altuviiio [antihemophilic factor (recombinant), Fc-VWF-XTEN fusion protein-ehtl] is a von Willebrand Factor (VWF) independent recombinant DNA-derived, Factor VIII concentrate indicated for use in adults and children with hemophilia A (congenital factor VIII deficiency) for routine prophylaxis to reduce the frequency of bleeding episodes, on-demand treatment and control of bleeding episodes, and perioperative management of bleeding",,https://www.rxlist.com/altuviiio-drug.htm
Alunbrig (Brigatinib Tablets),brigatinib tablets,"Antineoplastics, Anaplastic Lymphoma Kinase Inhibitors","The dose of Alunbrig is 90 mg orally once daily for the first 7 days; if tolerated, increase to 180 mg orally once daily. Alunbrig may be taken with or without food.","Alunbrig (brigatinib) is a kinase inhibitor indicated for the treatment of patients with anaplastic lymphoma kinase (ALK)-positive metastatic non-small cell lung cancer (NSCLC) who have progressed on, or are intolerant to, crizotinib.","Alunbrig may cause serious side effects including: hives, difficulty breathing, swelling of your face, lips, tongue, or throat, cough, trouble breathing, chest pain, fever, blurred vision, double vision, increased sensitivity to light, seeing flashes of light or “floaters” in your vision, severe headache, pounding in your neck or ears, dizziness, increased thirst, increased urination, hunger, nausea, fruity breath odor, weakness, confusion, very slow heartbeats, lightheadedness, unexplained muscle pain or weakness, upper stomach pain (worse with eating and may spread to your back), and weight loss Get medical help right away, if you have any of the symptoms listed above. Common side effects of Alunbrig include: nausea, diarrhea, fatigue, cough, headache, vomiting, constipation, abdominal pain, fever, shortness of breath, interstitial lung disease, oxygen deficiency, numbness and tingling in extremities, high blood pressure (hypertension), muscle spasms, muscle pain, back pain, joint pain, pain in extremities, decreased appetite, vision problems, pneumonia, and insomnia. Seek medical care or call 911 at once if you have the following serious side effects:",https://www.rxlist.com/alunbrig-drug.htm
Alupent (Metaproterenol Sulfate),metaproterenol sulfate,Beta2 Agonists,The usual single dose of Alupent is two to three inhalations.,"Alupent (metaproterenol sulfate) Aerosol is a bronchodilator used to treat conditions such as asthma, bronchitis, and emphysema. The brand name Alupent is discontinued, but generic versions may be available.","Common side effects of Alupent (metaproterenol sulfate) include: headache, dizziness, lightheadedness, insomnia, tremor, nervousness, sweating, nausea, vomiting, diarrhea, or dry mouth. Tell your doctor if you experience serious side effects of Alupent including: an allergic reaction (difficulty breathing; closing of the throat; swelling of the lips, tongue, or face; or hives), or chest pains or an irregular heart beat.",https://www.rxlist.com/alupent-drug.htm
Alvaiz (Eltrombopag Tablets),eltrombopag tablets,Hematopoietic Growth Factors,The initial dose of Alvaiz to treat persistent or chronic ITP is 36 mg orally once daily for most adult and pediatric patients 6 years and older. Adjust to maintain platelet count greater than or equa,"Alvaiz (eltrombopag tablets) is a thrombopoietin receptor agonist indicated for the treatment of thrombocytopenia in adult and pediatric patients 6 years and older with persistent or chronic immune thrombocytopenia (ITP) who have had an insufficient response to corticosteroids, immunoglobulins, or splenectomy. Alvaiz should be used only in patients with ITP whose degree of thrombocytopenia and clinical condition increase the risk for bleeding. Alvaiz is also used for the treatment of thrombocytopenia in adult patients with chronic hepatitis C to allow the initiation and maintenance of interferon-based therapy. Alvaiz should be used only in patients with chronic hepatitis C whose degree of thrombocytopenia prevents the initiation of interferon-based therapy or limits the ability to maintain interferon-based therapy. Alvaiz is also used for the treatment of adult patients with severe aplastic anemia who have had an insufficient response to immunosuppressive therapy.","Side effects of Alvaiz include: anemia, nausea, fever, increased alanine aminotransferase, cough, fatigue, headache, and diarrhea. Seek medical care or call 911 at once if you have the following serious side effects: Serious eye symptoms such as sudden vision loss, blurred vision,tunnel vision,eye painor swelling, or seeing halos around lights; Serious heart symptoms such as fast, irregular, or pounding heartbeats; fluttering in your chest; shortness of breath; and sudden dizziness, lightheadedness, or passing out; Severe headache,confusion, slurred speech, arm or leg weakness, trouble walking, loss of coordination, feeling unsteady, very stiff muscles, high fever, profuse sweating, or tremors. This document does not contain all possible side effects and others may occur. Check with your physician for additional information about side effects.",https://www.rxlist.com/alvaiz-drug.htm
Alvesco (Ciclesonide Inhalation Aerosol),ciclesonide inhalation aerosol,"Corticosteroids, Inhalants",Alvesco (80 or 160 mcg strength dose) is administered by the orally inhaled route.,Alvesco (cicleonide) Inhalation Aerosol is a corticosteroid indicated for the maintenance treatment of asthma as prophylactic therapy in adult and adolescent patients 12 years of age and older.,"Alvesco may cause serious side effects including: wheezing, choking, other breathing problems after using this medication, chest tightness, trouble breathing, sores or white patches in your mouth or throat, tunnel vision, blurred vision, and worsening asthma symptoms Get medical help right away, if you have any of the symptoms listed above. Side effects of Alvesco Inhalation Aerosol include: unpleasant taste in your mouth, dry mouth, burning or irritation in your mouth, white patches or sores inside your mouth, runny or stuffy nose, sore throat, hoarse voice, itching or skin rash, joint pain, back pain, headache, yeast infection (Candidia albicans), suppressed immune system, hypercorticism (Cushing syndrome), adrenal suppression, growth effects, glaucoma, and cataracts. Tell your doctor if you have unlikely but serious side effects of Alvesco Inhalation Aerosol including:",https://www.rxlist.com/alvesco-drug.htm
Alvimopan Capsules (Entereg Capsules),alvimopan capsules,Peripherally-Acting Mu-Opioid Receptor Antagonists (PAMORA),The recommended adult dosage of Entereg is 12 mg administered 30 minutes to 5 hours prior to surgery followed by 12 mg twice daily beginning the day after surgery for a maximum of 7 days or until disc,Entereg (alvimopan) is an opioid receptor antagonist that works by preventing narcotic side effects without reducing the pain-relieving effects of the drug used to speed recovery of stomach and intestinal functions after a gastrointestinal surgery and to prevent side effects caused by narcotic medications.,"Entereg may cause serious side effects including: hives, difficulty breathing, swelling of your face, lips, tongue, or throat, chest pain or pressure, pain spreading to your jaw or shoulder, anxiety, nausea, and sweating Get medical help right away, if you have any of the symptoms listed above. Common side effects of Entereg include: stomach pain or upset, indigestion, nausea, vomiting, diarrhea, constipation, gas, bloating, or back pain Seek medical care or call 911 at once if you have the following serious side effects:",https://www.rxlist.com/entereg-drug.htm
"Alyftrek (Vanzacaftor, Tezacaftor, and Deutivacaftor Tablets)","vanzacaftor, tezacaftor, and deutivacaftor tablets","CFTR Potentiators, CFTR Correctors","The recommended dosage of Alyftrek for pediatric patients 6 to less than 12 years old, weighing less than 40 kg, the dose of Alyftrek is three tablets of vanzacaftor 4 mg/tezacaftor 20 mg/deutivacafto","Alyftrek (vanzacaftor, tezacaftor, and deutivacaftor tablets) is a combination of deutivacaftor, a CFTR potentiator, tezacaftor, and vanzacaftor indicated for the treatment of cystic fibrosis (CF) in patients aged 6 years and older who have at least one F508del mutation or another responsive mutation in the CFTR gene.","Side effects of Alyftrek include: cough, runny/stuffy nose, upper respiratory tract infection, headache, mouth and throat pain, influenza, fatigue, rash, sinus congestion, increased ALT, and increased AST. Seek medical care or call 911 at once if you have the following serious side effects: Serious eye symptoms such as sudden vision loss, blurred vision, tunnel vision, eye pain or swelling, or seeing halos around lights; Serious heart symptoms such as fast, irregular, or pounding heartbeats; fluttering in your chest; shortness of breath; and sudden dizziness, lightheadedness, or passing out; Severe headache, confusion, slurred speech, arm or leg weakness, trouble walking, loss of coordination, feeling unsteady, very stiff muscles, high fever, profuse sweating, or tremors. This document does not contain all possible side effects and others may occur. Check with your physician for additional information about side effects.",https://www.rxlist.com/alyftrek-drug.htm
"Alyglo (Immune Globulin Intravenous, Human-stwk 10% Liquid)","immune globulin intravenous, human-stwk 10% liquid",Immune Globulins,The dose of Alyglo for the first infusion is 300 ? 800 mg/kg body weight every 21 or 28 days at an infusion rate of 1 mg/kg/minute (0.01 mL/kg/minute). From the 2nd infusion The dose of Alyglo is 300,"Alyglo (immune globulin intravenous, human-stwk) is a 10% immune globulin liquid for intravenous injection, indicated for the treatment of primary humoral immunodeficiency (PI) in adults.","Side effects of Alyglo include: headache, nausea/vomiting, fatigue, nasal/sinus congestion, rash, joint pain, diarrhea, muscle pain/aches, infusion site pain/swelling, abdominal pain/discomfort, cough, and dizziness. Seek medical care or call 911 at once if you have the following serious side effects: Serious eye symptoms such as sudden vision loss, blurred vision,tunnel vision,eye painor swelling, or seeing halos around lights; Serious heart symptoms such as fast, irregular, or pounding heartbeats; fluttering in your chest; shortness of breath; and sudden dizziness, lightheadedness, or passing out; Severe headache,confusion, slurred speech, arm or leg weakness, trouble walking, loss of coordination, feeling unsteady, very stiff muscles, high fever, profuse sweating, or tremors. This document does not contain all possible side effects and others may occur. Check with your physician for additional information about side effects.",https://www.rxlist.com/alyglo-drug.htm
Alymsys (Bevacizumab-maly Injection),bevacizumab-maly injection,"Anticholinergic Agents, Antineoplastics, VEGF Inhibitor","The dose of Alymsys to treat metastatic colorectal cancer is 5 mg/kg every 2 weeks with bolus-IFL, 10 mg/kg every 2 weeks with FOLFOX4, 5 mg/kg every 2 weeks or 7.5 mg/kg every 3 weeks with fluoropyri","Alymsys (bevacizumab-maly) is a vascular endothelial growth factor inhibitor indicated for the treatment of metastatic colorectal cancer, in combination with intravenous fluorouracil-based chemotherapy for first- or second-line treatment; and metastatic colorectal cancer, in combination with fluoropyrimidine-irinotecan- or fluoropyrimidine-oxaliplatin-based chemotherapy for second-line treatment in patients who have progressed on a first-line bevacizumab product-containing regimen. Alymsys is biosimilar to Avastin (bevacizumab).","Alymsys may cause serious side effects including: hives, difficulty breathing, swelling of your face, lips, tongue, or throat, dizziness, lightheadedness, shortness of breath, chills, sweating, headache, chest pain, wheezing, easy bruising, unusual bleeding (nose, mouth, vagina, rectum), any bleeding that will not stop, severe stomach pain, bloody or tarry stools, coughing up blood, vomit that looks like coffee grounds, sudden numbness or weakness (especially on one side of the body), sudden severe headache, problems with vision or balance, extreme weakness or tiredness, headache, confusion, vision problems, fainting, seizures, fistula (an abnormal passageway) within the throat, lungs, gallbladder, kidney, bladder, or vagina, stomach pain or swelling, urine leakage, feel like your choking and gagging when you eat or drink, pain, swelling, warmth, or redness in one or both legs, pain spreading to your jaw or shoulder, missed menstrual periods, puffy eyes, swelling in your ankles or feet, urine that looks foamy, swelling, rapid weight gain, fever, mouth sores, skin sores, cough, sudden redness of the skin, warmth, swelling, or oozing, or any skin wound or surgical incision that will not heal, blurred vision, and pounding in your neck or ears Get medical help right away, if you have any of the symptoms listed above. Side effects of Alymsys include: nosebleed, headache, high blood pressure (hypertension), runny nose, protein in urine (proteinuria), changes in taste, dry skin, bleeding, tearing, back pain, and exfoliative dermatitis. Seek medical care or call 911 at once if you have the following serious side effects:",https://www.rxlist.com/alymsys-drug.htm
Alyq (Tadalafil Tablets),tadalafil tablets,"PAH, PDE-5 Inhibitors, Phosphodiesterase-5 Enzyme Inhibitors","The dose of Alyq is 40 mg once daily, with or without food.",Alyq (tadalafil) is a phosphodiesterase 5 (PDE5) inhibitor indicated for the treatment of pulmonary arterial hypertension (PAH) (WHO Group 1) to improve exercise ability. Alyq is available in generic form.,"Common side effects of Alyq include: headache, muscle pain, runny or stuffy nose, flushing, respiratory tract infection, pain in extremities, nausea, back pain, or indigestion Alyq may cause serious side effects including: hives, difficulty breathing, swelling of your face, lips, tongue, or throat, chest pain or pressure pain spreading to your jaw or shoulder, nausea, sweating, vision changes, sudden vision loss, ringing in your ears, sudden hearing loss, an erection that is painful or lasts longer than 4 hours, and nausea, chest pain or dizziness during sex Get medical help right away, if you have any of the symptoms listed above. Seek medical care or call 911 at once if you have the following serious side effects:",https://www.rxlist.com/alyq-drug.htm
Amabelz (Estradiol And Norethindrone Acetate Tablets),estradiol and norethindrone acetate tablets,Estrogens/Progestins-HRT,The dose of Amabelz is one tablet to be taken once daily.,"Amabelz (estradiol and norethindrone acetate tablets), for oral use is an estrogen and progestin combination indicated in a woman with a uterus for treatment of moderate to severe vasomotor symptoms due to menopause, prevention of postmenopausal osteoporosis, and treatment of moderate to severe symptoms of vulvar and vaginal atrophy due to menopause. Amabelz is available in generic form.","Amabelz may cause serious side effects including: hives, difficulty breathing, swelling of your face, lips, tongue, or throat, chest pain or pressure, pain spreading to your jaw or shoulder, nausea, sweating, sudden numbness or weakness (especially on one side of the body), sudden severe headache, slurred speech, problems with vision or balance, sudden vision loss, stabbing chest pain, shortness of breath, coughing up blood, pain or warmth in one or both legs, swelling or tenderness in your stomach, yellowing of the skin or eyes, memory problems, confusion, unusual behavior, unusual vaginal bleeding, pelvic pain, lump in your breast, vomiting, constipation, increased thirst or urination, muscle weakness, bone pain, and lack of energy Get medical help right away, if you have any of the symptoms listed above. Common side effects of Amabelz include: back pain, headache, pain in the extremities, nausea, diarrhea, stomach pain or upset, insomnia, mood changes, upper respiratory tract infection, sinus infection, runny or stuffy nose, weight gain, breast pain, post-menopausal bleeding, uterine fibroid vaginal hemorrhage, ovarian cysts, endometrial thickening, viral infections, genital yeast infections, and accidental injury. Seek medical care or call 911 at once if you have the following serious side effects:",https://www.rxlist.com/amabelz-drug.htm
Amantadine (Osmolex ER),amantadine,"Antiparkinson Agents, Dopamine Agonists, Antivirals, Influenza, Antivirals, Influenza",The initial dosage of Osmolex ER is 129 mg orally once daily in the morning. The dosage may be increased in weekly intervals to a maximum daily dose of 322 mg once daily in the morning.,Osmolex ER (amantadine extended-release tablets) is indicated for the treatment of drug-induced extrapyramidal reactions in adult patients with Parkinson's disease.,"Osmolex ER may cause serious side effects including: hives, difficulty breathing, swelling of your face, lips, tongue, or throat, extreme drowsiness, falling asleep suddenly even after feeling alert, lightheadedness, shortness of breath, swelling in your hands or feet, painful or difficult urination, depression, agitation, aggression, behavior changes, hallucinations, throughs of self-harm, seizure, very stiff (rigid) muscles, high fever, sweating, confusion, fast or uneven heartbeats, tremor, increased sexual urges, and unusual urges to gamble, or other intense urges Get medical help right away, if you have any of the symptoms listed above. Common side effects of Osmolex ER include: nausea, dizziness, lightheadedness, and insomnia Osmolex ER may cause serious side effects including:",https://www.rxlist.com/osmolex-er-drug.htm
"Amantadine Extended Release Capsules, for Oral Use (Gocovri)","amantadine extended release capsules, for oral use","Antiparkinson Agents, Dopamine Agonists, Antivirals, Influenza","The initial daily dosage of Gocovri is 137 mg, administered orally once daily at bedtime. After one week, increase to the recommended dosage of 274 mg (two 137 mg capsules) once daily at bedtime.","Gocovri (amantadine extended release capsules) is an antivirial and anti-Parkinson drug indicated for the treatment of dyskinesia in patients with Parkinson's disease receiving levodopa-based therapy, with or without concomitant dopaminergic medications.","Gocovri may cause serious side effects including: hives, difficulty breathing, swelling of your face, lips, tongue, or throat, extreme drowsiness, falling asleep suddenly even after feeling alert, lightheadedness, shortness of breath, swelling in your hands or feet, painful or difficult urination, depression, agitation, aggression, behavior changes, hallucinations, thoughts of self-harm, seizure, very stiff (rigid) muscles, high fever, sweating, confusion, fast or uneven heartbeats, and tremors Get medical help right away, if you have any of the symptoms listed above. Common side effects of Gocovri include: hallucinations, dizziness, dry mouth, swelling of extremities, constipation, falls, and dizziness on standing (orthostatic hypotension). Other side effects of Gocovri include:",https://www.rxlist.com/gocovri-drug.htm
Amantadine Hydrochloride (Symmetrel),amantadine hydrochloride,"Antiparkinson Agents, Dopamine Agonists, Antivirals, Influenza,","The adult daily dosage of Symmeterel is 200 mg per day, taken orally. The dose for patients over 65 is 100 mg per day, and the pediatric dose is calculated based on the child's weight. Doses may be mo",Symmetrel (amantadine hydrochloride) is an anti-Parkinson and an antiviral drug prescribed to prevent or treat symptoms of infection caused by strains of influenza A virus. Symmetrel is also used in the treatment of Parkinson's Disease and similar conditions. Symmeterel is available in generic form.,"Symmetrel may cause serious side effects including: hives, difficulty breathing, swelling of your face, lips, tongue, or throat, extreme drowsiness, falling asleep suddenly even after feeling alert, lightheadedness, shortness of breath, swelling in your hands or feet, painful or difficult urination, depression, agitation, aggression, behavior changes, hallucinations, thoughts or hurting yourself, seizure, very stiff (rigid) muscles, high fever, sweating, confusion, fast or uneven heartbeats, and tremors Get medical help right away, if you have any of the symptoms listed above. Common side effects of Symmetrel include: nausea, stomach upset, diarrhea, constipation, loss of appetite, dizziness, drowsiness, headache, sleep problems (insomnia), strange dreams, nervous feeling, dry mouth, dry nose, blurred vision, or loss of balance or coordination. Tell your doctor if you have unlikely but serious side effects of Symmetrel including:",https://www.rxlist.com/symmetrel-drug.htm
Amaryl Tablets (Glimepiride),glimepiride,"Antidiabetics, Sulfonylureas","Common side effects of Amaryl include: nausea, upset stomach, stomach pain, vomiting, diarrhea, dizziness, headache, tiredness, increased skin sensitivity to sunlight, itching, or skin rash.",Amaryl (glimepiride) is an oral diabetes medicine used together with diet and exercise to treat type 2 (non-insulin dependent) diabetes. Insulin or other diabetes medicines are sometimes used in combination with Amaryl if needed. Amaryl is available in generic form.,,https://www.rxlist.com/amaryl-drug.htm
Ambenoium Chloride (Mytelase),ambenoium chloride,"Cholinesterase Inhibitors, Cholinergic Agonists","For the patient with moderately severe myasthenia, from 5 mg to 25 mg of Mytelase three or four times daily is an effective dose.",Mytelase (ambenonium chloride) works by preventing the breakdown of a certain natural substance (acetylcholine) in your body and is used to treat the symptoms of myasthenia gravis. Acetylcholine is needed for normal muscle function.,"Mytelase may cause serious side effects including: hives, difficulty breathing, swelling of your face, lips, tongue, or throat, muscle cramps, weakness, or twitching, new or increased difficulty swallowing, slow heartbeat, dizziness, headache, rash, itching, and severe dizziness Get medical help right away, if you have any of the symptoms listed above. Common side effects of Mytelase include: nausea vomiting diarrhea abdominal cramps stomach pain increased saliva (drooling) or mucus decreased pupil size blurred vision increased urination increased sweating watery eyes warmth or tingly feeling anxiety dizziness spinning feeling, or muscle cramps Seek medical care or call 911 at once if you have the following serious side effects:",https://www.rxlist.com/mytelase-drug.htm
Ambien (Zolpidem Tartrate),zolpidem tartrate,"Sedatives,",The recommended adult dose of Ambien is 10 mg as conventional tablets or spray or 12.5 mg as extended-release tablets.,Ambien (zolpidem) is a sedative/hypnotic used for treating insomnia. Ambien is available in generic form.,"Common side effects of Ambien (zolpidem) include: Daytime drowsiness, Dizziness, Weakness, Lightheadedness, ""Drugged"" feeling, Tiredness, Loss of coordination, Stuffy nose, Nasal irritation, Dry mouth, Sore throat, Nausea, Constipation, Diarrhea, Stomach upset, Headache, Muscle pain, Confusion, Insomnia, Euphoria, Ataxia (balance problems), and Visual changes. Tell your doctor if you have unlikely but serious side effects of Ambien including: memory loss, mental/mood/behavior changes such as: new or worsening depression, abnormal thoughts, thoughts of suicide, hallucinations, confusion, agitation, aggressive behavior, or anxiety",https://www.rxlist.com/ambien-drug.htm
Ambien CR (Zolpidem Tartrate),zolpidem tartrate,", Sedatives","The recommended initial dose of Ambien CR is 6.25 mg for women and either 6.25 or 12.5 mg for men, taken only once per night immediately before bedtime with at least 7-8 hours remaining before the pla",Ambien CR (zolpidem tartrate) is a sedative-hypnotic drug used to treat patients with insomnia and other problems with sleeping like maintaining sleep. The CR means extended release. Ambien CR is available in generic form.,"Common side effects of Ambien CR include: daytime drowsiness, headache, dizziness, weakness, feeling ""drugged,"" lightheadedness, tired feeling, loss of coordination, stuffy nose, dry mouth, nose or throat irritation, nausea, constipation, diarrhea, upset stomach, muscle pain, depression, and unusual thinking, including thoughts of self-injury, anxiety, aggression, and risk-taking. Tell your doctor if you have any infrequent but severe side effects of Ambien CR including: allergic reactions, chest pain, irregular heartbeats, dementia, blood clots, and skin reactions. Unusual and dangerous ""sleep driving"" has occurred with a few patients.",https://www.rxlist.com/ambien-cr-drug.htm
Ambisome (Amphotericin B),amphotericin b,"Antifungals, Other, Antifungals, Systemic","AmBisome is administered by intravenous infusion, using a controlled infusion device, over a period of approximately 2 hours. Dose is based on the patient's weight.","AmBisome (amphotericin B) Liposome for Injection is an antifungal antibiotic used to treat serious, life-threatening fungal infections, including a certain form of meningitis in people infected with HIV (human immunodeficiency virus), and is usually given after other antifungal antibiotics have been tried without successful treatment of symptoms.","Common side effects of AmBisome include: fever, shaking, chills, flushing (warmth, redness, or tingly feeling), loss of appetite, dizziness, nausea, vomiting, stomach pain, diarrhea, headache, shortness of breath, fast breathing 1 to 2 hours after the infusion is started, sleep problems (insomnia), or skin rash. Tell your doctor if you have serious side effects of AmBisome including: swelling or pain at injection site, muscle or joint pain, unusual tiredness, weakness, muscle cramping, changes in the amount of urine, painful urination, numbness or tingling of arms or legs, vision changes, hearing changes (e.g., ringing in the ears), dark urine, severe stomach or abdominal pain, yellowing eyes or skin, swelling ankles or feet, fast/slow/irregular heartbeat, cold sweats, blue lips, easy bruising or bleeding, other signs of infection (e.g., fever, persistent sore throat), mental/mood changes, seizures, black stools, or vomit that looks like coffee grounds. Seek medical care or call 911 at once if you have the following serious side effects: Serious eye symptoms such as sudden vision loss, blurred vision, tunnel vision, eye pain or swelling, or seeing halos around lights; Serious heart symptoms such as fast, irregular, or pounding heartbeats; fluttering in your chest; shortness of breath; and sudden dizziness, lightheadedness, or passing out; Severe headache, confusion, slurred speech, arm or leg weakness, trouble walking, loss of coordination, feeling unsteady, very stiff muscles, high fever, profuse sweating, or tremors.",https://www.rxlist.com/ambisome-drug.htm
Ambrisentan Tablets (Letairis),ambrisentan tablets,"PAH, Endothelin Antagonists","The adult starting dose of Letairis is 5 mg once daily, and may be increased to 10 mg once daily if 5 mg is tolerated.","Letairis (ambrisentan) is an endothelin receptor antagonist used to treat pulmonary arterial hypertension (PAH). Letairis blocks the effects of endothelin-1, helping to decrease the blood pressure in the lungs, slow the worsening of symptoms, and improve your ability to exercise.","Letairis may cause serious side effects including: hives, difficulty breathing, swelling of your face, lips, tongue, or throat, severe shortness of breath, wheezing, cough with foamy mucus, chest pain, swelling, tiredness, rapid weight gain, pale skin, unusual tiredness, lightheadedness, shortness of breath, cold hands and feet, loss of appetite, stomach pain (upper right side), nausea, vomiting, fever, itching, dark urine, clay-colored stools, and yellowing of the skin or eyes (jaundice) Get medical help right away, if you have any of the symptoms listed above. Common side effects of Letairis include: stuffy nose, runny nose, sinus pain, headache, abdominal or stomach pain, vomiting, constipation, sore throat, or flushing (warmth, redness, or tingly feeling under your skin). Tell your doctor if you have unlikely but serious side effects of Letairis including:",https://www.rxlist.com/letairis-drug.htm
"Amcinonide Cream (Amcinonide Cream, Ointment)","amcinonide cream, ointment","Corticosteroids, Topical",The recommended dose for topical corticosteroids is to apply to the affected area as a thin film from two to three times daily depending on the severity of the condition. It is not likely other drugs,Amcinonide cream is a topical (for the skin) steroid used to treat the inflammation and itching caused by a number of skin conditions such as allergic reactions eczema and psoriasis. Amcinonide cream is available in generic form.,"Amcinonide may cause serious side effects including: hives, difficulty breathing, swelling of your face, lips, tongue, or throat, worsening of your skin condition, redness, warmth, swelling, oozing, or severe irritation of any treated skin, increased thirst, increased urination, dry mouth, fruity breath odor, weight gain (especially in your face or your upper back and torso), slow wound healing, thinning or discolored skin, increased body hair, muscle weakness, nausea, diarrhea, headaches, pain behind the eyes, tiredness, mood changes, menstrual changes, and sexual changes Get medical help right away, if you have any of the symptoms listed above. Common side effects of Amcinonide cream include: burning itching irritation redness skin rash, or dryness at the application site when this medication is first applied to the skin. These side effects of Amcinonide cream should disappear in a few days as the body adjusts to the medication.",https://www.rxlist.com/amcinonide-drug.htm
Amcinonide Lotion (Amcinonide Lotion),amcinonide lotion,"Corticosteroids, Topical",Apply a dose of amcinonide lotion to the affected area as a thin film from two to three times daily depending on the severity of the condition.,"Amcinonide Lotion is a topical (for the skin) corticosteroid used to treat the inflammation and itching caused by a number of skin conditions such as allergic reactions, eczema, and psoriasis.","Amcinonide Lotion may cause serious side effects including: hives, difficulty breathing, swelling of your face, lips, tongue, or throat, worsening of your skin condition, redness, warmth, swelling, oozing, or severe irritation of any treated skin, increased thirst, increased urination, dry mouth, fruity breath odor, weight gain (especially in your face or your upper back and torso), slow wound healing, thinning or discolored skin, increased body hair, muscle weakness, nausea, diarrhea, headaches, pain behind the eyes, tiredness, mood changes, menstrual changes, and sexual changes Get medical help right away, if you have any of the symptoms listed above. Common side effects of Amcinonide Lotion include: mild skin rash itching burning redness irritation dryness thinning or softening of your skin skin rash or irritation around your mouth swollen hair follicles changes in color of treated skin blisters pimples crusting of treated skin secondary skin infection, or stretch marks. Seek medical care or call 911 at once if you have the following serious side effects:",https://www.rxlist.com/amcinonide-lotion-drug.htm
Amcinonide Topical (Cyclocort Ointment),amcinonide topical,"Corticosteroids, Topical",Apply a thin layer dose of Cyclocort to affected area once or twice daily and gently rub in. Allow adequate time for absorption after each application before applying an emollient.,"Cyclocort (amcinonide) is a high potency topical corticosteroid indicated for the relief of inflammatory and pruritic manifestations of corticosteroid-responsive dermatoses for a maximum duration of 5 days on the face, axillae, scrotum and scalp and a maximum of 3 weeks on the body.","Cyclocort may cause serious side effects including: hives, difficulty breathing, swelling of your face, lips, tongue, or throat, worsening of your skin condition, redness, warmth, swelling, oozing, or severe irritation of any treated skin, increased thirst, increased urination, dry mouth, fruity breath odor, weight gain (especially in your face or your upper back and torso), slow wound healing, thinning or discolored skin, increased body hair, muscle weakness, nausea, diarrhea, headaches, pain behind the eyes, tiredness, mood changes, menstrual changes, and sexual changes Get medical help right away, if you have any of the symptoms listed above. Common side effects of Cyclocort include: itchy skin, and skin burning or pain at the application site. Use of Cyclocort for a long period of time, over a large body surface, or use under an airtight dressing, may cause the following rare side effects including:",https://www.rxlist.com/cyclocort-drug.htm
Ameluz (Aminolevulinic Acid Hydrochloride Gel),aminolevulinic acid hydrochloride gel,"Dermatologics, Other",Ameluz is administered by a health care provider and they will determine the dose.,"Ameluz (aminolevulinic acid hydrochloride) gel, 10%, for topical use, is a porphyrin precursor, used in combination with photodynamic therapy using BF-RhodoLED lamp, indicated for the lesion-directed and field-directed treatment of actinic keratoses of mild-to-moderate severity on the face and scalp.","Common side effects of Ameluz include: application site reactions redness pain burning irritation swelling itching flaking scaling of skin scabbing hard lumps chills, and headache cysts numbness and tingling increased sensitivity to pain discomfort discharge bleeding, and pustules Seek medical care or call 911 at once if you have the following serious side effects: Serious eye symptoms such as sudden vision loss, blurred vision, tunnel vision, eye pain or swelling, or seeing halos around lights; Serious heart symptoms such as fast, irregular, or pounding heartbeats; fluttering in your chest; shortness of breath; and sudden dizziness, lightheadedness, or passing out; Severe headache, confusion, slurred speech, arm or leg weakness, trouble walking, loss of coordination, feeling unsteady, very stiff muscles, high fever, profuse sweating, or tremors. This document does not contain all possible side effects and others may occur. Check with your physician for additional information about side effects.",https://www.rxlist.com/ameluz-drug.htm
Amerge (Naratriptan),naratriptan,"Serotonin 5-HT-Receptor Agonists, Antimigraine Agents","The adult dose of Amerge is 1 mg or 2.5 mg tablets taken with fluid. The dose may be repeated once after 4 hours, for a maximum dose of 5 mg in a 24-hour period.",Amerge (naratriptan) is a headache medicine used to treat migraine headaches. Amerge will only treat a headache that has already begun. Amerge will not prevent headaches or reduce the number of attacks. Amerge is available in generic form.,"Amerge may cause serious side effects including: hives, difficulty breathing, swelling of your face, lips, tongue, or throat, fast or pounding heartbeats, numbness or tinging in your fingers or toes, pale or blue-colored appearance in your fingers or toes, pain or heavy feeling in your legs, hip pain, burning pain in your feet, sudden and severe stomach pain, bloody diarrhea, constipation, fever, weight loss, severe headache, blurred vision, pounding in your neck or ears, nosebleed, anxiety, confusion, severe chest pain, shortness of breath, irregular heartbeats, seizure, chest pain or pressure, pain spreading to your jaw or shoulder, nausea, sweating, agitation, hallucinations, overactive reflexes, vomiting, diarrhea, loss of coordination, fainting, sudden numbness or weakness (especially on one side of the body), sudden severe headache, slurred speech, and problems with vision or balance Get medical help right away, if you have any of the symptoms listed above. Common side effects of Amerge include: flushing, sensations of tingling/numbness/prickling/heat/warmth under your skin, weakness, drowsiness, tired feeling, dizziness, or pressure or heavy feeling in any part of your body Seek medical care or call 911 at once if you have the following serious side effects:",https://www.rxlist.com/amerge-drug.htm
Americaine (Benzocaine),benzocaine,"Anesthetics, Oropharyngeal, Anesthetics, Topical, Local Anesthetics, Esters",Apply a dose of benzocaine evenly to exterior of tube or instrument prior to use. It is not likely that other drugs you take orally or inject will have an effect on topically applied benzocaine.,"Americaine (benzocaine) Anesthetic Lubricant is a local anesthetic (numbing medication) used to reduce pain or discomfort caused by minor skin irritations, sore throat, sunburn, teething pain, vaginal or rectal irritation, ingrown toenails, hemorrhoids, and many other sources of minor pain on a surface of the body. Americaine (benzocaine) is also used to numb the skin or surfaces inside the mouth, nose, throat, vagina, or rectum to lessen the pain of inserting a medical instrument such as a tube or speculum. The brand name Americaine is discontinued in the U.S. Generic versions may be available.","Americaine may cause serious side effects including: headache, tiredness, confusion, fast heartbeats, lightheadedness, shortness of breath, pale, blue or gray appearance of your skin, lips or fingernails, hives, difficulty breathing, swelling of your face, lips, tongue or throat, severe burning, stinging or sensitivity where the medicine is applied, swelling, warmth, redness, oozing, blistering, and signs of infection Get medical help right away, if you have any of the symptoms listed above. Common side effects of Americaine (benzocaine) include application site reactions such as: stinging, burning, or itching, skin tenderness or redness, or dry white flakes. Stop using Americaine (benzocaine) topical and call your doctor if you have serious side effects including:",https://www.rxlist.com/americaine-drug.htm
Amethia (Lvonorgestrel/Ethinyl Estradiol and Ethinyl Estradiol Tablets),lvonorgestrel/ethinyl estradiol and ethinyl estradiol tablets,"Contraceptives, Oral, Estrogens/Progestins","The dose of Amethia is one tablet by mouth at the same time every day. The dosage of Amethia tablets is one white tablet containing levonorgestrel and ethinyl estradiol daily for 84 consecutive days,",Amethia (ethinyl estradiol and levonorgestrel kit) is a combined oral contraceptive (COC) indicated for use by women to prevent pregnancy.,"Side effects of Amethia include: irregular and/or heavy uterine bleeding, nausea, breast tenderness, headache, weight gain, mood changes, and acne",https://www.rxlist.com/amethia-drug.htm
Amicar (Aminocaproic Acid),aminocaproic acid,"Hemostatics, Antifibrinolytic Agents","For the treatment of acute bleeding syndromes due to elevated fibrinolytic activity, the dose of Amicar is five 1000 mg tablets, or ten 500 mg tablets, or 20 ml of oral solution (5 g) given during the","Amicar (aminocaproic acid) acts as an inhibitor of fibrinolysis and is used to treat severe bleeding caused by problems with the blood clotting system, which helps you to stop bleeding. Aminocaproic acid works by affecting the blood clotting system, thereby slowing/stopping bleeding after surgery, in some bleeding conditions, or in severe liver disease. Amicar is available in generic form.","Amicar may cause serious side effects including: hives, difficulty breathing, swelling of your face, lips, tongue, or throat, unexplained muscle pain, weakness, fever, unusual tiredness, dark colored urine, ill feeling, chills, sore throat, mouth sores, easy bruising, unusual bleeding, numbness, tingling, cold feeling in your arms or legs, slow heart rate, shallow breathing, lightheadedness, little or no urination, painful or difficult urination, swelling in your feet or ankles, feeling tired, sudden numbness or weakness, tingling or cold feeling in arm or leg, sudden cough, chest pain, and swelling, warmth, or redness in your arms or legs Get medical help right away, if you have any of the symptoms listed above. Common side effects of Amicar include: muscle pain or weakness, headache, stomach pain, loss of appetite, nausea, vomiting, diarrhea, unusual tiredness, dizziness, stuffy nose, watery eyes, vision problems, ringing in your ears, skin rash, or decreased amount of semen when having an orgasm (in men). Tell your doctor if you have unlikely but serious side effects of Amicar including:",https://www.rxlist.com/amicar-drug.htm
"Amidate (Etomidate Injection, USP 2 m)","etomidate injection, usp 2 m","General Anesthetics, Systemic","The dose of Amidate for induction of anesthesia in adult patients and in pediatric patients above the age of ten (10) years will vary between 0.2 and 0.6 mg/kg of body weight, and are individualized i","Amidate (etomidate injection) is a hypnotic drug without analgesic activity indicated by intravenous injection for the induction of general anesthesia. Intravenous Amidate is also indicated for the supplementation of subpotent anesthetic agents, such as nitrous oxide in oxygen, during maintenance of anesthesia for short operative procedures such as dilation and curettage or cervical conization.","Amidate may cause serious side effects including: hives, difficulty breathing, swelling of your face, lips, tongue, or throat, rash, itching, red, swollen, blistered, or peeling skin with or without fever, wheezing, tightness in the chest or throat, unusual hoarseness, severe headache, dizziness, fainting, vision changes, slow or shallow breathing, fast, slow, or abnormal heartbeat, muscle stiffness, trouble controlling body movements, and redness or swelling where the shot is given Get medical help right away, if you have any of the symptoms listed above. Common side effects of Amidate include: injection site pain temporary skeletal muscle movements hyperventilation shortness of breath high or low blood pressure fast or slow heart rate, and postoperative nausea and/or vomiting Seek medical care or call 911 at once if you have the following serious side effects:",https://www.rxlist.com/amidate-drug.htm
Amifampridine Tablets (Firdapse),amifampridine tablets,"Potassium Channel Blockers, Cholinergic Agonists","The recommended starting dosage of Firdapse is 15 mg to 30 mg daily taken orally in divided doses (3 to 4 times daily). Starting dosage is 15 mg daily for patients with renal impairment, hepatic impai",Firdapse (amifampridine) is a potassium channel blocker indicated for the treatment of Lambert-Eaton myasthenic syndrome (LEMS) in adults.,"Firdapse may cause serious side effects including: hives, difficulty breathing, swelling of your face, lips, tongue, or throat, and seizures Get medical help right away, if you have any of the symptoms listed above. Common side effects of Firdapse include: numbness and tingling, upper respiratory tract infection, abdominal pain, nausea, diarrhea, headache, elevated liver enzymes, back pain, high blood pressure (hypertension), muscle spasms, dizziness, weakness, pain in extremities, cataracts, constipation, and bronchitis. Seek medical care or call 911 at once if you have the following serious side effects:",https://www.rxlist.com/firdapse-drug.htm
Amifampridine Tablets (Ruzurgi),amifampridine tablets,Potassium Channel Blockers,"The initial dose of Ruzurgi for patients 6 to less than 17 years of age weighing 45 kg or more is 15 mg to 30 mg daily, in divided doses, increased daily in 5 mg to 10 mg increments, divided in up to",Ruzurgi (amifampridine) is a potassium channel blocker indicated for the treatment of Lambert-Eaton myasthenic syndrome (LEMS) in patients 6 to less than 17 years of age.,"Ruzurgi may cause serious side effects including: hives, difficulty breathing, swelling of your face, lips, tongue, or throat, severe dizziness, and seizure Get medical help right away, if you have any of the symptoms listed above. Common side effects of Ruzurgi include: numbness or tingling sensation, discomfort with sense of touch, abdominal pain, indigestion, dizziness, nausea, back pain, and muscle spasms Seek medical care or call 911 at once if you have the following serious side effects:",https://www.rxlist.com/ruzurgi-drug.htm
Amifostine (Ethyol),amifostine,Adjunct Chemoprotective Agents,"The recommended starting dose of Ethyol is 910 mg/m2 administered once daily as a 15-minute IV infusion, starting 30 minutes prior to chemotherapy.",Ethyol (amifostine) for Injection is a thiophosphate cytoprotective drug used to decrease the risk of kidney problems caused by treatment with a certain anti-cancer drug (cisplatin). Ethyol is also used to help prevent a certain side effect (dry mouth) caused by radiation treatment for head and neck cancer. Ethyol is available in generic form.,"Ethyol may cause serious side effects including: hives, difficulty breathing, swelling of your face, lips, tongue, or throat, fever, sore throat, burning in your eyes, skin pain, red or purple skin rash that spreads and causes blistering and peeling, skin rash, swollen glands, flu-like symptoms, muscle aches, severe weakness, unusual bruising, yellowing of your skin or eyes (jaundice), severe or ongoing vomiting, lightheadedness, weak or shallow breathing, chest pain, fast or slow heart rate, seizure, and redness, rash, or blisters on the palms of your hands or the soles of your feet Get medical help right away, if you have any of the symptoms listed above. Common side effects of Ethyol include: nausea and vomiting (can be frequent and severe) lushing (warmth, redness, or tingly feeling) chills unusual feelings of warmth or cold dizziness drowsiness hiccups sneezing fever, or general ill feeling Seek medical care or call 911 at once if you have the following serious side effects:",https://www.rxlist.com/ethyol-drug.htm
Amikacin (Amikin),amikacin,Aminoglycosides,Amikin is administered as an intravenous or intramuscular injection and the dose is determined by the patient's body weight.,Amikin (amikacin) is an aminoglycoside antibiotic used to treat serious bacterial infections. The brand name Amikin is no longer available in the U.S. Generic versions may still be available.,"Side effects of Amikin (amikacin) include: nausea, vomiting, loss of appetite, increased thirst, rash, or injection site reactions (pain, irritation, redness). Seek medical care or call 911 at once if you have the following serious side effects: Serious eye symptoms such as sudden vision loss, blurred vision, tunnel vision, eye pain or swelling, or seeing halos around lights; Serious heart symptoms such as fast, irregular, or pounding heartbeats; fluttering in your chest; shortness of breath; and sudden dizziness, lightheadedness, or passing out; Severe headache, confusion, slurred speech, arm or leg weakness, trouble walking, loss of coordination, feeling unsteady, very stiff muscles, high fever, profuse sweating, or tremors. This document does not contain all possible side effects and others may occur. Check with your physician for additional information about side effects.",https://www.rxlist.com/amikin-drug.htm
Amikacin Liposome Inhalation Suspension (Arikayce),amikacin liposome inhalation suspension,Aminoglycosides,The recommended dosage of Arikayce in adults is once daily oral inhalation of the contents of one 590 mg/8.4 mL Arikayce vial. Use Arikayce vials only with the Lamira Nebulizer System.,"Arikayce (amikacin liposome inhalation suspension) is an aminoglycoside antibacterial indicated in adults who have limited or no alternative treatment options, for the treatment of Mycobacterium avium complex (MAC) lung disease as part of a combination antibacterial drug regimen in patients who do not achieve negative sputum cultures after a minimum of 6 consecutive months of a multidrug background regimen therapy. This drug is indicated for use in a limited and specific population of patients.","Arikayce may cause serious side effects including: hives, difficulty breathing, swelling of your face, lips, tongue, or throat, cough (especially during the first month of using the medication), trouble speaking, ringing in your ears, changes in hearing, dizziness, spinning sensation, lightheadedness, chest tightness, wheezing, shortness of breath, coughing up blood, little or no urination, swelling in your feet or ankles, and tiredness Get medical help right away, if you have any of the symptoms listed above. Common side effects of Arikayce include: difficulty speaking, cough, bronchospasm, coughing up blood, damage to the inner ear, upper airway irritation, musculoskeletal pain, fatigue, weakness, worsening of underlying lung disease, diarrhea, and nausea Seek medical care or call 911 at once if you have the following serious side effects:",https://www.rxlist.com/arikayce-drug.htm
amikacin sulfate (Amikacin Sulfate Injection),amikacin sulfate,Aminoglycosides,"The recommended dosage of Amikacin Sulfate Injection for adults, children and older infants with normal renal function is 15 mg/kg/day divided into 2 or 3 equal doses administered at equally-divided i","Amikacin Sulfate Injection is an aminoglycoside antibiotic indicated in the short-term treatment of serious infections due to susceptible strains of Gram-negative bacteria, including Pseudomonas species, Escherichia coli, species of indole-positive and indole-negative Proteus, Providencia species, Klebsiella-Enterobacter-Serratia species, and Acinetobacter (Mima-Herellea) species. Amikacin Sulfate Injection is available in generic form.","Common side effects of Amikacin Sulfate Injection include: diarrhea, hearing loss, spinning sensation (vertigo), numbness, skin tingling, muscle twitching and convulsions, dizziness, ringing or roaring in the ears, allergic reactions, Clostridium difficile associated diarrhea (CDAD), skin rash, drug fever, headache, numbness and tingling, tremor, nausea, vomiting, increase in white blood cells (eosinophilia), joint pain, anemia, low blood pressure, and low blood magnesium.",https://www.rxlist.com/amikacin-sulfate-injection-drug.htm
Amiloride (Midamor),amiloride,"Diuretics, Potassium-Sparing",5 mg tablets,Midamor (amiloride HCl) is an antikaliuretic diuretic agent indicated as adjunctive treatment with thiazide diuretics or other kaliuretic-diuretic agents in congestive heart failure or hypertension. Midamor is no longer available in the U.S. Generic versions may still be available.,"Side effects of Miamor (amiloride HCl) include numbness or tingly feeling, muscle pain or weakness, slow, fast, or uneven heartbeat, headache, nausea, loss of appetite, stomach pain, gas, or skin rash. Serious side effects include high blood potassium (hyperkalemia).",https://www.rxlist.com/midamor-drug.htm
Amiloride and Hydrochlorothiazide (Moduretic),amiloride and hydrochlorothiazide,Thiazide Combos,"Modurectic may cause a loss of too much body water (dehydration) and salt/minerals. Tell your doctor if you have unlikely but serious symptoms of dehydration or mineral loss including: very dry mouth,","Modurectic (amiloride HCl-hydrochlorothiazide) is a combination of a potassium-conserving (antikaliuretic) drug and a diuretic indicated in those patients with hypertension, or with congestive heart failure who develop low blood potassium (hypokalemia) when thiazides or other kaliuretic diuretics are used, or in whom maintenance of normal serum potassium levels is considered to be clinically important, e.g., digitalized patients, or patients with significant cardiac arrhythmias. Modurectic is currently available in generic form only.","Common side effects of Modurectic include: nausea, vomiting, gas, skin rash, weight loss (anorexia), and abdominal/stomach pain.",https://www.rxlist.com/moduretic-drug.htm
Amiloride Hydrochloride (Amiloride Hydrochloride),amiloride hydrochloride,,"The recommended dosage of Amiloride Hydrochloride is one 5 mg tablet daily. The dosage may be increased to 10 mg per day, if necessary. Amiloride Hydrochloride may cause high potassium levels in the b","Amiloride hydrochloride is a diuretic (water pill) used to treat congestive heart failure, high blood pressure (hypertension), and other conditions such as low potassium levels in the blood (hypokalemia).","Common side effects of amiloride hydrochloride include: nausea, vomiting, stomach or abdominal pain, loss of appetite, gas, diarrhea, headache, dizziness, skin rash, weakness, fatigue, constipation, muscle cramps, dizziness, cough, shortness of breath, and impotence.",https://www.rxlist.com/amiloride-hydrochloride-drug.htm
Amino Acid (HepatAmine),amino acid,"Nutritionals, Other",The total daily dose of HepatAmine depends on daily protein requirements and on the patient's metabolic and clinical response.,"HepatAmine (8% Amino Acid Injection) is amino acids used to treat hepatic encephalopathy in patients with cirrhosis or hepatitis. HepatAmine provides nutritional support for patients with these diseases of the liver who require parenteral nutrition and are intolerant of general purpose amino acid injections, which are contraindicated in patients with hepatic coma.","Common side effects of HepatAmine include: water weight gain swelling low blood sodium fever, and injection site reactions (infection, swelling, or blood clots).",https://www.rxlist.com/hepatamine-drug.htm
Amino Acid and Glycerin (Procalamine),amino acid and glycerin,,The recommended dosage for ProcalAmine is approximately 3 liters per day.,ProcalAmine (3% amino acid and 3% glycerin) is a source of amino acids and energy used to help maintain and improve the balance of body protein in patients who require a nutritional supplement for a short period of time.,"Common side effects of ProcalAmine include: nausea, fever, flushing (warmth, redness, or tingly feeling), irritation, inflammation of leg or arm veins, and thrombosis (blood clots) of the infusion site",https://www.rxlist.com/procalamine-drug.htm
Amino Acid Injection (Aminosyn II Injection),amino acid injection,"Nutritionals, Other",The total daily dose of Aminosyn II depends on the daily protein requirements and on the patient's metabolic and clinical response.,"Aminosyn II (amino acid) Injection is an amino acid solution used as a source of nitrogen in the nutritional support of patients with adequate stores of body fat, in whom, for short periods of time, oral nutrition cannot be tolerated, is undesirable, or inadequate.","Common side effects of Aminosyn II include: irritation or infection at the injection site generalized flushing fever, and nausea Seek medical care or call 911 at once if you have the following serious side effects: Serious eye symptoms such as sudden vision loss, blurred vision, tunnel vision, eye pain or swelling, or seeing halos around lights; Serious heart symptoms such as fast, irregular, or pounding heartbeats; fluttering in your chest; shortness of breath; and sudden dizziness, lightheartedness, or passing out; Severe headache, confusion, slurred speech, arm or leg weakness, trouble walking, loss of coordination, feeling unsteady, very stiff muscles, high fever, profuse sweating, or tremors.",https://www.rxlist.com/aminosyn-ii-injection-drug.htm
Amino Acid Injection (FreAmine),amino acid injection,Nutritional Supplements,The total daily dose of FreAmine III depends on daily protein requirements and on the patient's metabolic and clinical response. Daily amino acid doses of approximately 1.5 g/kg of body weight for adu,"FreAmine III (amino acid injection) is an amino acid solution indicated to prevent nitrogen loss or treat negative nitrogen balance in adults and pediatric patients where the alimentary tract, by the oral, gastrostomy, or jejunostomy route, cannot or should not be used, or adequate protein intake is not feasible by these routes; gastrointestinal absorption of protein is impaired; or protein requirements are substantially increased as with extensive burns.","Common side effects of FreAmine III include: flushing, fever, nausea, injection site reactions (infection, warm sensation, redness, vein inflammation, blood clots, leakage of fluid), and excess fluid in the blood",https://www.rxlist.com/freamine-drug.htm
Amino Acid Injection 10% Pediatric Formula (Aminosyn PF 10% Sulfite Free),amino acid injection 10% pediatric formula,"Nutritionals, Other","The recommended intravenous dose of Aminosyn-PF 10% is up to 2.5 g amino acid/kg/day for infants up to 10 kg. For infants and children larger than 10 kg, the total daily dose of amino acids should be","Aminosyn-PF 10% (amino acid injection, pediatric formula) is a combination of amino acids used for the nutritional support of infants (including those of low birth weight) and young children requiring TPN via either central or peripheral infusion routes.","Aminosyn PF 10 may cause serious side effects including: hives, difficulty breathing, swelling of your face, lips, tongue, or throat, blue lips and fingernails, chest pain or pressure, blurred vision, confusion, hoarseness, cough with or without pink frothy sputum, drowsiness, fever, chills, dry mouth, flushed or dry skin, fruit-like breath odor, increased hunger or thirst, increased urination, lower back or side pain, muscle cramps, irregular heartbeat, loss of appetite, nausea, vomiting, numbness, or tingling, in your hands or feet, painful or difficult urination, pale skin, rapid, deep breathing, restlessness, seizures, loss of consciousness, stomach pain, unusual tiredness, weakness, unusual weight gain or loss, yellowing of the skin or eyes (jaundice), and weakness in the legs Get medical help right away, if you have any of the symptoms listed above. Common side effects of Aminosyn-PF 10% include: injection site reactions (skin redness, inflammation, blood clots, and swelling) flushing fever, and nausea Seek medical care or call 911 at once if you have the following serious side effects:",https://www.rxlist.com/aminosyn-pf-10-drug.htm
Amino Acid Injection 5% in 25% Dextrose Injection (Aminosyn II 5% in 25% Dextrose),amino acid injection 5% in 25% dextrose injection,"Nutritionals, Other",The total daily dose of Aminosyn II 5% in 25% Dextrose Injection to be infused depends on daily protein and caloric requirements and on the patient's metabolic and clinical response.,"Aminosyn II 5% in 25% Dextrose Injection (amino acids) is a combination of amino acids used for central vein infusion in the prevention of nitrogen loss and negative nitrogen balance in cases where (a) the gastrointestinal tract by the oral, gastrostomy or jejunostomy route cannot or should not be used, (b) gastrointestinal absorption of nutrients is impaired or (c) metabolic requirements for protein and calories are substantially increased as with extensive burns and (d) morbidity and mortality may be reduced by replacing amino acids lost from tissue breakdown, thereby preserving tissue reserves, as in acute renal failure.","Common side effects of Aminosyn II 5% in 25% Dextrose Injection include: injection site reactions (skin redness, warmth, inflammation, and swelling, blood clots, or infection) flushing fever, and nausea Seek medical care or call 911 at once if you have the following serious side effects: Serious eye symptoms such as sudden vision loss, blurred vision, tunnel vision, eye pain or swelling, or seeing halos around lights; Serious heart symptoms such as fast, irregular, or pounding heartbeats; fluttering in your chest; shortness of breath; and sudden dizziness, lightheartedness, or passing out; Severe headache, confusion, slurred speech, arm or leg weakness, trouble walking, loss of coordination, feeling unsteady, very stiff muscles, high fever, profuse sweating, or tremors. This document does not contain all possible side effects and others may occur. Check with your physician for additional information about side effects.",https://www.rxlist.com/aminosyn-ii-5-drug.htm
Amino Acid Injection 5.2% Renal Formula (Aminosyn RF 5.2% Sulfite Free),amino acid injection 5.2% renal formula,,Fat emulsion coadministration should be considered when prolonged (more than 5 days) parenteral nutrition is required in order to prevent essential fatty acid deficiency (EFAD). Serum lipids should be,"Aminosyn-RF 5.2% (amino acid injection, renal formula) is an amino acid solution used only as an adjunct to management of patients with potentially reversible acute renal failure who are unable to eat. When infused with hypertonic dextrose as a source of calories and with added appropriate electrolytes and vitamins, Aminosyn-RF 5.2% is suitable as an intravenous source of protein in a parenteral nutritional regimen for such patients. Common side effects of Aminosyn-RF 5.2% include:",,https://www.rxlist.com/aminosyn-rf-52-drug.htm
Amino Acid Injection 7% Pediatric Formula (Aminosyn PF 7% Sulfite Free),amino acid injection 7% pediatric formula,,The total daily dose of Aminosyn-PF 7% solution depends on the daily protein requirements and on the patient's metabolic and clinical response.,"Aminosyn-PF 7%, Sulfite-Free (amino acid injection, pediatric formula) is a combination of amino acids used for the nutritional support of infants (including those of low birth weight) and young children requiring TPN via either central or peripheral infusion routes. Parenteral nutrition with Aminosyn-PF 7% is indicated to prevent nitrogen and weight loss or treat negative nitrogen balance in infants and young children where (1) the alimentary tract by the oral gastrostomy, or jejunostomy route, cannot or should not be used or adequate protein intake is not feasible by these routes, (2) gastrointestinal absorption of protein is impaired; or (3) protein requirements are substantially increased as with extensive burns.","Common side effects of Aminosyn-PF 7%, include: injection site reactions) skin redness, inflammation, blood clots, and swelling) flushing fever, and nausea",https://www.rxlist.com/aminosyn-pf-7-drug.htm
Amino Acid Injection Hepatic Formula (Aminosyn HF 8%),amino acid injection hepatic formula,,,"Aminosyn-HF 8% (amino acid injection) is a combination of amino acids used to treatment of hepatic encephalopathy in patients with cirrhosis or hepatitis. Aminosyn-HF 8% provides nutritional support for patients with these diseases of the liver who require parenteral nutrition and are intolerant of other general purpose amino acid injections, which are contraindicated in patients with hepatic coma. Common side effects of Aminosyn-HF 8% include:",,https://www.rxlist.com/aminosyn-hf-8-drug.htm
Amino Acid Injection High Branched Chain (Aminosyn HBC 7% Sulfite Free),amino acid injection high branched chain,,,"Aminosyn-HBC 7% (amino acid injection high branched chain) is a combination of amino acids used to prevent nitrogen loss or treat negative nitrogen balance in adults where (1) the alimentary tract by the oral, gastrostomy or jejunostomy route cannot or should not be used, or adequate protein intake is not feasible by these routes; (2) gastrointestinal absorption of protein is impaired; or (3) nitrogen homeostasis is substantially impaired as with severe trauma or sepsis. Common side effects of Aminosyn-HBC 7% include:",,https://www.rxlist.com/aminosyn-hbc-7-sulfite-free-drug.htm
Amino Acid Injection in Dextrose Injection (Aminosyn II in Dextrose),amino acid injection in dextrose injection,,,"Aminosyn II (amino acid injection) is a combination of amino acids used for central vein infusion in the prevention of nitrogen loss and negative nitrogen balance in cases where (a) the gastrointestinal tract by the oral, gastrostomy or jejunostomy route cannot or should not be used, (b) gastrointestinal absorption of nutrients is impaired or (c) metabolic requirements for protein and calories are substantially increased as with extensive burns and (d) morbidity and mortality may be reduced by replacing amino acids lost from tissue breakdown, thereby preserving tissue reserves, as in acute renal failure. Common side effects of Aminosyn II include",,https://www.rxlist.com/aminosyn-ii-in-dextrose-injection-drug.htm
Amino Acid Injection in Dextrose Injection (Aminosyn II 4.25% in 25% Dextrose),amino acid injection in dextrose injection,Nutritional Supplements,The total daily dose of Aminosyn II 4.25% Injection to be infused depends on daily protein and caloric requirements and on the patient's metabolic and clinical response.,"Aminosyn II 4.25% in 25% Dextrose Injection (amino acids) is a combination of amino acids used for central vein infusion in the prevention of nitrogen loss and negative nitrogen balance in cases where (a) the gastrointestinal tract by the oral, gastrostomy or jejunostomy route cannot or should not be used, (b) gastrointestinal absorption of nutrients is impaired or (c) metabolic requirements for protein and calories are substantially increased as with extensive burns and (d) morbidity and mortality may be reduced by replacing amino acids lost from tissue breakdown, thereby preserving tissue reserves, as in acute renal failure.","Aminosyn II 4.25 may cause serious side effects including: hives, difficulty breathing, swelling of your face, lips, tongue, or throat, confusion, and loss of consciousness Get medical help right away, if you have any of the symptoms listed above. Common side effects of Aminosyn II 4.25% in 25% Dextrose Injection include: injection site reactions (skin redness, inflammation, swelling, infection, or blood clots) flushing fever, and nausea Rapid administration of Aminosyn II 4.25% in 25% Dextrose Injection may cause mental confusion and/or loss of consciousness.",https://www.rxlist.com/aminosyn-ii-425-drug.htm
Amino Acid Injection in Dextrose Injection (Aminosyn II 3.5% in 5% Dextrose),amino acid injection in dextrose injection,,,"Aminosyn II 3.5% in 5% Dextrose Injection (amino acids) is a combination of amino acids used as a source of nitrogen in the nutritional support of patients in whom for short periods of time oral nutrition cannot be tolerated, is undesirable or inadequate. Common side effects of Aminosyn II 3.5% in 5% Dextrose Injection include:",,https://www.rxlist.com/aminosyn-ii-35-drug.htm
Amino Acid Injection in Dextrose Injection (Aminosyn II 3.5% in 25% Dextrose),amino acid injection in dextrose injection,,,"Aminosyn II 3.5% in 25% Dextrose Injection (amino acids) is a combination of amino acids used for central vein infusion in the prevention of nitrogen loss and negative nitrogen balance in cases where (a) the gastrointestinal tract by the oral, gastrostomy or jejunostomy route cannot or should not be used, (b) gastrointestinal absorption of nutrients is impaired or (c) metabolic requirements for protein and calories are substantially increased as with extensive burns and (d) morbidity and mortality may be reduced by replacing amino acids lost from tissue breakdown, thereby preserving tissue reserves, as in acute renal failure. Common side effects of Aminosyn II 3.5% in 25% Dextrose Injection include:",,https://www.rxlist.com/aminosyn-ii-35-in-25-dextrose-drug.htm
Amino Acid Injection with Electrolytes (Aminosyn II 8.5%),amino acid injection with electrolytes,"Nutritionals, Other",The total daily dose of Aminosyn II 8.5% solution depends on the daily protein requirements and on the patient's metabolic and clinical response.,"Aminosyn II 8.5% (an amino acid injection with electrolytes) is an amino acid and electrolyte formulation used as a source of nitrogen in the nutritional support of patients in whom, for short periods of time, oral nutrition cannot be tolerated, is undesirable, or inadequate.","Common side effects of Aminosyn II 8.5% include: injection site reactions (warmth, redness, swelling, blood clots) lushing fever, and nausea Seek medical care or call 911 at once if you have the following serious side effects: Serious eye symptoms such as sudden vision loss, blurred vision, tunnel vision, eye pain or swelling, or seeing halos around lights; Serious heart symptoms such as fast, irregular, or pounding heartbeats; fluttering in your chest; shortness of breath; and sudden dizziness, lightheartedness, or passing out; Severe headache, confusion, slurred speech, arm or leg weakness, trouble walking, loss of coordination, feeling unsteady, very stiff muscles, high fever, profuse sweating, or tremors. This document does not contain all possible side effects and others may occur. Check with your physician for additional information about side effects.",https://www.rxlist.com/aminosyn-ii-drug.htm
Amino Acids (TrophAmine),amino acids,,Recommendations for allowances of protein in infant nutrition have ranged from 2 to 4 grams of protein per kilogram of body weight per day (2.0 to 4.0 g/kg/day).,TrophAmine (amino acid) Injections contains essential amino acids and is used for the nutritional support of infants and pediatric patients requiring total parenteral nutrition (TPN).,"Common side effects of TrophAmine include: weight gain swelling increase in blood urea nitrogen (BUN) increased acidity in the body (acidosis) fever, and injection site reactions (infection, swelling, warmth, redness, and blood clot)",https://www.rxlist.com/trophamine-drug.htm
Amino Acids (Injection) (Travasol),amino acids (injection),"Nutritionals, Other",The total daily dose of 10% Travasol (Amino Acid) Injection depends on the patient's metabolic requirement and clinical response.,10% Travasol (Amino Acid) Injection is a solution of essential amino acids used in patients unable to eat properly due to illness or surgery.,"Common side effects of Travasol include: irritation inflammation, or infection at the injection site",https://www.rxlist.com/travasol-drug.htm
"Amino Acids Injection, for Intravenous Use (Prosol)","amino acids injection, for intravenous use",,"The dosage of Prosol is individualized based on the patient's clinical condition (ability to adequately metabolize amino acids), body weight and nutritional/fluid requirements, as well as additional e","Prosol (amino acids) is indicated as a source of amino acids for patients requiring parenteral nutrition (PN) when oral or enteral nutrition is not possible, insufficient, or contraindicated. Prosol may be used to treat negative nitrogen balance in patents.","Side effects of Prosol include: pulmonary vascular emboli, hypersensitivity reactions, infection, refeeding syndrome, high blood sugar levels (hyperglycemia) and hyperosmolar hyperglycemic state, blood clots in veins (thrombosis), elevated liver function tests, hyperammonemia, electrolyte imbalances, and fluid overload (hypervolemia)",https://www.rxlist.com/prosol-drug.htm
Amino Acids with Electrolytes in Dextrose with Calcium Injection (Clinimix E),amino acids with electrolytes in dextrose with calcium injection,,"The dosage of Clinimix E is individualized based on the patient's clinical condition (ability to adequately metabolize amino acids and dextrose), body weight and nutritional/fluid requirements, as wel","Clinimix E (amino acids with electrolytes in dextrose with calcium) is indicated as a source of calories, protein, and electrolytes for patients requiring parenteral nutrition when oral or enteral nutrition is not possible, insufficient, or contraindicated. Clinimix E may be used to treat negative nitrogen balance in patients.","Common side effects of Clinimix E include: increased urination, leakage of fluid from injection site, glucose in the urine, high blood sugar (hyperglycemia), and hyperosmolar coma",https://www.rxlist.com/clinimix-e-drug.htm
"Amino Acids, Electrolytes, Dextrose and Lipid Injectable Emulsion (Kabiven)","amino acids, electrolytes, dextrose and lipid injectable emulsion","Nutritionals, Other","The dosage of Kabiven is individualized based on the patient's clinical condition, body weight and nutritional/fluid requirements, as well as additional energy given orally/enterally to the patient.","Kabiven (amino acids, electrolytes, dextrose and lipid) Injectable Emulsion is indicated as a source of calories, protein, electrolytes and essential fatty acids for adult patients requiring parenteral nutrition when oral or enteral nutrition is not possible, insufficient, or contraindicated. Kabiven may be used to prevent essential fatty acid deficiency or treat negative nitrogen balance in adult patients.","Kabiven may cause serious side effects including: hives, difficulty breathing, swelling of your face, lips, tongue, or throat, redness, swelling, warmth, or skin changes where the injection was fiven, confusion, lightheadedness, fever, swelling in your hands or feet, sweating, pale skin, severe shortness of breath, and chest pain Get medical help right away, if you have any of the symptoms listed above. Common side effects of Kabiven include: nausea fever high blood pressure vomiting decreased hemoglobin decreased total protein low levels of potassium in the blood (hypokalemia) increased gamma glutamyltransferase itching, and fast heart rate Seek medical care or call 911 at once if you have the following serious side effects:",https://www.rxlist.com/kabiven-drug.htm
"Amino Acids, Electrolytes, Dextrose and Lipid Injectable Emulsion for Intravenous Use (Perikabiven)","amino acids, electrolytes, dextrose and lipid injectable emulsion for intravenous use","Nutritionals, Other","The dosage of Perikabiven is individualized based on the patient's clinical condition, body weight and nutritional/fluid requirements, as well as additional energy given orally/enterally to the patien","Perikabiven (amino acids, electrolytes, dextrose and lipid) Injectable Emulsion is a source of calories, protein, electrolytes and essential fatty acids for adult patients requiring parenteral nutrition when oral or enteral nutrition is not possible, insufficient, or contraindicated. Perikabiven may be used to prevent essential fatty acid deficiency or treat negative nitrogen balance in adult patients.","Common side effects of Perikabiven include: nausea fever high blood pressure vomiting decreased hemoglobin decreased total protein low blood potassium (hypokalemia) increased gamma glutamyltransferase high blood sugar, and itching Seek medical care or call 911 at once if you have the following serious side effects: Serious eye symptoms such as sudden vision loss, blurred vision, tunnel vision, eye pain or swelling, or seeing halos around lights; Serious heart symptoms such as fast, irregular, or pounding heartbeats; fluttering in your chest; shortness of breath; and sudden dizziness, lightheartedness, or passing out; Severe headache, confusion, slurred speech, arm or leg weakness, trouble walking, loss of coordination, feeling unsteady, very stiff muscles, high fever, profuse sweating, or tremors. This document does not contain all possible side effects and others may occur. Check with your physician for additional information about side effects.",https://www.rxlist.com/perikabiven-drug.htm
Aminoglutethimide (Cytadren),aminoglutethimide,,"Treatment with Cytadren should be instituted in a hospital until a stable dosage regimen is achieved. Therapy should be initiated with 250 mg orally four times daily, preferably at 6-hour intervals.","Cytadren (aminoglutethimide) is an anti-hormone medication used in the treatment of conditions which cause the body to make too much of certain hormones (Cushing's syndrome). The brand name Cytadren is discontinued, but generic versions may be available.","Common side effects of Cytadren (aminoglutethimide) include: dizziness drowsiness poor coordination weakness nausea vomiting loss of appetite headache skin rash, and itching Cytadren may cause serious side effects including: hives, difficulty breathing, swelling of your face, lips, tongue, or throat, severe dizziness, and fainting Get medical help right away, if you have any of the symptoms listed above. Seek medical care or call 911 at once if you have the following serious side effects:",https://www.rxlist.com/cytadren-drug.htm
Aminohippurate (Aminohippurate Sodium),aminohippurate,"Urologics, Other",Dosage of aminohippurate sodium is individualized and determined by a physician.,Aminohippurate sodium is sodium salt of para-aminohippuric acid used to measure effective renal plasma flow (ERPF).,"Aminohippurate may cause serious side effects including: hives, difficulty breathing, swelling of your face, lips, tongue, or throat, swelling, itching, rash, night sweats, hot flashes, flushing, tingling, nausea, vomiting, and muscle cramps Get medical help right away, if you have any of the symptoms listed above. Common side effects of aminohippurate sodium include: allergic reactions (including anaphylaxis) hives swelling of the skin nerve and muscle disturbances flushing tingling nausea vomiting cramps, or a sensation of warmth or the feeling of the need to defecate or urinate during or shortly following initiation of infusion Seek medical care or call 911 at once if you have the following serious side effects:",https://www.rxlist.com/aminohippurate-drug.htm
Aminolevulinic Acid (Levulan Kerastick),aminolevulinic acid,"Dermatologics, Other",,"Levulan Kerastick (aminolevulinic acid HCl) is a photosensitizing agent used to treat warty overgrowths of skin (actinic keratoses) on sun-exposed areas of the face and scalp. Treatment involves application of Levulan, followed 14 to 18 hours later by exposure to a special blue light that causes the treated skin cells to die and slough off.","Levulan Kerastick may cause serious side effects including: hives, difficulty breathing, swelling of your face, lips, tongue, or throat, and severe stinging or burning that lasts longer than 4 weeks Get medical help right away, if you have any of the symptoms listed above. Serious side effects of Levulan Kerastick are unlikely. You may experience: tingling, stinging, prickling, itching, swelling, or burning of the area treated with Levulan during the light treatment. These side effects should improve at the end of the light treatment. Following treatment, you will experience temporary redness, swelling, and scaling of the lesions and surrounding skin. These side effects should completely resolve by 4 weeks after treatment.",https://www.rxlist.com/levulan-kerastick-drug.htm
Aminolevulinic Acid Hydrochloride (ALA HCl) Solution (Gleolan),aminolevulinic acid hydrochloride (ala hcl) solution,"Contrast Media, Other",The recommended reconstituted oral dose of Gleolan is 20 mg/kg.,Gleolan [aminolevulinic acid hydrochloride (ALA HCl)] is an optical imaging agent indicated in patients with glioma (suspected World Health Organization Grades III or IV on preoperative imaging) as an adjunct for the visualization of malignant tissue during surgery.,"Common side effects of Gleolan include: fever, low blood pressure (hypotension), nausea, vomiting, chills, photosensitivity reaction, skin rash from sun exposure, abnormal liver function test, and diarrhea. Seek medical care or call 911 at once if you have the following serious side effects: Serious eye symptoms such as sudden vision loss, blurred vision, tunnel vision, eye pain or swelling, or seeing halos around lights; Serious heart symptoms such as fast, irregular, or pounding heartbeats; fluttering in your chest; shortness of breath; and sudden dizziness, lightheadedness, or passing out; Severe headache, confusion, slurred speech, arm or leg weakness, trouble walking, loss of coordination, feeling unsteady, very stiff muscles, high fever, profuse sweating, or tremors. This document does not contain all possible side effects and others may occur. Check with your physician for additional information about side effects.",https://www.rxlist.com/gleolan-drug.htm
Aminosalicylic Acid (Paser),aminosalicylic acid,"Antitubercular Agents, 5-Aminosalicylic Acid Derivatives","The adult dosage of Paser is four grams (one packet), three times per day. Smaller doses should be given to children; consult your doctor for pediatric dosing.",Paser (aminosalicylic acid) is an anti-tuberculosis drug used to treat tuberculosis in combination with other active agents. Paser is most commonly used in patients with Multi-drug Resistant TB (MDR-TB) or when isoniazid and rifampin use is not possible due to a combination of resistance and/or intolerance.,"Paser may cause serious side effects including: hives, difficulty breathing, swelling of your face, lips, tongue, or throat, severe dizziness, fever, itching, black or bloody stools, vomit that looks like coffee grounds, rash followed by a fever, dark urine, persistent nausea or vomiting, abdominal pain, yellowing of the eyes or skin (jaundice), rash, and itching Get medical help right away, if you have any of the symptoms listed above. Common side effects of Paser include: nausea, vomiting, diarrhea, abdominal pain, and allergic reactions including fever and itching Seek medical care or call 911 at once if you have the following serious side effects:",https://www.rxlist.com/paser-drug.htm
Aminosyn Electrolytes (Crystalline Amino Acid Solution with Electrolytes),crystalline amino acid solution with electrolytes,"Nutritionals, Other",The total daily dose of Aminosyn with electrolytes solution depends on the daily protein requirements and on the patient's metabolic and clinical response.,"Aminosyn with electrolytes (crystalline amino acid solution with electrolytes) is a combination of amino acids and electrolytes used as a source of nitrogen in the nutritional support of patients with adequate stores of body fat, in whom, for short periods of time, oral nutrition cannot be tolerated, is undesirable, or inadequate.","Common side effects of Aminosyn with electrolytes include: injection site reactions (warm sensation, skin redness, inflammation, swelling, and blood clots) flushing fever, and nausea Seek medical care or call 911 at once if you have the following serious side effects: Serious eye symptoms such as sudden vision loss, blurred vision, tunnel vision, eye pain or swelling, or seeing halos around lights; Serious heart symptoms such as fast, irregular, or pounding heartbeats; fluttering in your chest; shortness of breath; and sudden dizziness, lightheartedness, or passing out; Severe headache, confusion, slurred speech, arm or leg weakness, trouble walking, loss of coordination, feeling unsteady, very stiff muscles, high fever, profuse sweating, or tremors. This document does not contain all possible side effects and others may occur. Check with your physician for additional information about side effects.",https://www.rxlist.com/aminosyn-electrolytes-drug.htm
Aminosyn Sulfite Free (Crystalline Amino Acid Solution),crystalline amino acid solution,,,"Aminosyn, Sulfite-Free (crystalline amino acid solution) is a combination of amino acids used as a source of nitrogen in the nutritional support of patients with adequate stores of body fat, in whom, for short periods of time, oral nutrition cannot be tolerated, is undesirable, or inadequate. Common side effects of Aminosyn, Sulfite-Free include:",,https://www.rxlist.com/aminosyn-sulfite-free-drug.htm
Amiodarone HCl Injection (Amiodarone HCl Injection),amiodarone hcl injection,"Antidysrhythmics, III",The recommended starting dose of intravenous amiodarone is about 1000 mg over the first 24 hours of therapy.,Amiodarone HCl Injection is an antiarrhythmic drug used to treat and prevent frequently recurring ventricular fibrillation (VF) and ventricular tachycardia (VT) in patients who don't respond to other therapy. Amiodarone HCl Injection is available in generic form.,"Common side effects of Amiodarone HCl Injection include: low blood pressure, asystole/cardiac arrest/electromechanical dissociation (EMD), cardiogenic shock, congestive heart failure, slow heart rate, liver function test abnormalities, heart block, irregular heart beat, nausea, and fever Amiodarone may cause serious side effects including: wheezing, cough, chest pain, cough with bloody mucus, fever, irregular heartbeat (new or worsening), lightheadedness, blurred vision, light sensitivity, nausea, vomiting, upper abdominal pain, tiredness, dark urine, yellowing of the skin or eyes (jaundice), loss of coordination, muscle weakness, uncontrolled muscle movement, numbness and tingling in your hands or lower legs, weight loss or gain, thinning hair, feeling hot or cold, increased sweating, tremors, feeling nervous or irritable, irregular menstrual periods, swelling of the neck, depression, trouble concentrating, Get medical help right away, if you have any of the symptoms listed above. Seek medical care or call 911 at once if you have the following serious side effects:",https://www.rxlist.com/amiodarone-hcl-injection-drug.htm
Amiodarone HCl Injection (Nexterone),amiodarone hcl injection,"Antidysrhythmics, III","Injection, 1.5 mg/mL (150 mg/100 mL) Premixed in Dextrose Injection, 1.8 mg/mL (360 mg/200 mL) Premixed in Dextrose",Nexterone (amiodarone HC1) Injection is an antiarrhythmic drug used to help keep the heart beating normally in people with life-threatening heart rhythm disorders of the ventricles (the lower chambers of the heart that allow blood to flow out of the heart). Nexterone is used to treat or prevent ventricular tachycardia or ventricular fibrillation. Nexterone is available in generic form.,"Common side effects of Nexterone include: low fever slight dizziness nausea vomiting slow heart rate low blood pressure, or abnormal liver function tests The recommended starting dose of Nexterone is about 1000 mg over the first 24 hours of therapy. Close monitoring with adjustment of dose is essential.",https://www.rxlist.com/nexterone-drug.htm
Amiodarone HCl Tablets (Cordarone),amiodarone hcl tablets,"Antidysrhythmics, III",Dosing varies depending on indication. Recommended dosage for the initial treatment is 800 to 1600 mg/day until initial therapeutic response occurs.,"Cordarone (amiodarone) is an antiarrhythmic drug used for many serious arrhythmias of the heart including ventricular fibrillation, ventricular tachycardia, atrial fibrillation, and atrial flutter. Cordarone is available in generic form.","Common side effects of Cordarone include: Nausea Vomiting Constipation Weight loss Fatigue Pulmonary fibrosis Heart block Heart failure Dizziness Tiredness Shaking or tremor Numbness and tingling Stomach pain Loss of appetite Sleep problems (insomnia) Weakness Lack of coordination Warmth, tingling, or redness under your skin easy bruising or bleeding, loss of coordination, tingling or numbness of the hands or feet, uncontrolled movements, or new or worsening symptoms of heart failure (such as ankle or leg swelling, increased tiredness, increased shortness of breath when lying down).",https://www.rxlist.com/cordarone-drug.htm
Amiodarone HCl Tablets (Pacerone),amiodarone hcl tablets,"Antidysrhythmics, III","Because of the serious nature of the arrhythmia and the lack of predictable time course of effect, a loading dose of Pacerone should be performed in a hospital setting. Loading doses of 800 to 1,600 m",Pacerone (amiodarone HCl) is an antiarrhythmic drug indicated for treatment of recurrent ventricular fibrillation and recurrent hemodynamically unstable ventricular tachycardia only when these conditions have not responded to documented adequate doses of other available antiarrhythmics or when alternative agents could not be tolerated.,"Common side effects of Pacerone include: general feeling of being unwell (malaise) fatigue tremor and involuntary movements poor coordination and gait numbness and tingling of extremities nausea vomiting constipation loss of appetite eye problems, and sensitivity of eyes and skin to sunlight Side effects of Pacerone can be serious and may include: pulmonary toxicity exacerbation of arrhythmia rare serious liver injury congestive heart failure, and slow heartbeat Other side effects of amiodarone include: Postmarketing side effects of amiodarone reported include: Corneal microdeposits Demyelinating polyneuropathy Hypersensitivity: Anaphylactic/anaphylactoid reaction (including shock), skin swelling, hives Pulmonary: Eosinophilic pneumonia, acute respiratory distress syndrome/ARDS (in postoperative setting), bronchospasm, possibly fatal respiratory disorders (including distress, failure, arrest, and ARDS), bronchiolitis obliterans organizing pneumonia (possibly fatal), fever, shortness of breath, cough, coughing up blood, wheezing, hypoxia, pulmonary infiltrates and/or mass, pulmonary alveolar hemorrhage, pleural effusion, pleuritis Gastrointestinal: Hepatitis, cholestatic hepatitis, cirrhosis, pancreatitis, dry mouth Nephrology: Renal impairment, renal insufficiency, acute renal failure Neurology: Pseudotumor cerebri, parkinsonian symptoms, such as restlessness and slow movement (sometimes reversible with discontinuation of therapy) Endocrine: syndrome of inappropriate antidiuretic hormone (SIADH), thyroid nodules/thyroid cancer Dermatology: Toxic epidermal necrolysis (sometimes fatal), erythema multiforme, Stevens-Johnson syndrome, exfoliative dermatitis, drug rash with eosinophilia and systemic symptoms (DRESS), eczema, skin cancer, vasculitis, itching, bullous dermatitis Hematology: Hemolytic anemia, aplastic anemia, pancytopenia, neutropenia, thrombocytopenia, agranulocytosis, granuloma Musculoskeletal: Muscle disease, muscle weakness, muscle wasting, demyelinating polyneuropathy Psychiatric: Hallucination, confusion, disorientation, delirium Genitourinary: Epididymitis, impotence",https://www.rxlist.com/pacerone-drug.htm
Amiodarone Intravenous (Cordarone IV),amiodarone intravenous,,The recommended starting dose of Cordarone I.V. is about 1000 mg over the first 24 hours of therapy.,"Cordarone IV (amiodarone hydrochloride) Intravenous is an antiarrhythmic drug used to treat and prevent frequently recurring ventricular fibrillation and hemodynamically unstable ventricular tachycardia in patients refractory to other therapy. Cordarone I.V. also can be used to treat patients with VT/VF for whom oral Cordarone is indicated, but who are unable to take oral medication. The brand name Cordarone IV is discontinued, but generic versions may be available.","Common side effects of Cordarone IV (amiodarone hydrochloride) include: low blood pressure (hypotension), slow heart rate, cardiac arrest, nausea, fever, congestive heart failure, abnormal heart rhythm, cardiogenic shock, and liver function test abnormalities.",https://www.rxlist.com/cordarone-iv-drug.htm
"Amisulpride Injection, for Intravenous Use (Barhemsys)","amisulpride injection, for intravenous use",Antiemetic Agents,"The recommended dosage of Barhemsys to prevent postoperative nausea and vomiting (PONV), either alone or in combination with another antiemetic, is 5 mg as a single intravenous dose infused over 1 to","Barhemsys (amisulpride) is a dopamine-2 (D2) antagonist indicated in adults to prevent postoperative nausea and vomiting (PONV), either alone or in combination with an antiemetic of a different class, and to treat PONV in patients who have received antiemetic prophylaxis with an agent of a different class or have not received prophylaxis.","Side effects of Barhemsys include: increased blood prolactin concentrations, chills, low blood potassium (hypokalemia), procedural low blood pressure (hypotension), abdominal distension, and infusion site pain Seek medical care or call 911 at once if you have the following serious side effects: Serious eye symptoms such as sudden vision loss, blurred vision, tunnel vision, eye pain or swelling, or seeing halos around lights; Serious heart symptoms such as fast, irregular, or pounding heartbeats; fluttering in your chest; shortness of breath; and sudden dizziness, lightheadedness, or passing out; Severe headache, confusion, slurred speech, arm or leg weakness, trouble walking, loss of coordination, feeling unsteady, very stiff muscles, high fever, profuse sweating, or tremors. This document does not contain all possible side effects and others may occur. Check with your physician for additional information about side effects.",https://www.rxlist.com/barhemsys-drug.htm
Amitiza (Lubiprostone),lubiprostone,"Laxatives, Other, IBS Agents","To treat chronic idiopathic constipation, the recommended dose of Amitiza is 24 mcg twice daily orally with food and water. To treat irritable bowel syndrome with constipation, the recommended dose is",Amitiza (lubiprostone) is a chloride channel activator used to treat chronic constipation in adults. Amitiza is also used to treat irritable bowel syndrome in women with constipation as the main symptom.,"Amitiza may cause serious side effects including: trouble breathing, severe or ongoing nausea, diarrhea, and lightheadedness Get medical help right away, if you have any of the symptoms listed above. Common side effects of Amitiza include: nausea, stomach pain, diarrhea, gas, bloating, vomiting, dry mouth, runny nose, cough, fever, headache, dizziness, joint/back pain, or trouble sleeping. Tell your doctor if you have unlikely but serious side effects of Amitiza including:",https://www.rxlist.com/amitiza-drug.htm
Amitriptyline (Elavil),amitriptyline,"Psychotherapeutic Combos, ,",Elavil is taken by mouth in tablet form. The medication may take up to four weeks to take full effect.,"Elavil (amitryptiline) is a tricyclic antidepressant used to treat depression and mood disorders. Elavil may also be used to treat other conditions including nerve pain, eating disorder, anxiety, and panic disorder. The brand name Elavil is no longer available in the U.S. It is available in generic form.","Elavil may cause serious side effects including: easy bruising or bleeding, persistent heartburn, shaking, mask-like facial expressions, muscle spasms, severe stomach pain, decreased sexual desire, enlarged or painful breasts, black stools, vomit that looks like coffee grounds, severe dizziness, fainting, seizures, eye pain, redness or swelling, vision changes, fever, muscle stiffness, severe confusion, sweating, and fast or irregular heartbeat Get medical help right away, if you have any of the symptoms listed above. Common side effects of Elavil (amitryptiline) include drowsiness, dry mouth, dizziness, blurred vision, constipation, weight gain, trouble urinating, headache, increased hunger, and changes in taste.",https://www.rxlist.com/elavil-drug.htm
Amivantamab-vmjw for Injection (Rybrevant),amivantamab-vmjw for injection,"Antineoplastics EGFR Inhibitors, MET Tyrosine Kinase Inhibitors","Administer premedications before each RYBREVANT infusion as recommended [see DOSAGE AND ADMINISTRATION]. Administer diluted RYBREVANT intravenously according to the infusion rates in Tables 8 and 9, w","Rybrevant (amivantamab-vmjw) is a bispecific EGF receptor-directed and MET receptor-directed antibody indicated for the treatment of adult patients with locally advanced or metastatic non-small cell lung cancer (NSCLC) with epidermal growth factor receptor (EGFR) exon 20 insertion mutations, as detected by an FDA- approved test, whose disease has progressed on or after platinum-based chemotherapy.",,https://www.rxlist.com/rybrevant-drug.htm
Amlexanox (Aphthasol),amlexanox,Immunomodulators,"Aphthasol oral paste should be applied as soon as possible after noticing the symptoms of an aphthous ulcer and should be used in a four times daily dose, preferably following oral hygiene after break","Aphthasol (amlexanox) Oral Paste is an anti-allergic and anti-inflammatory drug used to treat canker sores, also called aphthous ulcers, in the mouth. Aphthasol Oral Paste helps the sore heal faster so you can eat/speak more comfortably.","Common side effects of Aphthasol (amlexanox) Oral Paste include: temporary pain, stinging, or burning at the application site Aphthasol may cause serious side effects including: hives, difficulty breathing, swelling of your face, lips, tongue, or throat, severe dizziness, increased mouth sores, nausea, and diarrhea Get medical help right away, if you have any of the symptoms listed above. Seek medical care or call 911 at once if you have the following serious side effects:",https://www.rxlist.com/aphthasol-drug.htm
Amlobenz (Amlodipine Besylate and Benazepril Hydrochloride Capsules),amlodipine besylate and benazepril hydrochloride capsules,"Calcium Channel Blockers, Dihydropyridine",Amlobenz is taken once daily. Amlodipine is an effective treatment of hypertension in once-daily doses of 2.5 mg to 10 mg while benazepril is effective in doses of 10 mg to 80 mg.,Amlobenz (amlodipine besylate and benazepril hydrochloride capsules) is a combination of a dihydropyridine calcium channel blocker (DHP CCB) and an angiotensin converting enzyme (ACE) inhibitor indicated for the treatment of hypertension in patients not adequately controlled on monotherapy with either agent.,"Amlobenz may cause serious side effects including: hives, difficulty breathing, swelling of your face, lips, tongue, or throat, severe stomach pain, lightheadedness, swelling in your hands or feet, rapid weight gain, new or worsened chest pain, fever, chills, sore throat, body aches, nausea, weakness, tingly feeling, chest pain, irregular heartbeats, loss of movement , nausea, stomach pain (upper right side), itching, unusual tiredness, flu-like symptoms, dark urine, and yellowing of the skin or urine (jaundice) Get medical help right away, if you have any of the symptoms listed above. Common side effects of Amlobenz include: cough, swelling, headache, and dizziness Seek medical care or call 911 at once if you have the following serious side effects:",https://www.rxlist.com/amlobenz-drug.htm
Amlodipine and Celecoxib Tablets (Consensi),amlodipine and celecoxib tablets,"Calcium Channel Blockers, Dihydropyridine, NSAIDs, Channel Blockers","The starting dose of Consensi is 5 mg/200 mg (2.5 mg/200 mg for small, elderly, or frail patients or hepatic impairment) orally once daily. Titrate to 5 mg/200 mg or 10 mg/200 mg once daily as needed","Consensi (amlodipine and celecoxib) is a combination of a calcium channel blocker and a nonsteroidal anti-inflammatory drug (NSAID) indicated for patients for whom treatment with amlodipine for high blood pressure (hypertension) and celecoxib for osteoarthritis are appropriate. Lowering blood pressure reduces the risk of fatal and nonfatal cardiovascular (CV) events, primarily strokes and heart attacks (myocardial infarctions).","Side effects of Consensi are uncommon and typically short-term, and include: abdominal pain, diarrhea, indigestion/heartburn, gas (flatulence), swelling of extremities, accidental injury, dizziness, sore throat, runny nose, sinus infection (sinusitis), upper respiratory tract infection, and rash",https://www.rxlist.com/consensi-drug.htm
Amlodipine and Celecoxib Tablet (Concensi),amlodipine and celecoxib tablet,,"The starting dose of Consensi is 5 mg/200 mg (2.5 mg/200 mg for small, elderly, or frail patients or hepatic impairment) (amlodipine/celecoxib) orally once daily. Titrate to 5 mg/200 mg or 10 mg/200 m","Consensi (amlodipine and celecoxib) is a combination of a calcium channel blocker and a nonsteroidal anti-inflammatory drug (NSAID) indicated for patients for whom treatment with amlodipine for high blood pressure (hypertension) and celecoxib for osteoarthritis are appropriate. Lowering blood pressure reduces the risk of fatal and nonfatal cardiovascular events, primarily strokes and heart attacks (myocardial infarctions).","Common side effects of Consensi include: abdominal pain, diarrhea, indigestion/heartburn, gas, swelling of extremities, accidental injury, dizziness, throat infection, runny nose, sinus infection, upper respiratory tract infection, rash, swelling (edema), fatigue, nausea, and drowsiness",https://www.rxlist.com/concensi-drug.htm
Amlodipine and Olmesartan Medoxomil Tablets (Azor),amlodipine and olmesartan medoxomil tablets,ARB/CCB Combos,The usual starting dose of Azor is 5/20 mg once daily. The dosage can be increased after 1 to 2 weeks of therapy to a maximum dose of one 10/40 mg tablet once daily as needed to control blood pressure,Azor (amlodipine and olmesartan medoxomil) is a combination of a calcium channel blocker and an angiotensin II receptor antagonist used to treat high blood pressure (hypertension).,"Common side effects of Azor include: dizziness or lightheadedness as your body adjusts to the medication. Other side effects of Azor include: drowsiness, swelling hands/ankles/feet, flushing (warmth, redness, or tingly feeling), hair loss, or skin rash or itching. Tell your doctor if you have serious side effects of Azor including: swelling hands/ankles/feet, fainting, fast heartbeat, unusual change in the amount of urine, symptoms of a high potassium blood level (such as muscle weakness, slow or irregular heartbeat), or severe or persistent diarrhea.",https://www.rxlist.com/azor-drug.htm
Amlodipine and Valsartan (Exforge),amlodipine and valsartan,"ARB/CCB Combos, Angiotensin Receptor Blockers (ARBs)",dosage strengths ranging from amlodipine/valsartan 5/160 mg tablets to 10/320 mg tablets,Exforge (amlodipine and valsartan) is a combination of a calcium channel blocker and an angiotensin II receptor antagonist used to treat high blood pressure (hypertension). Exforge is usually given after other drugs have been tried without successful treatment of hypertension.,"Exforge may cause serious side effects including: lightheadedness, swelling in your hands or feet, rapid weight gain, nausea, weakness, tingly feeling, chest pain, irregular heartbeats, and loss of movement Get medical help right away, if you have any of the symptoms listed above. Common side effects of Exforge include: dizziness, spinning sensation, or lightheadedness as your body adjusts to the medication.",https://www.rxlist.com/exforge-drug.htm
Amlodipine Besylate (Norvasc),amlodipine besylate,"Antianginal Agents, , Calcium Channel Blockers, Dihydropyridine","The usual initial antihypertensive oral dose of Norvasc is 5 mg once daily, and the maximum dose is 10 mg once daily. Norvasc dosages may need to be lowered in patients with liver dysfunction.","Norvasc (amlodipine) is a calcium channel blocker (CCB) prescribed for the prevention and treatment of heart pain or chest pain from angina, and for the treatment of high blood pressure. Norvasc is available as a generic drug.","Common side effects of Norvasc include: headache, swelling (edema) of the ankles or feet, dizziness, lightheadedness, drowsiness, tired feeling, nausea, abdominal or stomach pain, or flushing (warmth, redness, or tingly feeling). Excessive lowering of blood pressure during initiation of Norvasc treatment can occur (especially in patients taking another blood pressure medication with Norvasc).",https://www.rxlist.com/norvasc-drug.htm
Amlodipine Besylate and Benazepril HCl (Lotrel),amlodipine besylate and benazepril hcl,"Calcium Channel Blockers, Dihydropyridine, Antihypertensive Combos, Other, ACEI/CCB Combos",the following combinations: 2,Lotrel (amlodipine besylate and benazepril hydrochloride) is a combination of an angiotensin-converting enzyme (ACE) inhibitor and a calcium channel blocker used for treatment of high blood pressure (hypertension) that is resistant to treatment by either amilodipine or benzapril alone. Lotrel is used usually after one of the other drugs has failed to control the patient's hypertension. Lotrel is available in generic form.,"Common side effects of Lotrel include: cough, dizziness, lightheadedness, headache, and swelling of the hands/ankles/feet. Serious side effects of Lotrel include: rash, new or worsened chest pain, yellowing skin or eyes (jaundice), nausea, upper stomach pain, itching, unusual weakness or tired feeling, rapid weight gain, fever, chills, sore throat, body aches, flu symptoms, high potassium (slow heart rate, weak pulse, muscle weakness, tingly feeling), or angioedema (swelling). Angioedema, if severe, can cause tongue and larynx swelling that inhibits or blocks the airway; this emergency condition needs immediate treatment. Seek medical care or call 911 at once if you have the following serious side effects: Serious eye symptoms such as sudden vision loss, blurred vision, tunnel vision, eye pain or swelling, or seeing halos around lights; Serious heart symptoms such as fast, irregular, or pounding heartbeats; fluttering in your chest; shortness of breath; and sudden dizziness, lightheartedness, or passing out; Severe headache, confusion, slurred speech, arm or leg weakness, trouble walking, loss of coordination, feeling unsteady, very stiff muscles, high fever, profuse sweating, or tremors.",https://www.rxlist.com/lotrel-drug.htm
"Amlodipine Besylate, Atorvastatin Calcium (Caduet)","amlodipine besylate, atorvastatin calcium","HMG-CoA Reductase Inhibitors, Lipid-Lowering Agents, Statins, Channel Blockers, Calcium Channel Blockers, Dihydropyridine",Dosage of Caduet is individualized on the basis of both effectiveness and tolerance for each individual component in the treatment of hypertension/angina and hyperlipidemia.,Caduet (amlodipine besylate and atorvastatin calcium) is a combination of a calcium channel blocker and a statin drug used to treat high blood pressure (hypertension) or chest pain (angina) that occurs with high cholesterol or triglyceride levels. Common side effects of Caduet include dizziness or lightheadedness as your body adjusts to the medication.,"Caduet may cause serious side effects including: hives, difficulty breathing, swelling of your face, lips, tongue, or throat, severe dizziness, muscle pain, tenderness, weakness, fever, unusual tiredness, dark colored urine, muscle stiffness, tremors, abnormal muscle movements, severe drowsiness, lightheadedness, worsening chest pain, chest pain spreading to the arm or jaw, nausea, sweating, general ill feeling, upper stomach pain, loss of appetite, tiredness, dark urine, and yellowing of the skin or eyes (jaundice) Get medical help right away, if you have any of the symptoms listed above. Other side effects of Caduet include: swelling hands/ankles/feet, tiredness, flushing (warmth or redness in your face), headache, muscle pain, diarrhea, nausea, stomach pain, indigestion, or joint pain. Tell your doctor if you have unlikely but serious side effects of Caduet including:",https://www.rxlist.com/caduet-drug.htm
Amlodipine for Oral Solution (Sdamlo),amlodipine for oral solution,"Calcium Channel Blockers, Dihydropyridine",The adult recommended starting dose of Sdamlo is 5 mg orally once daily with maximum dose 10 mg orally once daily. The pediatric starting dose of Sdamlo is 2.5 mg to 5 mg orally once daily.,"Sdamlo (amlodipine) is a calcium channel blocker and may be used alone or in combination with other antihypertensive and antianginal agents for the treatment of high blood pressure (hypertension) in adults and pediatric patients 6 years of age and older. Lowering blood pressure reduces the risk of fatal and nonfatal cardiovascular events, primarily strokes and myocardial infarctions. Sdamlo is also indicated to treat coronary artery disease in adults, chronic stable angina, vasospastic angina (Prinzmetal's or variant angina) and angiographically documented coronary artery disease in patients without heart failure or an ejection fraction less than 40%.","Side effects of Sdamlo include: fluid retention (edema), fatigue, nausea, abdominal pain, and drowsiness. Seek medical care or call 911 at once if you have the following serious side effects: Serious eye symptoms such as sudden vision loss, blurred vision, tunnel vision, eye pain or swelling, or seeing halos around lights; Serious heart symptoms such as fast, irregular, or pounding heartbeats; fluttering in your chest; shortness of breath; and sudden dizziness, lightheadedness, or passing out; Severe headache, confusion, slurred speech, arm or leg weakness, trouble walking, loss of coordination, feeling unsteady, very stiff muscles, high fever, profuse sweating, or tremors. This document does not contain all possible side effects and others may occur. Check with your physician for additional information about side effects.",https://www.rxlist.com/sdamlo-drug.htm
Amlodipine Oral Solution (Norliqva),amlodipine oral solution,"Calcium Channel Blockers, Dihydropyridine","The adult recommended starting dose of Norliqva is 5 mg orally once daily with a maximum of 10 mg orally once daily. Small, fragile, or elderly patients, or patients with hepatic insufficiency may be","Norliqva (amlodipine) is a calcium channel blocker used for the treatment of high blood pressure (hypertension) in adults and children 6 years of age and older, to lower blood pressure. Lowering blood pressure reduces the risk of fatal and nonfatal cardiovascular events, primarily strokes and myocardial infarctions. Norliqva is also used for the treatment of coronary artery disease, including chronic stable angina, vasospastic angina (Prinzmetal's or variant angina), and angiographically documented coronary artery disease in patients without heart failure or an ejection fraction less than 40%.","Norliqva may cause serious side effects including: hives, difficulty breathing, swelling of your face, lips, tongue, or throat, severe dizziness, drowsiness, and sleepiness Get medical help right away, if you have any of the symptoms listed above. Side effects of Norliqva include: fluid retention (edema), dizziness, flushing, palpitations, fatigue, and nausea. Seek medical care or call 911 at once if you have the following serious side effects:",https://www.rxlist.com/norliqva-drug.htm
Amlodipine Oral Suspension (Katerzia),amlodipine oral suspension,"Antianginal Agents, Calcium Channel Blockers, Dihydropyridine",The adult recommended starting dose of Katerzia is 5 mg orally once daily with a maximum dose of 10 mg once daily.,"Katerzia (amlodipine) is a calcium channel blocker and may be used alone or in combination with other antihypertensive and antianginal agents for the treatment of hypertension in adults and children 6 years and older, to lower blood pressure and coronary artery disease, including chronic stable angina, vasospastic angina (Prinzmetal's or variant angina), and angiographically documented coronary artery disease in patients without heart failure or an ejection fraction less than 40%.","Common side effects of Katerzia include: fluid retention (edema), fatigue, nausea, abdominal pain, drowsiness, dizziness, flushing, and palpitations Seek medical care or call 911 at once if you have the following serious side effects: Serious eye symptoms such as sudden vision loss, blurred vision, tunnel vision, eye pain or swelling, or seeing halos around lights; Serious heart symptoms such as fast, irregular, or pounding heartbeats; fluttering in your chest; shortness of breath; and sudden dizziness, lightheartedness, or passing out; Severe headache, confusion, slurred speech, arm or leg weakness, trouble walking, loss of coordination, feeling unsteady, very stiff muscles, high fever, profuse sweating, or tremors. This document does not contain all possible side effects and others may occur. Check with your physician for additional information about side effects.",https://www.rxlist.com/katerzia-drug.htm
Amlodipine Valsartan Hydrochlorothiazide Tablets (Exforge HCT),amlodipine valsartan hydrochlorothiazide tablets,ARB/CCB/Diuretic Combos,Exforge HCT is taken in a once-daily dosage. The maximum recommended dose is 10/320/25 mg.,"Exforge HCT (amlodipine, valsartan, hydrochlorothiazide) is a combination of a calcium channel blocker, an angiotensin II receptor antagonist, and a thiazide diuretic (water pill) used to treat high blood pressure (hypertension), and is usually given after other blood pressure medications have been tried without successful treatment of symptoms.","Common side effects of Exforge HCT include: dizziness, lightheadedness, or headache as your body adjusts to the medication. Other side effects of Exforge HCT include: tired feeling, nausea, upset stomach, muscle spasms, back pain, stuffy nose, or sore throat. Seek medical care or call 911 at once if you have the following serious side effects: Serious eye symptoms such as sudden vision loss, blurred vision, tunnel vision, eye pain or swelling, or seeing halos around lights; Serious heart symptoms such as fast, irregular, or pounding heartbeats; fluttering in your chest; shortness of breath; and sudden dizziness, lightheadedness, or passing out; Severe headache, confusion, slurred speech, arm or leg weakness, trouble walking, loss of coordination, feeling unsteady, very stiff muscles, high fever, profuse sweating, or tremors.",https://www.rxlist.com/exforge-hct-drug.htm
Ammonia N 13 (Ionetix),ammonia n 13,Radiopharmaceuticals,The dose of Ionetix is 10-20 mCi (0.368 – 0.736 GBq) administered as a bolus through a catheter inserted into a large peripheral vein.,Ionetix (ammonia N-13 injection) is a radioactive diagnostic agent for positron emission tomography (PET) indicated for diagnostic PET imaging of the myocardium under rest or pharmacologic stress conditions to evaluate myocardial perfusion in patients with suspected or existing coronary artery disease.,"There are no reported side effects of Ionetix based on a review of the published literature, publicly available reference sources, and adverse drug reaction reporting system. Tell your doctor if you experience any adverse effects from Ionetix. Seek medical care or call 911 at once if you have the following serious side effects: Serious eye symptoms such as sudden vision loss, blurred vision,tunnel vision,eye painor swelling, or seeing halos around lights; Serious heart symptoms such as fast, irregular, or pounding heartbeats; fluttering in your chest; shortness of breath; and sudden dizziness, lightheadedness, or passing out; Severe headache,confusion, slurred speech, arm or leg weakness, trouble walking, loss of coordination, feeling unsteady, very stiff muscles, high fever, profuse sweating, or tremors. This document does not contain all possible side effects and others may occur. Check with your physician for additional information about side effects.",https://www.rxlist.com/ionetix-drug.htm
Ammonium Lactate Cream (Lac-Hydrin Cream),ammonium lactate cream,Emollients,Apply a dose of Lac-Hydrin Cream to the affected areas and rub in thoroughly. Use twice daily or as directed by a physician.,"Lac-Hydrin (ammonium lactate) Cream is a moisturizer used to treat dry, scaly, itchy skin. Lac-Hydrin Cream is available in generic form.","Common side effects of Lac-Hydrin Cream include: skin stinging, burning, redness, peeling, dryness, irritation, bruising or other discoloration, or darkening of treated skin",https://www.rxlist.com/lac-hydrin-cream-drug.htm
Ammonul (Sodium Phenylacetate and Sodium Benzoate Injection),sodium phenylacetate and sodium benzoate injection,How Do Urea Cycle Disorder Treatment Agents Work?,"The dilution and dosage of Ammonul are determined by weight for neonates, infants and young children, and by body surface area for larger patients, including older children, adolescents, and adults.",Ammonul (sodium phenylacetate and sodium benzoate) is a urea cycle disorder treatment agent used as adjunctive therapy to treat excess ammonia in the blood (acute hyperammonemia) and associated brain disease or damage (encephalopathy) in patients with deficiencies in enzymes of the urea cycle.,"Common side effects of Ammonul include: low blood pressure (hypotension), nausea, vomiting, diarrhea, high blood sugar (hyperglycemia), injection site reactions, fever, and infection",https://www.rxlist.com/ammonul-drug.htm
Amnesteem Capsules (Isotretinoin),isotretinoin,"Acne Agents, Systemic, Retinoid-like Agents, Topical",The recommended dosage range for Amnesteem is 0.5 to 1 mg/kg/day given in two divided doses with food for 15 to 20 weeks.,Amnesteem (isotretinoin capsules) is a retinoid indicated for the treatment of severe recalcitrant nodular acne.,"Amnesteem may cause serious side effects including: hives, difficulty breathing, swelling of your face, lips, tongue, or throat, fever, sore throat, burning eyes, skin pain, red or purple skin rash with blistering and peeling, difficulty hearing, problems with your vision, muscle or joint pain, bone pain, back pain, increased thirst, increased urination, hallucinations, unusual mood changes, crying spells, feelings of low self-worth, loss of interest in things you once enjoyed, new sleep problems, thoughts about self-harm, loss of appetite, upper stomach pain (that may spread to your back), nausea, vomiting, fast heart rate, dark urine, yellowing of the skin or eyes (jaundice), severe stomach pain, chest pain or pressure, pain when you swallow, heartburn, diarrhea, rectal bleeding, bloody or tarry stools, severe headaches, ringing in your ears, dizziness, nausea, and pain behind your eyes Get medical help right away, if you have any of the symptoms listed above. Common side effects of Amnesteem include: dry skin, chapped lips, dry eyes, and dry nose that may lead to nosebleeds. Tell your doctor if you have serious side effects of Amnesteem including:",https://www.rxlist.com/amnesteem-drug.htm
Amobarbital Sodium Injection (Amytal Sodium),amobarbital sodium injection,"Sedatives, Barbiturate",Talk to your doctor about your individual dosage recommendation.,Amytal Sodium (amobarbital sodium) For Injection is a sedative used for short-term treatment of insomnia.,"Amytal Sodium may cause serious side effects including: hives, difficulty breathing, swelling of your face, lips, tongue, or throat, rash, itching, red, swollen, blistered, or peeling skin with or without fever, wheezing, tightness in the chest or throat, difficulty swallowing or talking, unusual hoarseness, depression, thoughts of self-harm, nervousness, emotional ups and downs, abnormal thinking, anxiety, lack of interest in life, slow breathing, shallow breathing, and redness, burning, pain, swelling, blisters, skin sores or leaking of fluid at the injection site Get medical help right away, if you have any of the symptoms listed above. Common side effects of Amytal Sodium include: sleepiness, confusion, nervousness, insomnia, dizziness, nausea, vomiting, constipation, headache, fever, agitation, nightmares, anxiety, sleep apnea, low blood pressure, fainting, injection site reactions, muscle spasm, loss of coordination, hallucinations, abnormal thinking, slow breathing, slow heart rate, hypersensitivity reactions (skin swelling, peeling, or rash), or liver damage. Seek medical care or call 911 at once if you have the following serious side effects:",https://www.rxlist.com/amytal-sodium-drug.htm
Amondys 45 (Casimersen Injection),casimersen injection,"Neurologics, Antisense Oligonucleotides",The dose of Amondys 45 is 30 milligrams per kilogram of body weight once weekly administered as an intravenous (IV) infusion over 35 to 60 minutes via an in-line 0.2-micron filter.,Amondys 45 (casimersen) is an antisense oligonucleotide indicated for the treatment of Duchenne muscular dystrophy (DMD) in patients who have a confirmed mutation of the DMD gene that is amenable to exon 45 skipping.,"Side effects of Amondys 45 include: upper respiratory tract infection, cough, fever, headache, joint pain, mouth and throat pain, ear pain, ear infection, nausea, post-traumatic pain, dizziness, and lightheadedness",https://www.rxlist.com/amondys-45-drug.htm
Amoxapine (Amoxapine Tablets),amoxapine tablets,"Antidepressants, TCAs, ,","The usual starting dosage of amoxapine is 50 mg two or three times daily. Depending upon tolerance, dosage may be increased to 100 mg two or three times daily by the end of the first week.","Amoxapine (Brand Names: Asendin) is a tricyclic antidepressant used to treat symptoms of depression, anxiety, or agitation.","Amoxapine may cause serious side effects including: hives, difficulty breathing, swelling of your face, lips, tongue, or throat, mood changes, anxiety, panic attacks, trouble sleeping, impulsive behavior, irritableness, agitation, hostility, aggression, restless, hyperactivity (mentally or physically), increased depression, thoughts of self-harm, skin rash, fever, uncontrolled muscle movements in your face (chewing, lip smacking, frowning, tongue movement, blinking or eye movement), pounding heartbeats, fluttering in your chest, chest pain or pressure, pain spreading to your jaw or shoulder, sudden numbness or weakness (especially on one side of the body), slurred speech, problems with vision or balance, very stiff (rigid) muscles, high fever, sweating, confusion, fast or uneven heartbeats, tremors, and lightheadedness Get medical help right away, if you have any of the symptoms listed above. Common side effects of amoxapine include: drowsiness, dizziness, difficulty urinating, dry mouth, constipation, headache, tired feeling, weakness, blurred vision, changes in appetite/weight, restlessness, nervousness, nausea, increased sweating, or sleep problems (insomnia and nightmares) as your body gets used to the medication. Rarely, patients younger than 25 taking antidepressants such as amoxapine may experience worsening depression or suicidal thoughts or attempts. Tell your doctor if this occurs.",https://www.rxlist.com/amoxapine-drug.htm
Amoxicillin (Amoxil),amoxicillin,"Penicillins, Amino, , H. Pylori Agents, PUD Combos","many preparations (capsules, tablets, chewable tablets, powder for oral suspension and pediatric oral suspension)","Amoxil (amoxicillin) is a penicillin-type antibiotic used to treat infections caused by bacteria that are B-lactamase negative (B-lactamase positive bacteria are usually resistant to Amoxil); these infections usually occur in the skin, lungs, urinary tract and eye, ears, nose, and throat. Amoxil is available as a generic drug termed amoxicillin. Amoxil may be combined with other drugs (for example, clavulanic acid [Augmentin]), to make the antibiotic more effective.","Common side effects of Amoxil include: nausea vomiting diarrhea stomach pain vaginal itching or discharge headache rash, and swollen, black, or ""hairy"" tongue. Other serious side effects of Amoxil include: colitis caused by overgrowth of Clostridium spp in the intestines, fever, burning eyes, sore throat, skin pain, seizures, hives, diarrhea that is watery or bloody, red or purple skin rash with blistering and peeling, severe stomach pain, jaundice, and swelling of your face, lips, tongue, or throat.",https://www.rxlist.com/amoxicillin-drug.htm
Amoxicillin Clavulanate (Augmentin),amoxicillin clavulanate,"Penicillins, Amino,","Tablets 250 mg/125-mg Tablets: Each white oval film-coated tablet, debossed with AUGMENTIN on one side and 250/125 on the other side, contains 250 mg of amoxicillin and 125 mg clavulanic acid as the p","Augmentin (amoxicillin/clavulanate) is a combination antibiotic used to treat bacterial infections including sinusitis, pneumonia, ear infections, bronchitis, urinary tract infections, and infections of the skin.","Augmentin may cause serious side effects including: severe stomach pain, diarrhea which is watery or bloody, pale or yellowed skin, dark-colored urine, fever, confusion, weakness, loss of appetite, upper stomach pain, yellowing of skin or eyes (jaundice), easy bruising or bleeding, little or no urination, sore throat, swelling in your face or tongue, burning in your eyes, skin pain followed by a red or purple rash that spreads (on the face or upper body) with blisters and peeling Get medical help right away, if you have any of the symptoms listed above. Common side effects of Augmentin include: Nausea Vomiting Headache Diarrhea Gas Stomach pain Skin rash or itching White patches in your mouth or throat Vaginal yeast infection (itching or discharge) Rare and severe side effects of Augmentin can include:",https://www.rxlist.com/augmentin-drug.htm
Amoxicillin Clavulanate Potassium (Augmentin ES),amoxicillin clavulanate potassium,"Penicillins, Amino","Dosage of Augmentin ES for pediatric patients 3 months and older: based on the amoxicillin component (600 mg/5 mL), the recommended dose is 90 mg/kg/day divided every 12 hours, administered for 10 day","Augmentin ES 600 (amoxicillin/clavulanate potassium) is a combination of a penicillin-type antibiotic and a form of clavulanic acid, a beta-lactamase inhibitor, used to treat many different infections caused by bacteria, such as sinusitis, pneumonia, ear infections, bronchitis, urinary tract infections, and infections of the skin. Augmentin ES is available in generic form.","Augmentin ES may cause serious side effects including: severe stomach pain, diarrhea that is watery or bloody, pale or yellowed skin, dark-colored urine, fever, confusion, weakness, loss of appetite, upper stomach pain, yellowing of the skin or eyes (jaundice), easy bruising or bleeding, little or no urination, sore throat, swelling in your face or tongue, burning in your eyes, and skin pain followed by a red or purple skin rash that spreads (especially in the face or upper body) and causes blistering and peeling Get medical help right away, if you have any of the symptoms listed above. Common side effects of Augmentin ES include: diarrhea, gas, stomach pain, nausea, vomiting, headache, skin rash, itching, white patches in your mouth or throat, or vaginal yeast infection (itching or discharge). Tell the doctor if you have rare but serious side effects of Augmentin ES including:",https://www.rxlist.com/augmentin-es-drug.htm
Amoxicillin Clavulanate Potassium (Augmentin Chewable Tablets),amoxicillin clavulanate potassium,"Penicillins, Amino",The usual adult dose of Augmentin is one 500-mg tablet every 12 hours or one 250-mg tablet every 8 hours. Pediatric dosing is based on the child's weight and the severity of the infection being treate,"Augmentin (amoxicillin/clavulanate potassium) is a combination of a penicillin-type antibiotic and a form of clavulanic acid, which is similar to penicillin, used to treat many different infections caused by bacteria, such as sinusitis, pneumonia, ear infections, bronchitis, urinary tract infections, and infections of the skin.","Augmentin Chewable Tablets may cause serious side effects including: hives, difficulty breathing, swelling of your face, lips, tongue, or throat, fever, sore throat, burning eyes, skin pain, red or purple skin rash with blistering and peeling, severe stomach pain, diarrhea that is watery or bloody (even if it occurs months after your last dose), pale or yellow skin, dark colored urine, confusion, weakness, loss of appetite, upper stomach pain, little or no urination, easy bruising, and unusual bleeding Get medical help right away, if you have any of the symptoms listed above. Common side effects of Augmentin include: diarrhea, gas, stomach pain, nausea, vomiting, headache, skin rash or itching, white patches in your mouth or throat, or vaginal yeast infection (itching or discharge) Seek medical care or call 911 at once if you have the following serious side effects:",https://www.rxlist.com/augmentin-chewable-tablets-drug.htm
Amoxicillin Clavulanic Potassium (Augmentin XR),amoxicillin clavulanic potassium,"Penicillins, Amino","The recommended dose of Augmentin XR to treat bacterial sinusitis is 2 tablets every 12 hours, for a duration of 10 days. The recommended dose of Augmentin XR to treat pneumonia is 2 tablets every 12",Augmentin XR (amoxicillin/clavulante potassium) Extended Release Tablets is a combination of an antibiotic and a B-lactamase inhibitor indicated for patients with community-acquired pneumonia or acute bacterial sinusitis. Augmentin XR is available in generic form.,"Augmentin XR may cause serious side effects including: severe stomach pain, diarrhea that is watery or bloody, pale or yellowed skin, dark-colored urine, fever, confusion, weakness, loss of appetite, upper stomach pain, yellowing of the skin or eyes (jaundice), easy bruising or bleeding, little or no urination, sore throat, swelling in your face or tongue, burning in your eyes, and skin pain followed by a red or purple skin rash that spreads (especially in the face or upper body) and causes blistering and peeling Get medical help right away, if you have any of the symptoms listed above. Side effects of Augmentin XR include: diarrhea, gas, stomach pain, nausea, vomiting, headache, skin rash or itching, white patches in your mouth or throat, or vaginal yeast infection (itching or discharge). Seek medical care or call 911 at once if you have the following serious side effects:",https://www.rxlist.com/augmentin-xr-drug.htm
Amoxicillin Extended-Release Tablets (Moxatag),amoxicillin extended-release tablets,"Penicillins, Amino",The recommended dose of Moxatag is 775 mg once daily taken within 1 hour of finishing a meal for 10 days.,"Moxatag (amoxicillin extended-release) is a penicillin antibiotic used to treat different types of infections caused by bacteria, such as ear infections, bladder infections, pneumonia, gonorrhea, and E. coli or salmonella infection. Moxatag is sometimes used with another antibiotic called clarithromycin (Biaxin) to treat stomach ulcers caused by Helicobacter pylori infection. This combination may be used with a stomach acid reducer called lansoprazole (Prevacid).","Common side effects of Moxatag include: nausea, vomiting, stomach pain, diarrhea, vaginal itching or discharge, headache, or swollen, black or ""hairy"" tongue Moxatag may cause serious side effects including: hives, difficulty breathing, swelling of your face, lips, tongue, or throat, fever, sore throat, burning eyes, skin pain, red or purple skin rash with blistering and peeling, severe stomach pain, and diarrhea that is watery or bloody (even if it occurs months after your last dose) Get medical help right away, if you have any of the symptoms listed above. Seek medical care or call 911 at once if you have the following serious side effects:",https://www.rxlist.com/moxatag-drug.htm
Amphadase (Hyaluronidase Injection),hyaluronidase injection,"Antidotes, Other","The dose of Amphadase, the rate of injection, and the type of solution (saline, glucose, Ringer's, etc.) must be adjusted carefully to the individual patient. This medication is given as an injection",Amphadase (hyaluronidase) is a genetically designed protein used as an aid in helping your body absorb other injected medications. Amphadase is also used to help contrast dyes in your body show more clearly on certain types of x-rays or scans.,"Common side effects of Amphadase include: injection site reactions (pain, itching, redness, tenderness, or swelling) swelling in any part of the body Amphadase may cause serious side effects including: hives, difficulty breathing, swelling of your face, lips, tongue, or throat, swelling in your hands, feet, or other body areas, and pain, swelling, itching, or redness where the injection was given Get medical help right away, if you have any of the symptoms listed above.",https://www.rxlist.com/amphadase-drug.htm
Amphetamine Extended-release Oral Suspension (Dyanavel XR),amphetamine extended-release oral suspension,"Stimulants, ADHD Agents","In children 6 years of age and older, the recommended starting dose of Dyanavel XR is 2.5 mg or 5 mg once daily in the morning.",Dyanavel XR (amphetamine) extended-release oral suspension is a central nervous system (CNS) stimulant indicated for the treatment of Attention Deficit Hyperactivity Disorder (ADHD).,"Dyanavel XR may cause serious side effects including: hives, difficulty breathing, swelling of your face, lips, tongue, or throat, chest pain, lightheadedness, hallucinations, new behavior problems, aggression, hostility, paranoia, numbness, pain, cold feeling, unexplained wounds, skin color changes (pale, red, or blue appearance), seizure, muscle twitches (tics), changes in your vision, agitation, fever, sweating, shivering, fast heart rate, muscle stiffness, twitching, loss of coordination, nausea, vomiting, diarrhea, and growth problems (in children) Get medical help right away, if you have any of the symptoms listed above. Common side effects of Dyanavel XR include: nosebleed, runny or stuffy nose, dry mouth, loss of appetite (anorexia), weight loss, abdominal pain, nausea, insomnia, restlessness, rapid changes in mood (mood swings), dizziness, and fast heart rate. Seek medical care or call 911 at once if you have the following serious side effects:",https://www.rxlist.com/dyanavel-xr-drug.htm
Amphetamine Sulfate Orally Disintegrating Tablets (Evekeo ODT),amphetamine sulfate orally disintegrating tablets,"Stimulants, ADHD Agents","The starting dose of Evekeo ODT is 5 mg once or twice daily. If necessary, administer an additional dose of Evekeo ODT after 4 to 6 hours.",Evekeo ODT (amphetamine sulfate) is a central nervous system (CNS) stimulant indicated for the treatment of Attention Deficit Hyperactivity Disorder (ADHD) in pediatric patients 6 to 17 years of age.,"Evekeo ODT may cause serious side effects including: hives, difficulty breathing, swelling of your face, lips, tongue, or throat, chest pain, trouble breathing, lightheadedness, hallucinations, new behavior problems, aggression, hostility, paranoia, numbness, pain, cold feeling, unexplained wounds, skin color changes (pale, red, or blue appearance), seizure, muscle twitches (tics), pain or burning when you urinate, vision changes, agitation, fever, sweating, shivering, fast heart rate, muscle stiffness, twitching, loss of coordination, nausea, vomiting, and diarrhea Get medical help right away, if you have any of the symptoms listed above. Common side effects of Evekeo ODT include: decreased appetite, insomnia, abdominal pain, and mood changes Seek medical care or call 911 at once if you have the following serious side effects:",https://www.rxlist.com/evekeo-odt-drug.htm
"Amphetamine Sulfate Tablets, USP (Evekeo)","amphetamine sulfate tablets, usp","ADHD Agents, Stimulants",The usual dose of Evekeo to treat narcolepsy is 5 to 60 mg per day in divided doses. The usual starting dose of Evekeo to treat ADHD in children from 3 to 5 years of age is 2.5 mg daily; in children 6,"Evekeo (amphetamine sulfate tablets) is a central nervous system stimulant used to treat a sleep disorder called narcolepsy, and to help increase attention and decrease impulsiveness and hyperactivity in patients with ADHD. Evekeo should be used as part of a total treatment program for ADHD that may include counseling or other therapies. Evekeo may also be used as part of a short-term, weight reduction program to treat exogenous obesity.","Evekeo may cause serious side effects including: hives, difficulty breathing, swelling of your face, lips, tongue, or throat, changes in vision, chest pain or pressure, confusion, trouble speaking, fast or irregular heartbeat, fingers or toes that feel numb, cool, or painful, hallucination, loss of contact with reality, high blood pressure, a prolonged or painful penis erection, seizures, severe headaches, shortness of breath, thoughts of self-harm, mood changes, trouble walking, dizziness, loss of coordination or balance, and uncontrollable movements of head, mouth, neck, arm, or leg movement Get medical help right away, if you have any of the symptoms listed above. Common side effects of Evekeo include: headache, stomach ache, trouble sleeping (insomnia), decreased appetite, unpleasant taste in mouth, nervousness, dizziness, sexual problems (impotence in males), vomiting, itching, diarrhea, constipation, dry mouth, weight loss, mood swings, palpitations, fast heart rate, elevated blood pressure, overstimulation, restlessness, euphoria, problems with coordination, tremor, uneasiness, loss of appetite, hives, impotence, changes in sex drive, frequent or prolonged erections, and muscle wasting (rhabdomyolysis). Seek medical care or call 911 at once if you have the following serious side effects:",https://www.rxlist.com/evekeo-drug.htm
Amphotericin B (Fungizone),amphotericin b,,"Dosage of amphotericin B is adjusted according to the patient's clinical status (e.g., site, cause, and severity of infection, heart and kidney function, etc.). A test dose is usually done to check fo","Fungizone (amphotericin B) is an antifungal antibiotic used to treat serious, life-threatening fungal infections, and is usually given after other antifungal antibiotics have been unsuccessful. The brand name Fungizone is discontinued in the U.S. Generic forms may be available.","Common side effects of Fungizone (amphotericin B) include: injection site reactions (pain, swelling, irritation), fever, shaking, chills, flushing, loss of appetite, weight loss, dizziness, nausea, vomiting, diarrhea, upset stomach, headache, shortness of breath, muscle or joint aches, warmth/redness/tingly feeling under your skin, itching or rash, or fast breathing 1 to 3 hours after the infusion starts. Tell your doctor if you have serious side effects of Fungizone including: unusual tiredness, weakness, muscle cramping, changes in the amount of urine, painful urination, numbness/tingling of arms/legs, vision changes, hearing changes (e.g., ringing in the ears), dark urine, severe stomach/abdominal pain, yellowing eyes/skin, swelling ankles/feet, fast/slow/irregular heartbeat, cold sweats, blue lips, easy bruising/bleeding, other signs of infection (e.g., fever, persistent sore throat), mental/mood changes, seizures, black stools, or vomit that looks like coffee grounds.",https://www.rxlist.com/fungizone-drug.htm
Ampicillin (Principen),ampicillin,"Penicillins, Amino","The usual oral dose range of Principen for most infections is 250 to 500 mg 4 times daily for 7-14 days. To treat gonorrhea, a single 3.5 g dose is administered along with probenecid.","Principen (ampicillin) is a penicillin-type antibiotic used to treat many different types of infections caused by bacteria, such as ear infections, bladder infections, pneumonia, gonorrhea, and E. coli or salmonella infection. Principen is available in generic form.","Common side effects of Principen include: nausea, vomiting, stomach pain, diarrhea, vaginal itching or discharge, headache, mouth/tongue sores, thrush (white patches inside your mouth or throat), or swollen, black, or ""hairy"" tongue. Tell your doctor if you have rare but very serious side effects of Principen including: dark urine, persistent nausea or vomiting, yellowing eyes or skin, easy bruising or bleeding, or persistent sore throat or fever.",https://www.rxlist.com/principen-drug.htm
Ampicillin and Sulbactam (Unasyn),ampicillin and sulbactam,"Penicillins, Amino",Unasyn is administered orally in the form of tablets.,Unasyn (ampicillin sodium/sulbactam sodium) is a combination antibiotic indicated for the treatment of infections due to susceptible strains of the designated microorganisms.,"Common side effects of Unasyn include: fever, sore throat, headache, rash, diarrhea, body aches, nausea, vomiting, stomach pain, bloating, gas, vaginal itching or discharge, itching, swollen/black/""hairy"" tongue, thrush (white patches inside your mouth or throat), or pain, swelling, or irritation where the needle is placed Seek medical care or call 911 at once if you have the following serious side effects: Serious eye symptoms such as sudden vision loss, blurred vision, tunnel vision, eye pain or swelling, or seeing halos around lights; Serious heart symptoms such as fast, irregular, or pounding heartbeats; fluttering in your chest; shortness of breath; and sudden dizziness, lightheadedness, or passing out; Severe headache, confusion, slurred speech, arm or leg weakness, trouble walking, loss of coordination, feeling unsteady, very stiff muscles, high fever, profuse sweating, or tremors. This document does not contain all possible side effects and others may occur. Check with your physician for additional information about side effects.",https://www.rxlist.com/unasyn-drug.htm
Ampyra (Dalfampridine Extended-Release Tablets),dalfampridine extended-release tablets,Potassium Channel Blockers,"The maximum recommended dose of Ampyra is one 10 mg tablet twice daily, taken with or without food, and should not be exceeded. Doses should be taken approximately 12 hours apart.",Ampyra (dalfampridine) Extended-Release is a potassium channel blocker used to improve walking in patients with multiple sclerosis (MS).,"Ampyra may cause serious side effects including: hives, difficulty breathing, swelling of your face, lips, tongue, or throat, seizure, pain or burning when you urinate, numbness, burning pain, tingly feeling, problems with balance, and relapse or worsening of MS symptoms Get medical help right away, if you have any of the symptoms listed above. Common side effects of Ampyra include: headache, dizziness, sleep problems (insomnia), nausea, constipation, upset stomach, weakness, back pain, runny or stuffy nose, sinus pain, sore throat, skin itching, urinary tract infection, problems with balance, or numbness or tingling feeling. Tell your doctor if you have serious side effects of Ampyra including:",https://www.rxlist.com/ampyra-drug.htm
Amrix (Cyclobenzaprine HCl Extended-Release Capsules),cyclobenzaprine hcl extended-release capsules,Skeletal Muscle Relaxants,"The recommended adult dose for most patients is one Amrix 15 mg capsule taken once daily. Some patients may require up to 30 mg/day, given as one 30 mg capsule taken once daily or as two 15 mg capsule",Amrix (cyclobenzaprine hcl) is a muscle relaxant used together with rest and physical therapy to treat skeletal muscle conditions such as pain or injury. Amrix is available in generic form.,"Common side effects of Amrix include: drowsiness dry mouth or throat fatigue tiredness dizziness lightheadedness constipation diarrhea blurred vision, loss of appetite stomach pain nausea, or muscle weakness Amrix may cause serious side effects including: hives, difficulty breathing, swelling of your face, lips, tongue, or throat, fast or irregular heartbeats, chest pain or pressure, pain spreading to your jaw or shoulder, sudden numbness or weakness (especially on one side of the body), slurred speech, balance problems, agitation, hallucinations, fever, sweating, shivering, fast heart rate, muscle stiffness, twitching, loss of coordination, nausea, vomiting, and diarrhea Get medical help right away, if you have any of the symptoms listed above. Seek medical care or call 911 at once if you have the following serious side effects:",https://www.rxlist.com/amrix-drug.htm
Amtagvi (Lifileucel Suspension for Intravenous Infusion),lifileucel suspension for intravenous infusion,Tumor Infiltrating Lymphocytes,Amtagvi is administered in an inpatient hospital setting with an intensive care facility. The dose of Amtagvi is between 7.5 x 109 and 72 x 109 viable cells.,"Amtagvi (lifileucel) is a tumor-derived autologous T cell immunotherapy indicated for the treatment of adult patients with unresectable or metastatic melanoma previously treated with a PD-1 blocking antibody, and if BRAF V600 mutation positive, a BRAF inhibitor with or without a MEK inhibitor.","Side effects of Amtagvi include: chills, fever, fatigue, fast heart rate, diarrhea, febrile neutropenia, fluid retention (edema), rash, low blood pressure (hypotension), hair loss, infection, low blood oxygen, and shortness of breath. Seek medical care or call 911 at once if you have the following serious side effects: Serious eye symptoms such as sudden vision loss, blurred vision,tunnel vision,eye painor swelling, or seeing halos around lights; Serious heart symptoms such as fast, irregular, or pounding heartbeats; fluttering in your chest; shortness of breath; and sudden dizziness, lightheadedness, or passing out; Severe headache,confusion, slurred speech, arm or leg weakness, trouble walking, loss of coordination, feeling unsteady, very stiff muscles, high fever, profuse sweating, or tremors. This document does not contain all possible side effects and others may occur. Check with your physician for additional information about side effects.",https://www.rxlist.com/amtagvi-drug.htm
Amvuttra (Vutrisiran Injection),vutrisiran injection,RNAi Agents,The recommended dosage of Amvuttra is 25 mg administered by subcutaneous injection once every 3 months.,Amvuttra (vutrisiran) is a transthyretin-directed small interfering RNA indicated for the treatment of the polyneuropathy of hereditary transthyretin-mediated amyloidosis in adults.,"Amvuttra may cause serious side effects including: hives, difficulty breathing, swelling of your face, lips, tongue, or throat, dizziness, and joint stiffness Get medical help right away, if you have any of the symptoms listed above. Side effects of Amvuttra include: joint pain, shortness of breath, and decreased vitamin A. Call your doctor at once if you have the following serious side effects:",https://www.rxlist.com/amvuttra-drug.htm
Amyl Nitrite (Amyl Nitrite Inhalant),amyl nitrite inhalant,"How Do Anti-anginal Agents Work?, Nitrates, Angina, Cyanide Antidotes",The recommended dosage of Amyl Nitrite is two to six inhalations of a capsule that is crushed between two fingers. This can be repeated 3 to 5 minutes later if necessary.,Amyl Nitrite Inhalant is a fast acting vasodilator used to treat angina pectoris. Amyl nitrite inhalant is available in generic form.,"Common side effects of Amyl Nitrite include: headache, dizziness, flushing of the face, lightheadedness or fainting, involuntary urination or defecation, low blood pressure, nausea, vomiting, shortness of breath, cold sweat, pale skin, rapid heart rate, restlessness, weakness, or slowed breathing",https://www.rxlist.com/amyl-nitrite-drug.htm
Amyvid (Florbetapir F 18 Injection),florbetapir f 18 injection,Diagnostic Imaging Agents,"The recommended dose for Amyvid is 370 MBq (10 mCi), maximum 50 μg mass dose, administered as a single intravenous bolus in a total volume of 10 mL or less.",Amyvid (florbetapir F 18 injection) is a molecular imaging agent for Positron Emission Tomography (PET) imaging of the brain to estimate beta-amyloid neuritic plaque density in adult patients with cognitive impairment who are being evaluated for Alzheimer's Disease (AD) and other causes of cognitive decline.,"Amyvid may cause serious side effects including: hives, difficulty breathing, and swelling of your face, lips, tongue, or throat Get medical help right away, if you have any of the symptoms listed above. Common side effects of Amyvid include: headache muscle or joint pain fatigue nausea anxiety feeling cold tiredness insomnia increased blood pressure injection site reactions back pain claustrophobia dizziness, and neck pain",https://www.rxlist.com/amyvid-drug.htm
Amzeeq (Minocycline Topical Foam),minocycline topical foam,Tetracyclines,The dose of Amzeeq is a small amount of topical foam (e.g. a cherry-sized amount) rubbed into acne-affected parts of the face. Repeated as needed until all acne-affected parts of the face are treated.,Amzeeq (minocycline) is a tetracycline antibiotic used to treat inflammatory lesions of non-nodular moderate to severe acne vulgaris in patients 9 years of age and older.,"Side effects of Amzeeq include: headache, and application site reactions, including: redness, dryness, skin discoloration, peeling, and itching Seek medical care or call 911 at once if you have the following serious side effects: Serious eye symptoms such as sudden vision loss, blurred vision, tunnel vision, eye pain or swelling, or seeing halos around lights; Serious heart symptoms such as fast, irregular, or pounding heartbeats; fluttering in your chest; shortness of breath; and sudden dizziness, lightheadedness, or passing out; Severe headache, confusion, slurred speech, arm or leg weakness, trouble walking, loss of coordination, feeling unsteady, very stiff muscles, high fever, profuse sweating, or tremors. This document does not contain all possible side effects and others may occur. Check with your physician for additional information about side effects.",https://www.rxlist.com/amzeeq-drug.htm
An-Sulfur Colloid (Kit for Preparation of Technetium Tc99m Sulfur Colloid Injection),kit for preparation of technetium tc99m sulfur colloid injection,Diagnostic Imaging Agents,The dosage of An-Sulfur Colloid varies depending on the procedure being performed.,"An-Sulfur Colloid (kit for the preparation of technetium Tc 99m sulfur colloid injection) is a radioactive diagnostic agent used in adults, to assist in the localization of lymph nodes draining a primary tumor in patients with breast cancer or malignant melanoma when used with a hand-held gamma counter; and for evaluation of peritoneo-venous (LeVeen) shunt patency in adults. An-Sulfur Colloid is used in adults and pediatric patients, for imaging areas of functioning reticuloendothelial cells in the liver, spleen and bone marrow; and studies of esophageal transit and gastroesophageal reflux, and detection of pulmonary aspiration of gastric contents.","An-Sulfur Colloid may cause serious side effects including: hives, difficulty breathing, swelling of your face, lips, tongue, or throat, dizziness, and low blood pressure Get medical help right away, if you have any of the symptoms listed above. Side effects of An-Sulfur Colloid include: rash, hives, anaphylactic shock, and low blood pressure (hypotension) Seek medical care or call 911 at once if you have the following serious side effects:",https://www.rxlist.com/an-sulfur-colloid-drug.htm
"Ana-Kit (Epinephrine, Chlorpheniramine)","epinephrine, chlorpheniramine","Alpha/Beta Adrenergic Agonists,",Ana-Kit Adrenalin Chloride Solution is administered subcutaneously or intramuscularly at a dose of 0.2 to 1 mL (mg).,"Ana-Kit Adrenalin Chloride Solution (epinephrine injection) is a sympathomimetic agent used to relieve respiratory distress due to bronchospasm, to provide rapid relief of allergic reactions to drugs and other allergens, and to prolong the action of anesthetics. Ana-Kit Adrenalin Chloride Solution may restore cardiac rhythm in cardiac arrest due to various causes. Ana-Kit Adrenalin Chloride Solution may be available in generic form.","Common side effects of Ana-Kit Adrenalin Chloride Solution include: anxiety headache fear, and palpitations as well as injection site reactions Ana-Kit may cause serious side effects including: hives, difficulty breathing, swelling of your face, lips, tongue, or throat, blurred vision, chest pain or pressure, confusion, difficulty speaking, severe dizziness, double vision, headache, inability to move the arms, legs, or facial muscles, nausea, vomiting, nervousness, pain or discomfort in the arms, jaw, back, or neck, pounding in the ears, seizures, slow or fast heartbeat, slow speech, sweating, and tremors Get medical help right away, if you have any of the symptoms listed above. Seek medical care or call 911 at once if you have the following serious side effects:",https://www.rxlist.com/ana-kit-drug.htm
Anabolic steroids (Winstrol),anabolic steroids,,"The use of anabolic steroids such as Winstrol may be associated with serious adverse reactions, many of which are dose related. Patients should be placed on the lowest possible effective dose.","Winstrol (anabolic steroids) is a synthetic steroid, similar to testosterone, used in the treatment of hereditary angioedema, which causes episodes of swelling of the face, extremities, genitals, bowel wall, and throat. Winstrol may decrease the frequency and severity of these attacks. The drug brand name Winstrol is no longer available in the U.S. Generic versions may still be available.","Common side effects of Winstrol include: new or worsening acne, difficulty sleeping, headache, changes in sexual desire, nausea, vomiting, changes in skin color, or ankle swelling. In adolescent and adult males, side effects of Winstrol may include frequent or persistent erections of the penis, and the appearance or aggravation of acne. In women, side effects of Winstrol may include hoarseness, acne, changes in menstrual periods, or more facial hair.",https://www.rxlist.com/winstrol-drug.htm
Anacaulase-bcdb Topical Gel (NexoBrid),anacaulase-bcdb topical gel,Wound Care,NexoBrid may be applied in up to two applications of 4 hours each. A first application may be applied to an area of up to 15% body surface area (BSA). A second application may be applied 24 hours late,NexoBrid (anacaulase-bcdb) is a topically applied biologic that contains proteolytic enzymes designed for nonsurgical eschar (dead tissue) removal in adults with deep partial-thickness and/or full-thickness thermal burns.,"NexoBrid may cause serious side effects including: hives, difficulty breathing, and swelling of your face, lips, tongue, or throat, wound complication, anemia, urinary tract infection, fast or irregular heart rate, rash, bacteremia, scarring, bruising, fever, chills, sore throat, dizziness, fatigue, flushing, low body temperature, confusion, shortness of breath, little or no urination, sleepiness, skin discoloration, low blood pressure, abnormal blood values (Leukocytosis, Hepatic function), pressure ulcer, abdominal pain, nausea, diarrhea, vomiting, and difficulty sleeping (insomnia) Get medical help right away, if you have any of the symptoms listed above. Side effects of NexoBrid include: itching, fever, wound complications, anemia, vomiting, insomnia, urinary tract infection (UTI), fast heart rate, and rash. Seek medical care or call 911 at once if you have the following serious side effects:",https://www.rxlist.com/nexobrid-drug.htm
Anadrol-50 (Oxymetholone),oxymetholone,Anabolic Steroids,"The recommended daily dose of Anadrol-50 in children and adults is 1-5 mg/kg body weight per day. The usual effective dose is 1-2 mg/kg/day but higher doses may be required, and the dose is individual","Anadrol-50 (oxymetholone) is an anabolic steroid used to treat certain types of anemia (lack of red blood cells), including aplastic anemia, myelofibrosis, or hypoplastic anemia caused by chemotherapy. Anadrol-50 is available in generic form.","Common side effects of Anadrol-50 include: diarrhea, excitation, restlessness, trouble sleeping (insomnia), or breast swelling in men. Women taking Anadrol-50 may develop male characteristics, which could be irreversible if treatment is continued. Tell your doctor if you notice increased acne, changes in menstrual periods, a hoarse or deepened voice, male pattern baldness or hair growth (such as on the chin or chest), an enlarged clitoris, or changes in your sex drive while taking Anadrol-50. Tell your doctor if you have serious side effects of Anadrol-50 including: mental/mood changes, swelling of the ankles or feet, unusual or rapid weight gain, trouble breathing, decreased or increased interest in sex, or new or worsening acne.",https://www.rxlist.com/anadrol-50-drug.htm
Anafranil (Clomipramine Hcl),clomipramine hcl,"Antidepressants, TCAs, ,","The adult starting dose of Anafranil is 25 mg daily and gradually increased, as tolerated, to approximately 100 mg during the first 2 weeks. Maximum dose is 250 mg daily. Consult your doctor for pedia",Anafranil (clomipramine hydrochloride) is a tricyclic antidepressant used to treat symptoms of obsessive-compulsive disorder (OCD) such as recurrent thoughts or feelings and repetitive actions. Anafranil is available in generic form.,"Common side effects of Anafranil include: dizziness, drowsiness, dry mouth, constipation, stomach upset, nausea, vomiting, changes in appetite or weight, flushing, increased sweating, tiredness, blurred vision or vision changes, anxiety, restlessness, sleep problems (insomnia), memory problems, trouble concentrating, numbness or tingling, decreased sex drive, impotence, or difficulty having an orgasm. Tell your doctor if you have unlikely but serious side effects of Anafranil including: mental/mood changes (e.g., confusion, depression), enlarged or painful breasts, unwanted breast milk production, irregular or painful menstrual periods, muscle stiffness, ringing in the ears, shakiness (tremors), or trouble urinating.",https://www.rxlist.com/anafranil-drug.htm
Anakinra (Kineret),anakinra,"DMARDs, Immunomodulators, Immunomodulators",The recommended dose of Kineret to treat rheumatoid arthritis is 100 mg/day administered daily by subcutaneous injection.,Kineret (anakinra) is a man-made form of a natural protein (interleukin-1 receptor antagonist) made by the body used to treat the symptoms of moderate to severe rheumatoid arthritis in patients who have had an inadequate response to one or more antirheumatic drugs. Kineret may be used in combination with other antirheumatic medications.,"Common side effects of Kineret include: redness, bruising, swelling, and pain at the injection site. These skin reactions are usually mild and may last 2 to 4 weeks. Other side effects of Kineret include: nausea, diarrhea, stomach pain, headache, and cold symptoms such as stuffy nose, sneezing, sore throat. Kineret has caused very serious infections (such as skin/bone/joint infections, pneumonia). Tell your doctor if you develop signs of an infection, including while taking Kineret including fever, chills, persistent sore throat, cough with mucus, spreading redness/swelling/tenderness of the skin, or bone pain. Seek medical care or call 911 at once if you have the following serious side effects:",https://www.rxlist.com/kineret-drug.htm
Analpram HC (Hydrocortisone Acetate 2.5% Pramoxine HCl 1%),hydrocortisone acetate 2.5% pramoxine hcl 1%,"Corticosteroids, Gastrointestinal, Anesthetics/Corticosteroid Combos","Analpram HC is supplied in four preparations: 1 oz tube, 4 gm tubes and 1 oz and 4gm Advanced Kits. Analpram HC is generally applied to the affected area as a thin film three to four times daily depen","Analpram HC (hydrocortisone acetate 2.5% pramoxine HCl 1%) Cream 2.5% is a topical corticosteroid and anti-itching combination drug used to treat pain, itching, or inflammation of the skin caused by a number of conditions such as allergic reactions, eczema, psoriasis, insect bites, and minor burns or scrapes. Analpram HC is also used on the rectal area to treat itching and inflammation caused by hemorrhoids, anal fissures, or other rectal irritation. Analpram HC is available in generic form.","Side effects of Analpram HC include: skin reactions (burning, irritation, dryness, redness, peeling), acne, changes in the color of treated skin, thinning of your skin, blistering skin, or stretch marks.",https://www.rxlist.com/analpram-hc-drug.htm
Anascorp (Anascorp Centruroides (Scorpion) Immune F(ab' )2 (Equine) Injection),anascorp centruroides (scorpion) immune f(ab' )2 (equine) injection,Antivenins,The initial dose of Anascorp is 3 vials given as soon as possible after scorpion sting in patients who develop clinically important signs of envenomation.,Anascorp [Centruroides (Scorpion) Immune F(ab')2 (Equine)] is an antivenom indicated for treatment of clinical signs of scorpion venom poisoning (envenomation).,"Anascorp may cause serious side effects including: hives, difficulty breathing, swelling of your face, lips, tongue, or throat, fever, swollen glands, muscle pain, and joint pain (may occur up to 2 weeks after the injection was given) Get medical help right away, if you have any of the symptoms listed above. Common side effects of Anascorp include: vomiting fever rash nausea itching headache runny nose muscle pain fatigue cough diarrhea, and tiredness Seek medical care or call 911 at once if you have the following serious side effects:",https://www.rxlist.com/anascorp-drug.htm
Anastrozole (Arimidex),anastrozole,Antineoplastics Aromatase Inhibitor,"The dose of Arimidex is one 1 mg tablet taken once a day. For patients with advanced breast cancer, the medication should be continued until tumor progression.","Arimidex (anastrozole) is a non-steroidal aromatase inhibitor used to treat breast cancer in postmenopausal women. Arimidex is often given to women whose cancer has progressed even after taking tamoxifen (Nolvadex, Soltamox). Arimidex is available in generic form.","Common side effects of Arimidex include: constipation, diarrhea, nausea, vomiting, upset stomach, loss of appetite, body aches and pains (back pain, bone pain, joint pain or stiffness), breast swelling/tenderness/pain, headache, dry mouth, scratchy or sore throat, increased cough, dizziness, trouble sleeping (insomnia), tiredness, weakness, flushing and sweating (hot flashes/hot flushes), vaginal bleeding, hair thinning, weight changes, depression, mood changes, problems with your fingers while gripping, or numbness, tingling, cold feeling, or weakness in your hand or wrist. Seek medical care or call 911 at once if you have the following serious side effects: Serious eye symptoms such as sudden vision loss, blurred vision, tunnel vision, eye pain or swelling, or seeing halos around lights; Serious heart symptoms such as fast, irregular, or pounding heartbeats; fluttering in your chest; shortness of breath; and sudden dizziness, lightheadedness, or passing out; Severe headache, confusion, slurred speech, arm or leg weakness, trouble walking, loss of coordination, feeling unsteady, very stiff muscles, high fever, profuse sweating, or tremors. This document does not contain all possible side effects and others may occur. Check with your physician for additional information about side effects.",https://www.rxlist.com/arimidex-drug.htm
Anavip (Antivenin (Crotalidae) Polyvalent),antivenin (crotalidae) polyvalent,Antivenins,"Administer Anavip as soon as possible after rattlesnake bite in patients who develop any signs of envenomation (e.g., local injury, coagulation abnormality, or systemic signs of envenomation). The ini",Anavip [crotalidae immune f(ab') 2 (equine)] is an equine-derived antivenin indicated for the management of adult and pediatric patients with North American rattlesnake envenomation.,"Anavip may cause serious side effects including: hives, difficulty breathing, swelling of your face, lips, tongue, or throat, and severe dizziness Get medical help right away, if you have any of the symptoms listed above. Common side effects of Anavip include: itching, nausea, rash, joint pain, swelling of extremities, redness, headache, muscle pain, pain in extremities, and vomiting Seek medical care or call 911 at once if you have the following serious side effects:",https://www.rxlist.com/anavip-drug.htm
Ancobon (Flucytosine),flucytosine,"Antifungals, Systemic",The usual dosage of Ancobon is 50 to 150 mg/kg/day administered in divided doses at 6-hour intervals. Nausea or vomiting may be reduced or avoided if the capsules are given a few at a time over a 15-m,"Ancobon (flucytosine) is an antifungal medication used to treat serious fungal infections of the blood, lungs, heart, central nervous system, and urinary tract. Ancobon is available in generic form.","Common side effects of Ancobon include nausea, vomiting, diarrhea, decreased appetite, dry mouth, headache, drowsiness, weakness, or poor coordination.",https://www.rxlist.com/ancobon-drug.htm
Andembry (Garadacimab-gxii Injection),garadacimab-gxii injection,Monoclonal Antibodies,The recommended initial loading dose of Andembry is 400 mg (two 200 mg injections) administered subcutaneously followed by maintenance dosage of 200 mg once monthly.,Andembry (garadacimab-gxii) is an activated Factor XII (FXIIa) inhibitor (monoclonal antibody) indicated for prophylaxis to prevent attacks of hereditary angioedema (HAE) in adult and pediatric patients aged 12 years and older.,"Side effects of Andembry include: runny/stuffy nose and abdominal pain. Seek medical care or call 911 at once if you have the following serious side effects: Serious eye symptoms such as sudden vision loss, blurred vision,tunnel vision,eye pain or swelling, or seeing halos around lights; Serious heart symptoms such as fast, irregular, or pounding heartbeats; fluttering in your chest; shortness of breath; and sudden dizziness, lightheadedness, or passing out; Severe headache,confusion, slurred speech, arm or leg weakness, trouble walking, loss of coordination, feeling unsteady, very stiff muscles, high fever, profuse sweating, or tremors. This document does not contain all possible side effects and others may occur. Check with your physician for additional information about side effects.",https://www.rxlist.com/andembry-drug.htm
"Andexxa (Coagulation Factor Xa (recombinant), Inactivated-zhzo for Injection)","coagulation factor xa (recombinant), inactivated-zhzo for injection",Factor Xa Inhibitor Antidotes,"There are two dosing regimens of Andexxa: low dose and high dose. The low dose regimen is an initial IV bolus of 400 mg Andexxa at a target rate of 30 mg/min, with a follow-on IV infusion of 4 mg/min","Andexxa (coagulation factor Xa (recombinant), inactivated-zhzo) is a recombinant modified human Factor Xa (FXa) protein indicated for patients treated with rivaroxaban and apixaban, when reversal of anticoagulation is needed due to life-threatening or uncontrolled bleeding.","AndexXa may cause serious side effects including: hives, difficulty breathing, swelling of your face, lips, tongue, or throat, pain or burning when you urinate, cough with mucus, chest pain, shortness of breath, fever, chills, continued bleeding after treatment, sudden numbness or weakness, problems with vision or speech, swelling or redness in an arm or leg, chest pain or pressure, pain spreading to your jaw or shoulder, nausea, and sweating Get medical help right away, if you have any of the symptoms listed above. Common side effects of Andexxa include: urinary tract infections (UTIs), pneumonia, and infusion-related reactions Seek medical care or call 911 at once if you have the following serious side effects:",https://www.rxlist.com/andexxa-drug.htm
Androderm (Testosterone Transdermal System),testosterone transdermal system,ANDROGENS,The recommended starting dose is one Androderm 4 mg/day system (not two 2 mg/day systems) applied nightly for 24 hours.,Androderm (testosterone transdermal system) topical (for the skin) is a naturally occurring male hormone used to treat conditions in men that result from a lack of natural testosterone.,"Common side effects of Androderm include: redness, itching, burning, irritation, or hardened skin where the skin patch is worn; breast swelling or tenderness, increased acne or hair growth, headache, depressed mood, or changes in your sex drive. Tell your doctor if you have serious side effects of Androderm including: burn-like blistering of the skin where the transdermal patch is worn, skin irritation with patch-wearing that does not get better with time, problems with urination, swelling of your ankles, frequent/prolonged erections, nausea, stomach pain, low fever, loss of appetite, dark urine, clay-colored stools, or jaundice (yellowing of the skin or eyes).",https://www.rxlist.com/androderm-drug.htm
AndroGel (Testosterone Gel for Topical Use),testosterone gel for topical use,ANDROGENS,"The recommended starting dose of AndroGel is 5 g once daily to clean, dry, intact skin of the shoulders and upper arms and/or abdomen.","AndroGel (testosterone gel) is a form of the male hormone testosterone used to treat conditions in men that result from a lack of natural testosterone, a naturally occurring male hormone.","AndroGel may cause serious side effects including: increased urination, loss of bladder control, painful or difficult urination, breast pain or swelling, swelling, rapid weight gain, shortness of breath during sleep, chest pain or pressure, pain spreading to your jaw or shoulder, nausea, upper stomach pain, itching, tired feeling, loss of appetite, dark urine, clay-colored stools, yellowing of the skin or eyes, chest pain, sudden cough, wheezing, rapid breathing, coughing up blood, and swelling, warmth or redness in an arm or leg Get medical help right away, if you have any of the symptoms listed above. Common side effects of AndroGel include nausea, vomiting, headache, dizziness, hair loss, increased hair growth, trouble sleeping, changes in sexual desire, redness/swelling/itching/burning/hardening of the skin where the patch is worn, change in skin color, breast swelling or tenderness, depression, or acne Seek medical care or call 911 at once if you have the following serious side effects:",https://www.rxlist.com/androgel-drug.htm
AndroGel 1.62 (Testosterone Gel),testosterone gel,Androgens,The recommended starting dose of AndroGel 1.62% is 40.5 mg of testosterone (2 pump actuations) applied topically once daily in the morning to the shoulders and upper arms.,"AndroGel 1.62% (testosterone gel) is a form of the male sex hormone testosterone used for hormone replacement in men who are not able to produce enough testosterone (e.g., hypogonadism).","AndroGel 1.62 may cause serious side effects including: breast pain or enlargement, swelling of the feet or ankles, weight fain, slow or shallow breathing, difficulty breathing, weakness, trouble urinating, mood changes, depression, agitation, hostility, changes in size or shape of the testicles, testicle pain or tenderness, stomach pain, dark urine, yellowing of the eyes or skin (jaundice), changes in the amount of urine, calf tenderness, swelling, or pain, penis erection that is painful or lasting 4 or more hours, rash, itching, swelling of the face, tongue, or throat, and severe dizziness Get medical help right away, if you have any of the symptoms listed above. Common side effects of AndroGel 1.62% include: nausea, vomiting, headache, dizziness, hair loss, increased hair growth, trouble sleeping, changes in sexual desire, redness/swelling/itching/burning/hardening of the skin where the patch is worn, change in skin color, breast swelling or tenderness, depression, or acne. Tell your doctor if you have unlikely but serious side effects of AndroGel 1.62% including:",https://www.rxlist.com/androgel-162-drug.htm
Androxy (Fluoxymesterone Tablets),fluoxymesterone tablets,Anabolic Steroids,"Dosage and duration of therapy with Androxy will depend on age, sex, diagnosis, patient's response to treatment, and appearance of adverse effects.","Androxy (fluoxymesterone tablets) is a synthetic androgen indicated for replacement therapy in conditions associated with a deficiency or absence of endogenous testosterone, such as primary hypogonadism (congenital or acquired), hypogonadotropic hypogonadism (congenital or acquired), delayed puberty, and in women, metastatic mammary cancer.","Androxy may cause serious side effects including: hives, difficulty breathing, swelling of your face, lips, tongue, or throat, itching, red, swollen, blistered, or peeling skin with or without fever, wheezing, tightness in the chest or throat, trouble swallowing or talking, unusual hoarseness, weakness, confusion, tiredness, headache, upset stomach, vomiting, constipation, bone pain, shortness of breath, rapid weight gain, swelling in the arms or legs, change in color of skin, depression, burning, numbness, or tingling, penis erection that is painful or lasts 4 or more hours, deepened voice (in females), facial hair (in females), acne (in females), menstrual changes, dark urine, loss of appetite, stomach pain, clay-colored stools, and yellowing of the skin or eyes (jaundice) Get medical help right away, if you have any of the symptoms listed above. Common side effects of Androxy include: excess hair growth male pattern baldness acne electrolyte imbalance nausea yellowing of skin and eyes (jaundice) alterations in liver function tests increased or decreased libido headache anxiety depression numbness and tingling breast enlargement and prolonged erections in men, and in women menstrual irregularities inhibition of gonadotropin secretion deepening of the voice, and clitoral enlargement",https://www.rxlist.com/androxy-drug.htm
Anectine (Succinylcholine Chloride),succinylcholine chloride,"Neuromuscular Blockers, Depolarizing, Heme Oxygenase Inhibitors",The dosage of Anectine is individualized and determined by the clinician after careful assessment of the patient. Anectine is only administered by a physician.,"Anectine (succinylcholine chloride) is a skeletal muscle relaxant for intravenous (IV) administration indicated as an adjunct to general anesthesia, to facilitate tracheal intubation, and to provide skeletal muscle relaxation during surgery or mechanical ventilation.","Anectine may cause serious side effects including: cardiac arrest, life threatening elevation in body temperature, abnormal heart rhythms, fast or slow heart rate, high or low blood pressure, high blood potassium, prolonged slow breathing, increased eye pressure, muscle twitching, jaw rigidity, postoperative muscle pain, breakdown of muscle tissue (rhabdomyolysis), excessive salivation, and rash Get medical help right away, if you have any of the symptoms listed above. Common side effects of Anectine include muscle relaxation resulting in respiratory depression to the point of apnea (suspended or stopped breathing). Hypersensitivity reactions to Anectine, including severe allergic reaction (anaphylaxis), may occur in rare instances. Tell your doctor if you have serious side effects of Anectine including: cardiac arrest, life threatening elevation in body temperature, abnormal heart rhythms, fast or slow heart rate, high or low blood pressure, high blood potassium, prolonged slow breathing, increased eye pressure, muscle twitching, jaw rigidity, postoperative muscle pain, breakdown of muscle tissue (rhabdomyolysis), excessive salivation, and rash Seek medical care or call 911 at once if you have the following serious side effects:",https://www.rxlist.com/anectine-drug.htm
Anestacon (Lidocaine Hydrochloride Jelly),lidocaine hydrochloride jelly,"Anesthetics, Topical, Local Anesthetics, Amides","The dosage of Anestacon varies and depends upon the area to be anesthetized, vascularity of the tissues, individual tolerance, and the technique of anesthesia. The lowest dosage needed to provide effe","Anestacon (lidocaine hydrochloride jelly) is a topical local anesthetic agent indicated for prevention and control of pain in procedures involving the male and female urethra, for topical treatment of painful urethritis, and as an anesthetic lubricant for endotracheal intubation (oral and nasal).","Side effects of Anestacon are generally dose-related and may result from high plasma levels caused by excessive dosage or rapid absorption, or may result from a hypersensitivity, idiosyncrasy, or diminished tolerance on the part of the patient and may include: central nervous system (CNS) manifestations (lightheadedness, nervousness, apprehension, euphoria, confusion, dizziness, drowsiness, ringing in the ears, blurred or double vision, vomiting, sensations of heat, cold or numbness, twitching, tremors, convulsions, unconsciousness, respiratory depression, and arrest), cardiovascular manifestations (slow heart rate, low blood pressure, and cardiovascular collapse, which may lead to cardiac arrest), and allergic reactions (skin lesions, hives, edema, or anaphylactoid reactions). Seek medical care or call 911 at once if you have the following serious side effects: Serious eye symptoms such as sudden vision loss, blurred vision, tunnel vision, eye pain or swelling, or seeing halos around lights; Serious heart symptoms such as fast, irregular, or pounding heartbeats; fluttering in your chest; shortness of breath; and sudden dizziness, lightheadedness, or passing out; Severe headache, confusion, slurred speech, arm or leg weakness, trouble walking, loss of coordination, feeling unsteady, very stiff muscles, high fever, profuse sweating, or tremors. This document does not contain all possible side effects and others may occur. Check with your physician for additional information about side effects.",https://www.rxlist.com/anestacon-drug.htm
Angeliq (Drospirenone and Estradiol),drospirenone and estradiol,Estrogens/Progestins-HRT,The dosage of Angeliq is one tablet daily.,"Angeliq (drospirenone and estradiol) is a combination of female hormones used to treat the symptoms of menopause such as hot flashes or vaginal changes (itching, burning, dryness, urination problems). Angeliq is also used to prevent thinning of the bones (osteoporosis), and also treats the symptoms of premenstrual dysphoric disorder (PMDD).","Angeliq may cause serious side effects including: hives, difficulty breathing, swelling of your face, lips, tongue, or throat, chest pain or pressure, pain spreading to your jaw or shoulder, nausea, sweating, sudden numbness or weakness (especially on one side of the body), sudden severe headache, slurred speech, problems with vision, poor balance, sudden vision loss, stabbing chest pain, shortness of breath, coughing up blood, pain or warmth in one or both legs, swelling, rapid weight gain, yellowing of the skin or eyes (jaundice), memory problems, confusion, unusual behavior, unusual vaginal bleeding, lump in your breast, increased thirst, increased urination, dry mouth, and fruity breath odor Get medical help right away, if you have any of the symptoms listed above. Common side effects of Angeliq include: dizziness, lightheadedness, headache, stomach upset or pain, diarrhea, bloating, irritability, mood changes, changes in sleep patterns, nausea, weight gain, increased/decreased interest in sex, change in vaginal discharge, vaginal itching, irregular vaginal bleeding or spotting, swelling in your hands or feet, or breast pain or tenderness Seek medical care or call 911 at once if you have the following serious side effects:",https://www.rxlist.com/angeliq-drug.htm
Angiomax (Bivalirudin),bivalirudin,"Anticoagulants, Cardiovascular","The recommended dose of Angiomax is an intravenous (IV) bolus dose of 0.75 mg/kg, followed by an infusion of 1.75 mg/kg/h for the duration of the PCI/PTCA procedure. Five min. after the bolus dose has",Angiomax (bivalirudin) is a reversible direct thrombin inhibitor used to prevent blood clots in people with severe chest pain or other conditions undergoing a procedure called angioplasty (to open blocked arteries).,"Common side effects of Angiomax include: pain in the back or pelvis, nausea, vomiting, stomach pain or upset, restlessness, nervousness, anxiety, headache, fever, sleep problems (insomnia), or pain/bleeding/irritation where the injection was given. Seek medical care or call 911 at once if you have the following serious side effects: Serious eye symptoms such as sudden vision loss, blurred vision, tunnel vision, eye pain or swelling, or seeing halos around lights; Serious heart symptoms such as fast, irregular, or pounding heartbeats; fluttering in your chest; shortness of breath; and sudden dizziness, lightheadedness, or passing out; Severe headache, confusion, slurred speech, arm or leg weakness, trouble walking, loss of coordination, feeling unsteady, very stiff muscles, high fever, profuse sweating, or tremors. This document does not contain all possible side effects and others may occur. Check with your physician for additional information about side effects.",https://www.rxlist.com/angiomax-drug.htm
Angiomax RTU (Bivalirudin Injection),bivalirudin injection,"Antiplatelet Agents, Hematologic, Antiplatelet Agents, Hematologic, Anticoagulants, Cardiovascular",The recommended dosage of Angiomax RTU is a 0.75 mg/kg intravenous bolus dose followed immediately by a 1.75 mg/kg/h intravenous infusion for the duration of the procedure. Five minutes after the bolu,"Angiomax RTU (bivalirudin injection) is a direct thrombin inhibitor indicated for use as an anticoagulant in patients undergoing percutaneous coronary intervention (PCI), including patients with heparin-induced thrombocytopenia and heparin-induced thrombocytopenia and thrombosis syndrome.","Side effects of Angiomax RTU include: bleeding. Seek medical care or call 911 at once if you have the following serious side effects: Serious eye symptoms such as sudden vision loss, blurred vision,tunnel vision,eye painor swelling, or seeing halos around lights; Serious heart symptoms such as fast, irregular, or pounding heartbeats; fluttering in your chest; shortness of breath; and sudden dizziness, lightheadedness, or passing out; Severe headache,confusion, slurred speech, arm or leg weakness, trouble walking, loss of coordination, feeling unsteady, very stiff muscles, high fever, profuse sweating, or tremors. This document does not contain all possible side effects and others may occur. Check with your physician for additional information about side effects.",https://www.rxlist.com/angiomax-rtu-drug.htm
Anhydrous Morphine (Paregoric),anhydrous morphine,Opioid Analgesics,The usual adult dosage of Paregoric is 5 to 10 mL (1 to 2 tsp) 1 to 4 times a day. The usual pediatric dosage is 0.25 to 0.5 mL/kg of body weight 1 to 4 times a day.,Paregoric (anhydrous morphine) is a narcotic used to treat diarrhea.,"Common side effects of Paregoric include: lightheadedness, dizziness, drowsiness, tiredness, restlessness, nausea, vomiting, upset stomach, loss of appetite, constipation, increased sweating, or flushing (warmth, redness, or tingly feeling under your skin). Tell your doctor if you have serious side effects of Paregoric including: severe constipation, bloating, stomach cramps; urinating less than usual or not at all; fast, pounding, or uneven heartbeats; feeling like you might pass out; weak or shallow breathing; or seizures (convulsions). Seek medical care or call 911 at once if you have the following serious side effects: Serious eye symptoms such as sudden vision loss, blurred vision, tunnel vision, eye pain or swelling, or seeing halos around lights; Serious heart symptoms such as fast, irregular, or pounding heartbeats; fluttering in your chest; shortness of breath; and sudden dizziness, lightheadedness, or passing out; Severe headache, confusion, slurred speech, arm or leg weakness, trouble walking, loss of coordination, feeling unsteady, very stiff muscles, high fever, profuse sweating, or tremors.",https://www.rxlist.com/paregoric-drug.htm
Anidulafungin (Eraxis),anidulafungin,"Antifungals, Echinocandin, Antifungals, Systemic","The recommended dose of Eraxis to treat candidemia and other candida infections is a single 200 mg loading dose on Day 1, followed by 100 mg daily dose thereafter. The recommended dose to treat esopha","Eraxis (anidulafungin) is an antifungal antibiotic that treats candida (yeast) infections in the blood, or in the stomach or esophagus.","Common side effects of Eraxis include: flushing or hot flashes, dizziness, diarrhea, constipation, headache, nausea, vomiting, or injection site reactions (pain, swelling, or irritation). Tell your doctor if you have serious side effects of Eraxis including shortness of breath, dark urine, severe stomach or abdominal pain, yellowing eyes or skin, persistent nausea or vomiting, muscle weakness or spasm, vision changes, pain/redness/swelling of arms or legs, new signs of infection (e.g., fever, persistent sore throat), easy bruising or bleeding, fast/slow/irregular heartbeat, seizures, increased urination or thirst, or mental/mood changes. Seek medical care or call 911 at once if you have the following serious side effects: Serious eye symptoms such as sudden vision loss, blurred vision, tunnel vision, eye pain or swelling, or seeing halos around lights; Serious heart symptoms such as fast, irregular, or pounding heartbeats; fluttering in your chest; shortness of breath; and sudden dizziness, lightheadedness, or passing out; Severe headache, confusion, slurred speech, arm or leg weakness, trouble walking, loss of coordination, feeling unsteady, very stiff muscles, high fever, profuse sweating, or tremors. This document does not contain all possible side effects and others may occur. Check with your physician for additional information about side effects.",https://www.rxlist.com/eraxis-drug.htm
Anifrolumab-fnia Injection (Saphnelo),anifrolumab,,"The recommended dosage of SAPHNELO is: 300 mg, administered as an intravenous infusion over a 30-minute period every 4 weeks; or 120 mg, administered as a subcutaneous injection once every week.","Saphnelo (anifrolumab-fnia) is a type I interferon (IFN) receptor antagonist used to treat adult patients with moderate to severe systemic lupus erythematosus (SLE), who are receiving standard therapy.",,https://www.rxlist.com/saphnelo-drug.htm
Anisindione (Miradon),anisindione,"Anticoagulants, Cardiovascular","Initial dosage of Miradon Tablets is 300 mg the first day, 200 mg the second day, and 100 mg the third day.","Miradon (anisindione) is an anticoagulant used to prevent and treat venous thrombosis and its extension, the treatment of atrial fibrillation with embolization, the treatment of pulmonary embolism, and as an adjunct in the treatment of coronary occlusion. The brand name Miradon is discontinued, but generic versions may be available.","Miradon may cause serious side effects including: hives, difficulty breathing, swelling of your face, lips, tongue, or throat, dizziness, any bleeding that will not stop, joint pain, pain or discomfort, limited range of motion, pain (even occurring at rest), limping, and difficulty reaching overhead Get medical help right away, if you have any of the symptoms listed above. Common side effects of Miradon (anisindione) include: stomach upset or headache as your body adjusts to the medication nausea diarrhea fever skin irritation hives hair loss, or mouth sores Seek medical care or call 911 at once if you have the following serious side effects:",https://www.rxlist.com/miradon-drug.htm
Anjeso (Meloxicam Injection),meloxicam injection,NSAIDs,"The dose of of Anjeso is 30 mg once daily, administered by intravenous bolus injection over 15 seconds.","Anjeso (meloxicam) is a nonsteroidal anti-inflammatory drug (NSAID) used adults to manage moderate-to-severe pain, alone or in combination with non-NSAID analgesics.","Anjeso may cause serious side effects including: hives, difficulty breathing, swelling of your face, lips, tongue, or throat, fever, sore throat, burning eyes, skin pain, red or purple skin rash with blistering and peeling, chest pain that spreads to your jaw or shoulder, sudden numbness or weakness on one side of the body, slurred speech, leg swelling, shortness of breath, the first sign of any skin rash (no matter how mild), swelling or rapid weight gain, bloody or tarry stools, coughing up blood, vomit that looks like coffee grounds, nausea, upper stomach pain, itching, tiredness, flu-like symptoms, loss of appetite, dark urine, clay-colored stools, yellowing of the skin or eyes (jaundice), pale skin, unusual tiredness, lightheadedness, cold hands and feet, little or no urination, and swelling in your feet or ankles Get medical help right away, if you have any of the symptoms listed above. Side effects of Anjeso include: constipation, GGT increased, and anemia Seek medical care or call 911 at once if you have the following serious side effects:",https://www.rxlist.com/anjeso-drug.htm
"Anktiva (Nogapendekin Alfa Inbakicept-pmln Solution, for Intravesical Use)","nogapendekin alfa inbakicept-pmln solution, for intravesical use","Antineoplastics, Other",The dosage of Anktiva for induction is 400 mcg administered intravesically with BCG once a week for 6 weeks. A second induction course may be administered if complete response is not achieved at month,Anktiva (nogapendekin alfa inbakicept-pmln) is an interleukin-15 (IL-15) receptor agonist indicated with Bacillus Calmette-Guérin (BCG) for the treatment of adult patients with BCG-unresponsive nonmuscle invasive bladder cancer (NMIBC) with carcinoma in situ (CIS) with or without papillary tumors.,"Side effects of Anktiva include: painful urination, blood in urine, urinary frequency, urinary urgency, musculoskeletal pain, chills, fever, urinary tract infection (UTI), increased creatinine, and increased potassium. Seek medical care or call 911 at once if you have the following serious side effects: Serious eye symptoms such as sudden vision loss, blurred vision,tunnel vision,eye painor swelling, or seeing halos around lights; Serious heart symptoms such as fast, irregular, or pounding heartbeats; fluttering in your chest; shortness of breath; and sudden dizziness, lightheadedness, or passing out; Severe headache,confusion, slurred speech, arm or leg weakness, trouble walking, loss of coordination, feeling unsteady, very stiff muscles, high fever, profuse sweating, or tremors. This document does not contain all possible side effects and others may occur. Check with your physician for additional information about side effects.",https://www.rxlist.com/anktiva-drug.htm
Annovera (Segesterone Acetate and Ethinyl Estradiol Vaginal System),segesterone acetate and ethinyl estradiol vaginal system,Estrogens/Progestins,The dose of Annovera is one Annovera inserted in the vagina. The vaginal system must remain in place continuously for 3 weeks (21 days) followed by a 1-week (7-day) vaginal system-free interval. One A,Annovera (segesterone acetate and ethinyl estradiol vaginal system) is a progestin/estrogen combined hormonal contraceptive (CHC) indicated for use by females of reproductive potential to prevent pregnancy.,"Annovera may cause serious side effects including: hives, difficulty breathing, swelling of your face, lips, tongue, or throat, sudden severe headache, blurred vision, pounding in your neck or ears, sudden numbness or weakness (especially on one side of the body), problems with speech or vision, stabbing chest pain, shortness of breath, pain or numbness in one or both legs, chest pain or pressure, pain spreading to your jaw or shoulder, nausea, sweating, sudden fever, body aches, skin rash, vomiting, diarrhea, dizziness, lightheadedness, new headaches, change in pattern or severity of migraine headaches, yellowing of the skin or eyes (jaundice), mood changes, and thoughts of self-harm Get medical help right away, if you have any of the symptoms listed above. Common side effects of Annovera include: headache, migraine, nausea, vomiting, vaginal yeast infection, abdominal pain, menstrual cramps, vaginal discharge, urinary tract infection (UTI), breast tenderness/pain/discomfort, vaginal bleeding irregularities, diarrhea, and generalized itching Seek medical care or call 911 at once if you have the following serious side effects:",https://www.rxlist.com/annovera-drug.htm
Anoro Ellipta (Umeclidinium and Vilanterol Inhalation Powder),umeclidinium and vilanterol inhalation powder,"Respiratory Inhalant Combos, Anticholinergics, Respiratory, Beta2 Agonists, Respiratory Inhalant Combos",Anoro Ellipta is administered as 1 inhalation dose once daily by the orally inhaled route only.,"Anoro Ellipta (umeclidinium and vilanterol) Inhalation Powder is a combination anticholinergic and long acting beta-adrenoceptor agonist (LABA) used for the long-term, once-daily, maintenance treatment of airflow obstruction in patients with chronic obstructive pulmonary disease (COPD), including chronic bronchitis and/or emphysema.","Anoro Ellipta may cause serious side effects including: worsening difficulty breathing, wheezing, difficulty breathing, shortness of breath, sweating, nausea, vomiting, pain or discomfort in chest, indigestion, lightheadedness, fast heart rate, irregular heartbeat, high blood pressure, eye pain, blurred vision, seeing halos around lights, red eyes, swelling of the eye lids, painful urination, and little or no urination Get medical help right away, if you have any of the symptoms listed above. Common side effects of Anoro Ellipta include: sore throat, sinusitis, respiratory tract infection, constipation, diarrhea, pain in extremities, muscle spasms, neck pain, chest pain or discomfort, cough, indigestion, abdominal pain, gastroesophageal reflux disease (GERD), vomiting, weakness, irregular heart beats, itching, rash, conjunctivitis, palpitations, hypersensitivity reactions including anaphylaxis and hives, changes in taste, tremor, and anxiety. Seek medical care or call 911 at once if you have the following serious side effects:",https://www.rxlist.com/anoro-ellipta-drug.htm
Ansaid (Flurbiprofen),flurbiprofen,NSAIDs,"To treat signs and symptoms of rheumatoid arthritis or osteoarthritis, the recommended starting dose of Ansaid is 200 to 300 mg per day, divided into doses two, three, or four times a day. The largest",Ansaid (flurbiprofen) is a nonsteroidal anti-inflammatory drug (NSAID) used to treat pain or inflammation caused by arthritis. Ansaid is available in generic form.,"Common side effects of Ansaid include: upset stomach, stomach pain, constipation, diarrhea, gas, bloating, heartburn, nausea, vomiting, dizziness, drowsiness, fatigue, headache, nervousness, skin itching or rash, dry mouth, increased sweating, runny nose, blurred vision, or ringing in your ears. Tell your doctor if you have unlikely but serious side effects of Ansaid including: swelling of the hands or feet, sudden or unexplained weight gain, vision changes, mental/mood changes, fast or pounding heartbeat, persistent or severe headache, fainting, difficult or painful swallowing, or unusual tiredness. Ansaid may cause serious side effects including: hives, difficulty breathing, swelling of your face, lips, tongue, or throat, sneezing, wheezing, chest pain spreading to your jaw or shoulder, sudden numbness or weakness on one side of the body, slurred speech, shortness of breath, vision changes, skin rash (no matter how mild), swelling or rapid weight gain, bloody or tarry stools, coughing up blood, vomit that looks like coffee grounds, nausea, upper stomach pain, itching, tired feeling, loss of appetite, flu-like symptoms, dark urine, clay-colored stools, yellowing of the skin or eyes (jaundice), little or no urinating, painful or difficult urination, swelling in your feet or ankles, tiredness, pale skin, lightheadedness, rapid heart rate, trouble concentrating, fever, sore throat, burning in your eyes, and skin pain followed by a red or purple skin rash that spreads (especially in the face or upper body) and causes blistering and peeling",https://www.rxlist.com/ansaid-drug.htm
"Ansuvimab-zykl for Injection, for Intravenous Use (Ebanga)","ansuvimab-zykl for injection, for intravenous use",Monoclonal Antibodies,"The recommended dose of Ebanga for adult and pediatric patients is 50 mg/kg reconstituted, further diluted, and administered as a single intravenous infusion over 60 minutes.","Ebanga (ansuvimab-zykl) is a Zaire ebolavirus glycoprotein (EBOV GP)-directed human monoclonal antibody indicated for the treatment of infection caused by Zaire ebolavirus in adult and pediatric patients, including neonates born to a mother who is RT-PCR positive for Zaire ebolavirus infection.","Side effects of Ebanga include: fever, fast heart rate, diarrhea, vomiting, low blood pressure (hypotension), fast, shallow breathing, chills, and low blood oxygen Seek medical care or call 911 at once if you have the following serious side effects: Serious eye symptoms such as sudden vision loss, blurred vision, tunnel vision, eye pain or swelling, or seeing halos around lights; Serious heart symptoms such as fast, irregular, or pounding heartbeats; fluttering in your chest; shortness of breath; and sudden dizziness, lightheadedness, or passing out; Severe headache, confusion, slurred speech, arm or leg weakness, trouble walking, loss of coordination, feeling unsteady, very stiff muscles, high fever, profuse sweating, or tremors. This document does not contain all possible side effects and others may occur. Check with your physician for additional information about side effects.",https://www.rxlist.com/ebanga-drug.htm
"Ant, Fly, Cockroach, and Mosquito Allergenic Extracts (Insect Allergenic Extracts)","ant, fly, cockroach, and mosquito allergenic extracts",Allergen Immunotherapy,"The dosage of Ant, Fly, Cockroach, Mosquito Allergenic Extracts is dependent upon the purpose of the administration. Allergenic extracts can be administered for diagnostic use or for therapeutic use.","Ant, Fly, Cockroach, Mosquito Allergenic Extracts are indicated for use in diagnostic testing and as part of a treatment regime for allergic disease, as established by allergy history and skin test reactivity.","Insect Allergenic Extracts may cause serious side effects including: hives, difficulty breathing, swelling of your face, lips, tongue, or throat, generalized skin redness, itching, skin swelling, runny nose, wheezing, itching of nose and throat, shortness of breath, coughing, low blood pressure, and sweating Get medical help right away, if you have any of the symptoms listed above. Common side effects of Ant, Fly, Cockroach, Mosquito Allergenic Extracts include: injections site reactions: redness, itching, swelling, tenderness, and pain Serious systemic reactions include:",https://www.rxlist.com/insect-allergenic-extracts-drug.htm
Antabuse (Disulfiram),disulfiram,Psychiatry Agents Other,"In the first phase of treatment, a maximum of 500 mg of Antabuse daily is given in a single dose for one to two weeks. The average maintenance dose of Antabuse is 250 mg daily (range, 125 to 500 mg),",Antabuse (disulfiram) is an alcohol antagonist drug used to treat chronic alcoholism. Antabuse is available in generic form.,"Antabuse may cause serious side effects including: eye pain or sudden vision loss, unusual thoughts or behavior, upper stomach pain, itching, loss of appetite, dark urine, clay-colored stools, yellowing of the skin or eyes (jaundice), flushing (warmth, redness or tingly feeling), sweating, increased thirst, swelling, rapid weight gain, nausea, severe vomiting, neck pain, throbbing headache, blurred vision, chest pain, shortness of breath, fast or pounding heartbeats, fluttering in your chest, confusion, weakness, spinning sensation, feeling unsteady, and lightheadedness Get medical help right away, if you have any of the symptoms listed above. Common side effects of Antabuse include: drowsiness, tiredness, headache, metallic or garlic-like taste in the mouth, skin rash or acne, impotence, and swollen or sore tongue. Tell your doctor if you have a unlikely but serious side effects of Antabuse including:",https://www.rxlist.com/antabuse-drug.htm
Antara (Fenofibrate),fenofibrate,"Fibric Acid Agents, Peroxisome Proliferator Activated Receptor (PPAR) Agonists",The adult starting dose of Antara to treat primary hypercholesterolemia or mixed hyperlipidemia is 130 mg per day. The adult starting dose of Antara to treat hypertriglyceridemia is 43 to 130 mg per d,Antara (fenofibrate) is a lipid-regulating agent called a fibrate used to treat high cholesterol and high triglyceride levels. Antara is available in generic form. Many people using Antara do not have serious side effects.,"Antara may cause serious side effects including: sharp stomach pain spreading to your back or shoulder blade, loss of appetite, stomach pain just after eating a meal, yellowing of the skin or eyes (jaundice), fever, chills, weakness, sore throat, mouth sores, unusual bruising or bleeding, chest pain, sudden cough, wheezing, rapid breathing, coughing up blood, and swelling, warmth or redness in an arm or leg Get medical help right away, if you have any of the symptoms listed above. Side effects of Antara may include: stomach pain, back pain, headache, or runny or stuffy nose. Antara may infrequently cause gallstones and liver problems. Tell your doctor if you notice unlikely but serious side effects of Antara such as:",https://www.rxlist.com/antara-drug.htm
Anthim (Obiltoxaximab Intravenous Infusion),obiltoxaximab intravenous infusion,"Antidotes, Other",The recommended dosage of Anthim is based on the patient's body weight.,"Anthim (obiltoxaximab) injection is a monoclonal antibody directed against the protective antigen of Bacillus anthracis indicated in adult and pediatric patients for treatment of inhalational anthrax due to B. anthracis in combination with appropriate antibacterial drugs and, for prophylaxis of inhalational anthrax when alternative therapies are not available or are not appropriate.","Anthim may cause serious side effects including: hives, difficulty breathing, swelling of your face, lips, tongue, or throat, headache, body aches or pain, ear congestion, chills, fever, sore throat, sneezing, runny nose, nasal congestion, loss of your voice, pain in the arms or legs, bone pain, dry mouth, muscle aching or cramping, muscle pains or stiffness, swollen joints, difficulty moving, and pain, bruising or swelling at the injection site Get medical help right away, if you have any of the symptoms listed above. Common side effects of Anthim include: headache itching upper respiratory tract infection cough vessel puncture site bruise infusion site pain or swelling stuffy nose hives, and pain in extremities",https://www.rxlist.com/anthim-drug.htm
Anthralin (Dritho-Scalp),anthralin,Keratolytic Agents,Apply a dose of Dritho-Scalp once a day or as directed by a physician.,Dritho-Scalp (anthralin) Topical Cream is an antipsoriatic medication used to treat long-term psoriasis of the scalp. Dritho-Scalp may be available in generic form.,"Common side effects of Dritho-Scalp include: temporary redness or irritation of the treated scalp temporary discoloration of hair and fingernails, or staining of skin or hair. Dritho-Scalp may permanently stain fabrics. Seek medical care or call 911 at once if you have the following serious side effects: Serious eye symptoms such as sudden vision loss, blurred vision, tunnel vision, eye pain or swelling, or seeing halos around lights; Serious heart symptoms such as fast, irregular, or pounding heartbeats; fluttering in your chest; shortness of breath; and sudden dizziness, lightheadedness, or passing out; Severe headache, confusion, slurred speech, arm or leg weakness, trouble walking, loss of coordination, feeling unsteady, very stiff muscles, high fever, profuse sweating, or tremors.",https://www.rxlist.com/dritho-scalp-drug.htm
Anthralin Microcrystalline Encapsulated Cream (Zithranol Cream),anthralin microcrystalline encapsulated cream,,Apply a thin layer dose of Zithranol-RR to the affected area once daily or as directed by your doctor. Follow your doctor's directions for how long to leave Zithranol-RR on the skin/scalp before remov,Zithranol-RR (anthralin cream) is an antipsoriatic medication used to treat long-term psoriasis. Zithranol-RR is available in generic form.,"Zithranol Cream may cause serious side effects including: hives, difficulty breathing, swelling of your face, lips, tongue, or throat, increased soreness of skin, and spread of psoriasis, Get medical help right away, if you have any of the symptoms listed above. Common side effects of Zithranol-RR include: temporary redness or irritation where the medicine is applied, temporary discoloration of fingernails or skin, and temporary discoloration of gray/white hair Zithranol-RR may also stain fabrics.",https://www.rxlist.com/zithranol-cream-drug.htm
"Anthralin Microcrystalline-encapsulated System, 1% (Zithranol Shampoo)","anthralin microcrystalline-encapsulated system, 1%",Keratolytic Agents,Zithranol Shampoo should be applied onto wet scalp 3 to 4 times per week (or as directed by the physician). Lather and leave on scalp for 3 to 5 minutes and then rinse thoroughly.,Zithranol Shampoo (1% anthralin) is a topical anti-psoriatic medication indicated for the treatment of scalp psoriasis in subjects 12 years of age and older.,"Common side effects of Zithranol Shampoo include temporary irritation, or staining of the hair or skin. Zithranol Shampoo may also stain fabrics.",https://www.rxlist.com/zithranol-shampoo-drug.htm
"Anthrasil (Anthrax Immune Globulin Intravenous (Human), Sterile Solution for Infusion)","anthrax immune globulin intravenous (human), sterile solution for infusion","Antidotes, Other",The dose of Anthrasil for adult patients 17 years and older is 7 vials (420 units). The pediatric dose for children up to 16 years is 1–7 vials (60–420 units) based on the patient's weight.,Anthrasil [anthrax immune globulin (human) liquid] is an anthrax immune globulin intravenous (human) indicated for the treatment of inhalational anthrax in adult and pediatric patients in combination with appropriate antibacterial drugs.,"Anthrasil may cause serious side effects including: hives, difficulty breathing, swelling of your face, lips, tongue, or throat, lightheadedness, fever, chills, body aches, nausea, flu symptoms, and severe swelling or a hard lump were the shot was given Get medical help right away, if you have any of the symptoms listed above. Common side effects of Anthrasil include: headache, infusion site pain and swelling, nausea, and back pain Seek medical care or call 911 at once if you have the following serious side effects:",https://www.rxlist.com/anthrasil-drug.htm
Anthrax Vaccine Adsorbed Emergent BioSolutions (BioThrax),anthrax vaccine adsorbed emergent biosolutions,"Vaccines, Inactivated, Bacterial","Immunization with BioThrax consists of a series of 5 intramuscular doses administered at 0 and 4 weeks and 6, 12 and 18 months. Select a different injection site for each sequential injection of this",BioThrax (anthrax) Vaccine Adsorbed is an immunization used to help prevent anthrax disease in people exposed to the bacteria through the skin or lungs. BioThrax vaccine works by exposing you to an antigen protein that causes your body to develop immunity to the disease. BioThrax does not contain live or killed forms of the bacteria that cause anthrax. BioThrax vaccine will not treat an active infection.,"Common side effects of BioThrax include: injection site reactions (pain, redness, swelling, warmth, itching, or tenderness), limited arm movement or stiffness in the injected arm, joint or muscle ache or pain, headache, dizziness, tiredness, weakness, low fever, swelling in your hands or feet, or skin rash.",https://www.rxlist.com/biothrax-drug.htm
Anthrax Vaccine Adsorbed for Injection (Cyfendus),anthrax vaccine adsorbed for injection,"Vaccines, Inactivated, Bacterial",Cyfendus is given in two doses (0.5 mL each) administered intramuscularly two weeks apart at weeks 0 and 2 post-exposure combined with antibacterial therapy.,"Cyfendus (anthrax vaccine adsorbed, adjuvanted) is a vaccine indicated for post-exposure prophylaxis of disease following suspected or confirmed exposure to Bacillus anthracis in persons 18 through 65 years of age when administered in conjunction with recommended antibacterial drugs.","Side effects of Cyfendus include: Injection site reactions (tenderness, pain, limited arm motion, warmth, a hard lump, itching, swelling, redness, and bruising), muscle aches, tiredness, headache, and fever. Seek medical care or call 911 at once if you have the following serious side effects: Serious eye symptoms such as sudden vision loss, blurred vision,tunnel vision,eye painor swelling, or seeing halos around lights; Serious heart symptoms such as fast, irregular, or pounding heartbeats; fluttering in your chest; shortness of breath; and sudden dizziness, lightheadedness, or passing out; Severe headache,confusion, slurred speech, arm or leg weakness, trouble walking, loss of coordination, feeling unsteady, very stiff muscles, high fever, profuse sweating, or tremors. This document does not contain all possible side effects and others may occur. Check with your physician for additional information about side effects.",https://www.rxlist.com/cyfendus-drug.htm
Anti-inhibitor Coagulant Complex for Intravenous Use (Feiba),anti-inhibitor coagulant complex for intravenous use,"Hemostatics, Coagulation Factors","The dose of Feiba for control and prevention of bleeding episodes and perioperative management is 50-100 units/kg, frequency determined by the condition. The dose of Feiba for routine prophylaxis is 8","Feiba (anti-inhibitor coagulant complex) is an anti-inhibitor coagulant complex indicated for use in hemophilia A and B patients with inhibitors for control and prevention of bleeding episodes, perioperative management, and routine prophylaxis to prevent or reduce the frequency of bleeding episodes.","Feiba may cause serious side effects including: hives, difficulty breathing, swelling of your face, lips, tongue, or throat, bruising, swelling, or pain around a joint, chest pain or pressure, pain spreading to your jaw or shoulder, nausea, sweating, pale skin, lightheadedness, shortness of breath, rapid heart rate, trouble concentrating, sudden numbness or weakness (especially on one side of the body), sudden severe headache, slurred speech, problems with vision or balance, chest pain, sudden cough, wheezing, rapid breathing, coughing up blood, and pain, swelling, warmth, or redness in one or both legs Get medical help right away, if you have any of the symptoms listed above. Common side effects of Feiba include: anemia, diarrhea, bleeding into joint spaces (hemarthrosis), hepatitis B surface antibody positive, nausea, and vomiting. Seek medical care or call 911 at once if you have the following serious side effects:",https://www.rxlist.com/feiba-drug.htm
"Anti-Inhibitor Coagulant Complex, Heat Treated (Autoplex-T)","anti-inhibitor coagulant complex, heat treated",,"The recommended dosage range of Autoplex T is 25 to 100 Hyland Factor VIII Correctional Units per kg of body weight, depending upon the severity of hemorrhage.","Autoplex T (anti-inhibitor coagulant complex, heat treated) is made from proteins normally found in human blood that allow the blood to clot and is used to treat or prevent bleeding in people with hemophilia A or B and Factor VIII inhibitors.","Common side effects of Autoplex T include: fever chills pain around the IV needle numbness or tingling (especially in your face) changes in blood pressure or heart rate headache flushing Tell your doctor if you have serious side effects of Autoplex T such as: chest pain cough rash and joint pain sudden weakness trouble breathing fast heartbeat hives, or hoarseness",https://www.rxlist.com/autoplex-t-drug.htm
"Anti-Inhibitor Coagulant Complex, Vapor Heated (Feiba VH)","anti-inhibitor coagulant complex, vapor heated","Coagulation Factors, Hemostatics","As a general guideline, a dosage range of 50 to 100 Units of Feiba VH per kg of body weight is recommended. A physician will determine dose depending on different types of hemorrhage.","Feiba VH (anti-inhibitor coagulant complex [AICC], vapor heated) is made up of proteins normally present in the blood that allow the blood to clot used to treat or prevent bleeding in people with hemophilia and Factor VIII inhibitors.","Feiba Vh may cause serious side effects including: hives, difficulty breathing, swelling of your face, lips, tongue, or throat, bruising, swelling, or pain around a joint, chest pain or pressure, pain spreading to your jaw or shoulder, nausea, sweating, pale skin, lightheadedness, shortness of breath, rapid heart rate, trouble concentrating, sudden numbness or weakness (especially on one side of the body), sudden severe headache, slurred speech, problems with vision or balance, chest pain, sudden cough, wheezing, rapid breathing, coughing up blood, and pain, swelling, warmth, or redness in one or both legs Get medical help right away, if you have any of the symptoms listed above. Common side effects of Feiba VH include: headache flushing pain around the IV needle numbness or tingling, especially in your face Tell your doctor if you experience serious side effects of Feiba VH including:",https://www.rxlist.com/feiba-vh-drug.htm
Anti-Thymocyte Globulin (Rabbit) Intravenous Administration (Thymoglobulin),anti-thymocyte globulin (rabbit) intravenous administration,"Immune Globulins, Immunosuppressants",The recommended dosage of Thymoglobulin for treatment of acute renal graft rejection is 1.5 mg/kg of body weight administered daily for 7 to 14 days.,"Thymoglobulin [anti-thymocyte globulin (rabbit)] is a purified, pasteurized, gamma immune globulin, indicated for the treatment of renal transplant acute rejection in conjunction with concomitant immunosuppression.","Common side effects of Thymoglobulin include: chills low levels of white blood cells (leukopenia) headache abdominal pain high blood pressure (hypertension) nausea shortness of breath high levels of potassium in the blood (hyperkalemia) muscle pain insomnia low blood pressure (hypotension) rash sweating general feeling of being unwell (malaise), and acne",https://www.rxlist.com/thymoglobulin-drug.htm
Antihemophilic Factor (Bioclate),antihemophilic factor,"Coagulation Factors, Hemostatics",Dosage of Bioclate is determined by a physician and is individualized for the patient.,Bioclate (antihemophilic factor [recombinant]) is a glyco-protein used in hemophilia A (classical hemophilia) for the prevention and control of hemorrhagic episodes. Bioclate is also indicated in the perioperative management of patients with hemophilia A. Bioclate may be available in generic form.,"Common side effects of Bioclate include: nausea vomiting upset stomach abdominal pain fatigue nosebleeds fever chills flushing, and injection site reactions (burning, redness, or irritation). Tell your doctor if you experience hypersensitivity reactions such as hives and itching, tightness in the chest, dizziness, wheezing, low blood pressure, or severe allergic reaction (anaphylaxis).",https://www.rxlist.com/bioclate-drug.htm
