source,title,price_text,area_m2,district,description,url,crawled_at
phongtro123,Cho thuê phòng full nội thất đường Hoàng Diệu trung tâm tp Đà Nẵng. Quận hải châu.,4.7 triệu/tháng,32,"Hải Châu, Đà Nẵng","Cho thuê phòng full nội thất đường Hoàng Diệu trung tâm tp Đà Nẵng. Quận hải châu. 4.7 triệu/tháng 32 m 2 Hải Châu, Đà Nẵng - Địa chỉ: 47 Hoàng Diệu, Hải Châu- Nhà mặt tiền rộng, ô tô đậu tận cửa- Gần chợ chỉ 20m, gần các trường ĐH trong bán kính 500m–1km- Phòng từ… 2 ngày trước",https://phongtro123.com/cho-thue-phong-full-noi-that-duong-hoang-dieu-trung-tam-tp-da-nang-quan-hai-chau-pr706628.html,2026-05-15T11:06:27
phongtro123,Cho thuê phòng trọ Tôn Đản full nội thất (nhà mới xây),3.3 triệu/tháng,25,"Cẩm Lệ, Đà Nẵng","Cho thuê phòng trọ Tôn Đản full nội thất (nhà mới xây) 3.3 triệu/tháng 25 m 2 Cẩm Lệ, Đà Nẵng Cho thuê phòng trọ Tôn Đản full nội thất (nhà mới xây) - 31/5 trốngĐịa chỉ: K428 Tôn Đản (nhà mới xây).- Số Phòng: 102.- Mô tả: Full nội thất… 6 ngày trước",https://phongtro123.com/cho-thue-can-ho-moi-xay-duong-ton-dan-pr706466.html,2026-05-15T11:06:27
phongtro123,"Cho thuê phòng trọ đường Trần Cao Vân, phường Xuân Hà, Thanh Khê, Đà Nẵng",2 triệu/tháng,15,"Thanh Khê, Đà Nẵng","Cho thuê phòng trọ đường Trần Cao Vân, phường Xuân Hà, Thanh Khê, Đà Nẵng 2 triệu/tháng 15 m 2 Thanh Khê, Đà Nẵng Nhà trọ tại trung tâm thành phố, có phỏng để xe máy, bếp, sân phơi,...không gian thoáng mát, an ninh, yên tĩnh, không chung chủ, giờ giấc thoải… 6 ngày trước",https://phongtro123.com/cho-thue-phong-tro-duong-tran-cao-van-phuong-xuan-ha-thanh-khe-da-nang-pr670875.html,2026-05-15T11:06:27
phongtro123,"Cho thuê phòng trọ tầng 3, diện tích 25m2",2.6 triệu/tháng,25,"Cẩm Lệ, Đà Nẵng","Cho thuê phòng trọ tầng 3, diện tích 25m2 2.6 triệu/tháng 25 m 2 Cẩm Lệ, Đà Nẵng CHÍNH CHỦ CHO THUÊ TRỌ Số 187A Phan Đăng Lưu. Đà nẵng /Zalo 0913404854 Gần ĐH Ngoại Ngữ, ĐH Kiến Trúc, Đông Á Tầng 3, diện tích 25m2 Giá 2,6tr/1… 6 ngày trước",https://phongtro123.com/cho-thue-phong-tro-tang-3-dien-tich-25m2-pr706418.html,2026-05-15T11:06:27
phongtro123,"CHO THUÊ PHÒNG TRỌ – 224 Hồ Nghinh, An Hải, Đà Nẵng",4 triệu/tháng,25,"Sơn Trà, Đà Nẵng","CHO THUÊ PHÒNG TRỌ – 224 Hồ Nghinh, An Hải, Đà Nẵng 4 triệu/tháng 25 m 2 Sơn Trà, Đà Nẵng CHO THUÊ PHÒNG TRỌ – 224 Hồ Nghinh, An Hải, Đà Nẵng Phòng 25m²• Phòng sẵn 2 giường, ở tối đa 4 người, có thể tháo 1 giường nếu muốn• Vệ sinh… 1 tuần trước",https://phongtro123.com/cho-thue-phong-tro-224-ho-nghinh-an-hai-da-nang-pr706394.html,2026-05-15T11:06:27
phongtro123,"Cho thuê phòng trọ 390/4 Hoàng Diệu, Bình Thuận, Đà Nẵng",2.7 triệu/tháng,40,"Hải Châu, Đà Nẵng","Cho thuê phòng trọ 390/4 Hoàng Diệu, Bình Thuận, Đà Nẵng 2.7 triệu/tháng 40 m 2 Hải Châu, Đà Nẵng Cho thuê phòng trọ tại 390/4 Hoàng Diệu, Đà Nẵng. Diện tích phòng 40m2. Ngăn làm 2 phòng. Có wc riêng, kệ bếp, chỗ để xe riêng (để được tối đa 2 xe).… 1 tuần trước",https://phongtro123.com/cho-thue-phong-tro-390-4-hoang-dieu-binh-thuan-da-nang-pr306359.html,2026-05-15T11:06:27
phongtro123,Căn Hộ Gia Đình Khu Nam Việt Á 64 Xuân Quỳnh,6.5 triệu/tháng,40,"Ngũ Hành Sơn, Đà Nẵng","Căn Hộ Gia Đình Khu Nam Việt Á 64 Xuân Quỳnh 6.5 triệu/tháng 40 m 2 Ngũ Hành Sơn, Đà Nẵng **CHO THUÊ STUDIO FULL NỘI THẤT – ĐƯỜNG XUÂN QUỲNH, NGŨ HÀNH SƠN** Vị trí đẹp – gần biển, gần trung tâm, khu dân cư yên tĩnh Cách biển Mỹ Khê chỉ… 1 tuần trước",https://phongtro123.com/can-ho-gia-dinh-khu-nam-viet-a-64-xuan-quynh-pr706318.html,2026-05-15T11:06:27
phongtro123,Nhà Trọ Bảo An - Phước Lý - Đại Học Duy Tân Hòa Khánh,2.8 triệu/tháng,20,"Liên Chiểu, Đà Nẵng","Nhà Trọ Bảo An - Phước Lý - Đại Học Duy Tân Hòa Khánh 2.8 triệu/tháng 20 m 2 Liên Chiểu, Đà Nẵng Nhà Trọ Bảo An - Phước Lý - Đại Học Duy Tân Hòa KhánhCăn hộ 3 tầng, thoáng mát, sạch sẽ, chất lượng cao, giờ giấc tự do, không chung chủ!Vị trí… 2 tuần trước",https://phongtro123.com/nha-tro-bao-an-phuoc-ly-dai-hoc-duy-tan-2-pr690992.html,2026-05-15T11:06:27
phongtro123,"Cho thuê phòng 25m2 đầy đủ tiện nghi gần Đường 30/4, Quảng trường 2/9",4 triệu/tháng,25,"Hải Châu, Đà Nẵng","Cho thuê phòng 25m2 đầy đủ tiện nghi gần Đường 30/4, Quảng trường 2/9 4 triệu/tháng 25 m 2 Hải Châu, Đà Nẵng Cho thuê phòng full option. 129 Nguyễn Khánh Toàn (Gần góc Phan Đăng Lưu vs Lương Nhữ Hộc)Phòng đầy đủ tiện nghi giá từ: 3.8 triệu/th. Gảm giá 5% trả 03… 2 tuần trước",https://phongtro123.com/can-ho-mini-cao-cap-full-noi-that-moi-xay-ngay-trung-tam-tp-pr677825.html,2026-05-15T11:06:27
phongtro123,Cho thuê nguyên căn mới xây (9 phòng Studio bao gồm Nội thất mới )!và cho thuê mặt bằng tầng dưới,50 triệu/tháng,100,"Hải Châu, Đà Nẵng","Cho thuê nguyên căn mới xây (9 phòng Studio bao gồm Nội thất mới )!và cho thuê mặt bằng tầng dưới 50 triệu/tháng 100 m 2 Hải Châu, Đà Nẵng NHÀ 4 TẦNG MỚI XÂY9 STUDIO CAO CẤP CÓ NỘI THẤT – CÓ THANG MÁY – MỚI 100% –NGAY TRUNG TÂM ĐÀ NẴNG- GẦN LOTTE MART- GẦN TRƯỜNG SKY-LINE Đường Nguyễn… 2 tuần trước",https://phongtro123.com/phong-tro-studio-bao-gom-noi-that-moi-xay-pr705801.html,2026-05-15T11:06:27
phongtro123,"Cho thuê phòng trọ diện tích 15m2, có gác lửng, toilet trong phòng, chỉ còn 1 phòng duy nhất giá ưu đãi",1.9 triệu/tháng,15,"Cẩm Lệ, Đà Nẵng","Cho thuê phòng trọ diện tích 15m2, có gác lửng, toilet trong phòng, chỉ còn 1 phòng duy nhất giá ưu đãi 1.9 triệu/tháng 15 m 2 Cẩm Lệ, Đà Nẵng Phòng trọ diện tích 15m2, có gác lửng, có đồng hồ điện, nước riêng. Không chung chủ.Toalet trong phòng. Khu an ninh, yên tĩnh sạch sẽ.Gần Mega Market, Trung… 2 tuần trước",https://phongtro123.com/tinh-thanh/da-nang/cho-thue-phong-tro-dien-tich-15m2-co-gac-lung-toalet-trong-phong.html,2026-05-15T11:06:27
phongtro123,CHO THUÊ PHÒNG TRỌ tại ĐC: 41/8/12 Đặng Thùy Trâm,2 triệu/tháng,20,"Hải Châu, Đà Nẵng","CHO THUÊ PHÒNG TRỌ tại ĐC: 41/8/12 Đặng Thùy Trâm 2 triệu/tháng 20 m 2 Hải Châu, Đà Nẵng CHO THUÊ PHÒNG TRỌPhòng ở thoáng mát, điện nước trả theo chỉ số đồng hồ. Nhà vệ sinh, chỗ nấu ăn riêng.ĐC: 41/8/12 Đặng Thùy Trâm-Đà Nẵng(Gần… 4 tuần trước",https://phongtro123.com/cho-thue-phong-tro-dc-41-8-12-dang-thuy-tram-pr686166.html,2026-05-15T11:06:27
phongtro123,"Cho thuê phòng trọ tại Đa Mặn 15 - Ngũ Hành Sơn, giá 2.1tr",2.1 triệu/tháng,20,"Ngũ Hành Sơn, Đà Nẵng","Cho thuê phòng trọ tại Đa Mặn 15 - Ngũ Hành Sơn, giá 2.1tr 2.1 triệu/tháng 20 m 2 Ngũ Hành Sơn, Đà Nẵng - Cho thuê phòng trọ tại Đa Mặn 15, giá 2.1tr- Phòng hiện cho thuê và trả vào ngày 30/04/2026- Vị trí: Nằm trong khu dân cư đông đúc, nhiều tiện ích: gần… 1 tháng trước",https://phongtro123.com/cho-thue-phong-tro-tai-da-man-15-ngu-hanh-son-gia-2-1tr-pr705076.html,2026-05-15T11:06:27
phongtro123,CHỈ CÒN 1 PHÒNG - FULL NỘI THẤT - NGAY TRUNG TÂM THÀNH PHỐ,3.8 triệu/tháng,25,"Thanh Khê, Đà Nẵng","CHỈ CÒN 1 PHÒNG - FULL NỘI THẤT - NGAY TRUNG TÂM THÀNH PHỐ 3.8 triệu/tháng 25 m 2 Thanh Khê, Đà Nẵng Địa chỉ: Phần Lăng 9, Thanh Khê Giá thuê: 3.800.000 VNĐ/tháng Diện tích: 25 m2 TIỆN ÍCH NỔI BẬT:Nội thất: Giường, nệm, tủ quần áo, máy lạnh, tủ… 1 tháng trước",https://phongtro123.com/chi-con-1-phong-full-noi-that-ngay-trung-tam-thanh-pho-2-pr705055.html,2026-05-15T11:06:27
phongtro123,"1 phòng duy nhất có sân thượng thoáng, full nội thất, gần 3 trường Đại học, chợ đầu mối, chỉ 5 tr",5 triệu/tháng,30,"Hải Châu, Đà Nẵng","1 phòng duy nhất có sân thượng thoáng, full nội thất, gần 3 trường Đại học, chợ đầu mối, chỉ 5 tr 5 triệu/tháng 30 m 2 Hải Châu, Đà Nẵng CHỈ CÓ 1 PHÒNG DUY NHẤT, NỘI THẤT ĐẦY ĐỦ, CÓ GÁC ĐỂ ĐỒ, SÂN THƯỢNG CỰC THOÁNG VÀ CHILL! Diện tích 30m2, có điều hoà, nóng lạnh, bếp từ, bàn… 1 tháng trước",https://phongtro123.com/1-phong-duy-nhat-co-san-thuong-thoang-full-noi-that-gan-3-truong-dai-hoc-cho-dau-moi-chi-5-tr-pr678502.html,2026-05-15T11:06:27
phongtro123,"KÝ TÚC XÁ THU NHỎ GẦN ĐẠI HỌC KIẾN TRÚC, ĐÔNG Á, NGOẠI NGỮ, GẦN CHỢ ĐẦU MỐ - 1.5…",1.55 triệu/tháng,50,"Hải Châu, Đà Nẵng","KÝ TÚC XÁ THU NHỎ GẦN ĐẠI HỌC KIẾN TRÚC, ĐÔNG Á, NGOẠI NGỮ, GẦN CHỢ ĐẦU MỐ - 1.5… 1.55 triệu/tháng 50 m 2 Hải Châu, Đà Nẵng Vị trí : 89 Hồ Nguyên Trừng, Hoà Cường Nam, Hải Châu, Đà Nẵng. . Trọn gói tất tần tật chỉ cần xách balo vào ở. ️‍ Tiện nghi : Phòng sạch sẽ,… 1 tháng trước",https://phongtro123.com/ky-tuc-xa-thu-nho-gan-dai-hoc-kien-truc-dong-a-ngoai-ngu-gan-cho-dau-mo-1-5-trieu-nguoi-baotron-pr662760.html,2026-05-15T11:06:27
phongtro123,CHO THUÊ PHÒNG MỚI XÂY XONG - 0368022331,3.5 triệu/tháng,20,"Liên Chiểu, Đà Nẵng","CHO THUÊ PHÒNG MỚI XÂY XONG - 0368022331 3.5 triệu/tháng 20 m 2 Liên Chiểu, Đà Nẵng CHO THUÊ PHÒNG MỚI XÂY XONG - 0368022331Địa chỉ: Nhà Trọ Lan Hương, 81b Đào Sư Tích, Liên Chiểu, Đà Nẵng 50612Khu vực Hoà Khánh,gần bến xe,kế bên đường… 1 tháng trước",https://phongtro123.com/cho-thue-can-ho-moi-xay-xong-0368022331-hoa-khanh-lien-chieu-da-nang-pr704764.html,2026-05-15T11:06:27
phongtro123,"CHO THUÊ PHÒNG MỚI XÂY CÓ CỬA SỔ VÀ BAN CÔNG, MÁY GIẶT RIÊNG",4.2 triệu/tháng,20,"Hải Châu, Đà Nẵng","CHO THUÊ PHÒNG MỚI XÂY CÓ CỬA SỔ VÀ BAN CÔNG, MÁY GIẶT RIÊNG 4.2 triệu/tháng 20 m 2 Hải Châu, Đà Nẵng CHO THUÊ PHÒNG TIỆN NGHI MỚI XÂY ( 15/4 có phòng )Đường Nguyễn Trác nối dài (K640 Trưng Nữ Vương, Hoà CườngĐà Nẵng.Phòng từ 20-25m2 có ban côngFull… 1 tháng trước",https://phongtro123.com/cho-thue-can-ho-moi-xay-co-cua-so-va-ban-cong-may-giat-rieng-2-pr704718.html,2026-05-15T11:06:27
phongtro123,"Cho thuê phòng số 79 Hoá Sơn 6, Đà Nẵng",3.5 triệu/tháng,15,"Hải Châu, Đà Nẵng","Cho thuê phòng số 79 Hoá Sơn 6, Đà Nẵng 3.5 triệu/tháng 15 m 2 Hải Châu, Đà Nẵng CHO THUÊ PHÒNG NGỦ FULL NỘI THẤT – ĐƯỜNG HÓA SƠN 6, ĐÀ NẴNGNhà đẹp, vào ở ngay – phù hợp gia đình, nhóm bạn hoặc chuyên gia làm việc tại Đà… 1 tháng trước",https://phongtro123.com/cho-thue-can-ho-so-79-hoa-son-6-da-nang-pr702397.html,2026-05-15T11:06:27
phongtro123,"PASS TRỌ GẤP Ạ, DO EM PHẢI VỀ QUÊ Ạ",1.8 triệu/tháng,20,"Liên Chiểu, Đà Nẵng","PASS TRỌ GẤP Ạ, DO EM PHẢI VỀ QUÊ Ạ 1.8 triệu/tháng 20 m 2 Liên Chiểu, Đà Nẵng ️️120/1 Nguyễn Lương Bằng,Liên Chiểu,Đà Nẵng GIÁ 2tr8 mà do mình về quê nên k tiếp tục ở nửa nên mình pass 1tr8 (có thể thương lượng lại) nhé và… 1 tháng trước",https://phongtro123.com/pass-tro-gap-a-do-em-phai-ve-que-a-pr704533.html,2026-05-15T11:06:27
phongtro123,Cho thue phòng trọ - Homestay full nội thất giá sinh viên,2.7 triệu/tháng,18,"Liên Chiểu, Đà Nẵng","Cho thue phòng trọ - Homestay full nội thất giá sinh viên 2.7 triệu/tháng 18 m 2 Liên Chiểu, Đà Nẵng Cho thue phong trọ - Homestay full nội thất, phong thoáng mát co ban công, co giặt giũ miễn phí. Giá từ 2tr5 den 3tr500 1 tháng trước",https://phongtro123.com/cho-thue-phong-tro-homestay-full-noi-that-gia-sinh-vien-pr700456.html,2026-05-15T11:06:31
phongtro123,"Phòng trọ lịch sự, an ninh cho nữ sinh viên, gần chợ Đống Đa, 102 Hải Hồ",1.8 triệu/tháng,16,"Hải Châu, Đà Nẵng","Phòng trọ lịch sự, an ninh cho nữ sinh viên, gần chợ Đống Đa, 102 Hải Hồ 1.8 triệu/tháng 16 m 2 Hải Châu, Đà Nẵng Phòng trọ cho sinh viên nữ thuê. Có toilet riêng, thoáng mát... Có chỗ để xe an toàn, sân trước nhà rộng, camera an ninh. Gần chợ Đống Đa 100m. Yêu cầu: Sạch… 1 tháng trước",https://phongtro123.com/phong-tro-an-ninh-cho-nu-sinh-vien-gan-cho-dong-da-102-hai-ho-pr315119.html,2026-05-15T11:06:31
phongtro123,Cho thuê phòng trong KĐT FPT Đà Nẵng,4 triệu/tháng,25,"Ngũ Hành Sơn, Đà Nẵng","Cho thuê phòng trong KĐT FPT Đà Nẵng 4 triệu/tháng 25 m 2 Ngũ Hành Sơn, Đà Nẵng GÓC CHO THUÊ CĂN HỘMình đang dư căn hộ 1 phòng ngủ tại Khu đô thị công nghệ FPT Đà Nẵng rộng rãi, có ban công thoáng mát – nội thất mới kengTiện… 1 tháng trước",https://phongtro123.com/cho-thue-can-ho-kdt-fpt-da-nang-pr703959.html,2026-05-15T11:06:31
phongtro123,"Cho thuê phòng riêng mới, khép kín, phòng khách + ngủ + bếp +WC giá 3- 3,5 triệu, kiệt rộng 5m",3.5 triệu/tháng,5,"Liên Chiểu, Đà Nẵng","Cho thuê phòng riêng mới, khép kín, phòng khách + ngủ + bếp +WC giá 3- 3,5 triệu, kiệt rộng 5m 3.5 triệu/tháng 29 m 2 Liên Chiểu, Đà Nẵng 0905003433: Cho thuê 2 phòng riêng biệt mới, mỗi phòng có đầy đủ không gian sinh hoạt riêng, phù hợp vợ chồng trẻ, người đi làm, gia đình nhỏ hoặc sinh… 1 tháng trước",https://phongtro123.com/09050033cho-thue-nha-rieng-moi-khep-kin-phong-khach-ngu-bep-wc-gia-3-3-5-trieu-kiet-rong-5m-pr703910.html,2026-05-15T11:06:31
phongtro123,"Cho thuê phòng trọ mới xây, đẹp – Trần Tấn, Liên Chiểu",3 triệu/tháng,25,"Liên Chiểu, Đà Nẵng","Cho thuê phòng trọ mới xây, đẹp – Trần Tấn, Liên Chiểu 3 triệu/tháng 25 m 2 Liên Chiểu, Đà Nẵng Chính chủ cho thuê phòng trọ mới xây, không chung chủ, tại Trần Tấn, quận Liên Chiểu, Đà Nẵng.Khu vực thuận tiện di chuyển đến ĐH Bách Khoa, ĐH Sư… 1 tháng trước",https://phongtro123.com/cho-thue-phong-tro-moi-xay-dep-tran-tan-lien-chieu-pr703083.html,2026-05-15T11:06:31
phongtro123,"Cho thuê phòng đường Núi Thành, Đà Nẵng",4 triệu/tháng,20,"Hải Châu, Đà Nẵng","Cho thuê phòng đường Núi Thành, Đà Nẵng 4 triệu/tháng 20 m 2 Hải Châu, Đà Nẵng Cho thuê phòng mới xây, diện tích 20m2, thiết bị vệ sinh Inax mới 100%, nội thất đầy đủ (điều hoà, nước nóng, tủ lạnh,…).Lối đi riêng, giờ giấc… 1 tháng trước",https://phongtro123.com/cho-thue-phong-duong-nui-thanh-da-nang-pr703020.html,2026-05-15T11:06:31
phongtro123,TRỌ TÔN ĐỨC THẮNG – LIÊN CHIỂU Địa chỉ: 505/1 Tôn Đức Thắng – Phòng số 20.Đầy đủ tiện…,3.5 triệu/tháng,25,"Liên Chiểu, Đà Nẵng","TRỌ TÔN ĐỨC THẮNG – LIÊN CHIỂU Địa chỉ: 505/1 Tôn Đức Thắng – Phòng số 20.Đầy đủ tiện… 3.5 triệu/tháng 25 m 2 Liên Chiểu, Đà Nẵng TRỌ TÔN ĐỨC THẮNG – LIÊN CHIỂU Địa chỉ: 505/1 Tôn Đức Thắng – Phòng số 20.Đầy đủ tiện nghi, có gác lửng – máy giặt, điều hoà, tủ… 2 tháng trước",https://phongtro123.com/tro-ton-duc-thang-lien-chieu-dia-chi-505-1-ton-duc-thang-phong-so-20-day-du-tien-nghi-co-g-pr702921.html,2026-05-15T11:06:31
phongtro123,Cho thuê phòng trọ Nguyễn Phước Nguyên mới xây mới hoàn toàn,3.5 triệu/tháng,18,"Thanh Khê, Đà Nẵng","Cho thuê phòng trọ Nguyễn Phước Nguyên mới xây mới hoàn toàn 3.5 triệu/tháng 18 m 2 Thanh Khê, Đà Nẵng Điện: 4k/kwNước: 50k/ngườiRác :20kPhòng ở thoải mái cho 2 người lớn.Thiết bị mới hoàn toàn.Máy lạnh inverter tiết kiệm điện,máy nước nóng… 2 tháng trước",https://phongtro123.com/cho-thue-can-ho-phong-tro-nguyen-phuoc-nguyen-moi-xay-moi-hoan-toan-pr702943.html,2026-05-15T11:06:31
phongtro123,"Cho thuê phòng trọ gần sân bay, ưu tiên nữ sinh viên duy tân",1.7 triệu/tháng,18,"Hải Châu, Đà Nẵng","Cho thuê phòng trọ gần sân bay, ưu tiên nữ sinh viên duy tân 1.7 triệu/tháng 18 m 2 Hải Châu, Đà Nẵng cho thuê phòng trọ 1 người ở gần sân bay, ưu tiên nữ sinh viên duy tân.Giá chưa gồm điện nước và internet.Gọi số 0792723780 trước khi đến. 2 tháng trước",https://phongtro123.com/cho-thue-phong-tro-gan-san-bay-5-pr702779.html,2026-05-15T11:06:31
phongtro123,"CHO THUÊ PHÒNG TRỌ Khu vực Đại học Kiến trúc, Đông Á, Ngoại Ngữ",3.3 triệu/tháng,20,"Cẩm Lệ, Đà Nẵng","CHO THUÊ PHÒNG TRỌ Khu vực Đại học Kiến trúc, Đông Á, Ngoại Ngữ 3.3 triệu/tháng 20 m 2 Cẩm Lệ, Đà Nẵng Phòng diện tích 20m², có gác lửng, điều hoà, nước nóng, bếp.Có chỗ để xe riêng của phòng, phơi đồ.Khu vực xung quanh rộng rãi, mát mẻ, an ninh.Địa… 2 tháng trước",https://phongtro123.com/cho-thue-phong-tro-khu-vuc-dai-hoc-kien-truc-dong-a-ngoai-ngu-pr702424.html,2026-05-15T11:06:31
phongtro123,Cho thuê phòng trọ giá rẻ khu vực ngay chợ Non Nước,2 triệu/tháng,20,"Ngũ Hành Sơn, Đà Nẵng","Cho thuê phòng trọ giá rẻ khu vực ngay chợ Non Nước 2 triệu/tháng 20 m 2 Ngũ Hành Sơn, Đà Nẵng Cho thuê nhà ngay chợ Non Nước , gần nhiều trường đại học cao đẳng cho các bạn sinh viên như Đại học công nghệ thông tin và truyền thông Việt - Hàn ,… 2 tháng trước",https://phongtro123.com/cho-thue-phong-tro-gia-re-khu-vuc-ngay-cho-non-nuoc-pr593254.html,2026-05-15T11:06:31
phongtro123,Phòng trọ hẻm ngã ba đô quang lê đình lý,3.5 triệu/tháng,30,"Thanh Khê, Đà Nẵng","Phòng trọ hẻm ngã ba đô quang lê đình lý 3.5 triệu/tháng 30 m 2 Thanh Khê, Đà Nẵng Cho thuê phòng trọ k64/H02/26 Lê Đình Lý(gần cuối hẻm cụt), Thanh Khê, Đà Nẵng, gần đại học Duy Tân, chợ Tân LậpPhòng trọ có nhà vệ sinh riêng, điều… 2 tháng trước",https://phongtro123.com/phong-tro-hem-nga-ba-do-quang-le-dinh-ly-pr701858.html,2026-05-15T11:06:31
phongtro123,CHO THUÊ PHÒNG FULL NỘI THẤT GẦN NGÃ BA HUẾ,4 triệu/tháng,30,"Liên Chiểu, Đà Nẵng","CHO THUÊ PHÒNG FULL NỘI THẤT GẦN NGÃ BA HUẾ 4 triệu/tháng 30 m 2 Liên Chiểu, Đà Nẵng CĂN HỘ FULL NỘI THẤT GẦN NGÃ BA HUẾMỚI XÂY 100%---------------------------Vị trí: Hoà Phú 28, Hoà Minh, Liên Chiểu- Gần ĐH Duy Tân, ĐH sư phạm, ĐH FPT,… 3 tháng trước",https://phongtro123.com/cho-thue-can-ho-full-noi-that-gan-nga-ba-hue-pr701723.html,2026-05-15T11:06:31
phongtro123,Cho thuê phòng trọ sơn trà đà nẵng,3.3 triệu/tháng,28,"Sơn Trà, Đà Nẵng","Cho thuê phòng trọ sơn trà đà nẵng 3.3 triệu/tháng 28 m 2 Sơn Trà, Đà Nẵng - Phòng nội thất đầy đủ (giường, nệm, điều hoà, nước nóng lạnh, tủ quần áo, bàn ghế, máy giặt và bếp , khu vực phơi đồ rộng rãi tiện lợi)-… 3 tháng trước",https://phongtro123.com/cho-thue-phong-tro-can-ho-son-tra-da-nang-pr673815.html,2026-05-15T11:06:31
phongtro123,"Phòng trọ độc lập dạng nhà nguyên căn, có sân trước và sân sau riêng",3.1 triệu/tháng,35,"Cẩm Lệ, Đà Nẵng","Phòng trọ độc lập dạng nhà nguyên căn, có sân trước và sân sau riêng 3.1 triệu/tháng 35 m 2 Cẩm Lệ, Đà Nẵng Phòng trọ dạng nhà riêng, rộng thoáng có sân trước, và sân sau để phơi đồ ngoài trời riêng biệt, tránh mất trộm, có gác lửng đúc bê tông, không bao… 3 tháng trước",https://phongtro123.com/phong-tro-doc-lap-tu-do-co-san-truoc-va-san-sau-rieng-pr310998.html,2026-05-15T11:06:31
phongtro123,Cho thuê phòng trọ giá rẻ trong nhà nguyên căn,1.7 triệu/tháng,15.25,"Sơn Trà, Đà Nẵng","Cho thuê phòng trọ giá rẻ trong nhà nguyên căn 1.7 triệu/tháng 15.25 m 2 Sơn Trà, Đà Nẵng Phòng rộng từ 15 - 25 m2 , có cửa sổ thoáng mát , vệ sinh riêng , có giường nệm, bàn ghế tủ áo, quạt điện , có chổ nấu ăngần chơ , gần biển , an… 3 tháng trước",https://phongtro123.com/cho-thue-phong-tro-gia-re-trong-nha-nguyen-can-pr701186.html,2026-05-15T11:06:31
phongtro123,Cho thuê phòng full nội thất trung tâm quận hải châu đường hoàng diệu. Đà nẵng.,4.3 triệu/tháng,35,"Hải Châu, Đà Nẵng","Cho thuê phòng full nội thất trung tâm quận hải châu đường hoàng diệu. Đà nẵng. 4.3 triệu/tháng 35 m 2 Hải Châu, Đà Nẵng CHO THUÊ PHÒNG FULL NỘI THẤT , KHU TRUNG TÂM QUẬN HẢI CHÂU , GẦN CHỢ (20m). VÀ CÁC TRƯỜNG ĐẠI HỌC (500 m-1 km). Địa chỉ: 47 Hoàng Diệu, Hải Châu,… 3 tháng trước",https://phongtro123.com/cho-thue-phong-full-noi-that-trung-tam-quan-hai-chau-duong-hoang-dieu-da-nang-pr701178.html,2026-05-15T11:06:31
phongtro123,"Trung tâm, gần ĐH Kiến Trúc, ĐH ĐÔNG Á, ĐH Ngoại Ngữ",4 triệu/tháng,23,"Hải Châu, Đà Nẵng","Trung tâm, gần ĐH Kiến Trúc, ĐH ĐÔNG Á, ĐH Ngoại Ngữ 4 triệu/tháng 23 m 2 Hải Châu, Đà Nẵng CHO THUÊ PHÒNG TRỌ MỚI – TIỆN NGHI – VỊ TRÍ ĐẸPĐịa chỉ: 386/19 Núi ThànhLiên hệ: 0902 113 867Thông tin phòng:Diện tích: 15m², có gác lửng ⇒ ở… 3 tháng trước",https://phongtro123.com/trung-tam-gan-dh-kien-truc-dh-dong-a-dh-ngoai-ngu-2-pr701115.html,2026-05-15T11:06:31
phongtro123,"CHO THUÊ PHÒNG TRỌ ĐẦY ĐỦ TIỆN NGHI – RỘNG RÃI, THOÁNG MÁT – CHỈ CHO NỮ THUÊ",2 triệu/tháng,35,"Thanh Khê, Đà Nẵng","CHO THUÊ PHÒNG TRỌ ĐẦY ĐỦ TIỆN NGHI – RỘNG RÃI, THOÁNG MÁT – CHỈ CHO NỮ THUÊ 2 triệu/tháng 35 m 2 Thanh Khê, Đà Nẵng CHO THUÊ PHÒNG TRỌ ĐẦY ĐỦ TIỆN NGHI – RỘNG RÃI, THOÁNG MÁT – CHỈ CHO NỮ THUÊ* Địa chỉ: K249/100/4 Hà Huy Tập, Phường An Khê, Quận Thanh Khê, Đà… 3 tháng trước",https://phongtro123.com/cho-thue-phong-tro-day-du-tien-nghi-rong-rai-thoang-mat-chi-cho-nu-thue-thanh-khe-ang-pr701109.html,2026-05-15T11:06:31
phongtro123,"Cho thuê phòng trọ Đường Nguyễn Như Đãi, tổ 21 ,Phường Cẩm Lệ, TP Đà Nẵng.",1 triệu/tháng,22,"Cẩm Lệ, Đà Nẵng","Cho thuê phòng trọ Đường Nguyễn Như Đãi, tổ 21 ,Phường Cẩm Lệ, TP Đà Nẵng. 1 triệu/tháng 22 m 2 Cẩm Lệ, Đà Nẵng Cho thuê phòng trọ Đường Nguyễn Như Đãi, tổ 21, Phường Cẩm Lệ, TP Đà Nẵng.Phòng rộng 22m2, có gác lửngWc riêng, bếp , chỗ rửa chénkhu vực thoáng… 4 tháng trước",https://phongtro123.com/cho-thue-phong-tro-duong-nguyen-nhu-dai-to-21-phuong-cam-le-tp-da-nang-pr686489.html,2026-05-15T11:06:31
phongtro123,"CHO THUÊ PHÒNG TRỌ MỚI XÂY PHƯỜNG LIÊN CHIỂU, TP ĐÀ NẴNG",2.2 triệu/tháng,18,"Liên Chiểu, Đà Nẵng","CHO THUÊ PHÒNG TRỌ MỚI XÂY PHƯỜNG LIÊN CHIỂU, TP ĐÀ NẴNG 2.2 triệu/tháng 18 m 2 Liên Chiểu, Đà Nẵng Phòng trọ có điều hoà, máy nước nóng, có bãi để xephòng mới xâyNgay ngã ba Hồng Phước 3 với Tự ĐứcĐ/C: Đường Hồng Phước 3, Phường Hòa Khánh… 4 tháng trước",https://phongtro123.com/cho-thue-phong-tro-moi-xay-phuong-lien-chieu-tp-da-nang-pr700545.html,2026-05-15T11:06:35
phongtro123,"Phòng trọ giá rẻ, thoáng mát tại Ngũ Hành Sơn - Đà Nẵng",2.2 triệu/tháng,27,"Ngũ Hành Sơn, Đà Nẵng","Phòng trọ giá rẻ, thoáng mát tại Ngũ Hành Sơn - Đà Nẵng 2.2 triệu/tháng 27 m 2 Ngũ Hành Sơn, Đà Nẵng - Vị trí: Nằm trong khu dân cư đông đúc, nhiều tiện ích: gần trường học, khu vui chơi, siêu thị, chợ, bvien, ....- Phòng rộng rãi tầng trệt, có gác lửng,… 4 tháng trước",https://phongtro123.com/phong-tro-gia-re-thoang-mat-tai-ngu-hanh-son-da-nang-pr700527.html,2026-05-15T11:06:35
phongtro123,"Cho thuê phòng trọ khu Hoà Xuân, đường Bùi Công Trừng, Đà Nẵng",2.5 triệu/tháng,30,"Cẩm Lệ, Đà Nẵng","Cho thuê phòng trọ khu Hoà Xuân, đường Bùi Công Trừng, Đà Nẵng 2.5 triệu/tháng 30 m 2 Cẩm Lệ, Đà Nẵng Phòng trọ thoáng mát, sạch sẽ. Khu dân cư an ninh. Chủ chỉ có 1 phòng duy nhất riêng biệt, thoải mái. Có lối đi riêng.Giá 2,500,000Liên hệ 0907819656 hoặc… 4 tháng trước",https://phongtro123.com/cho-thue-phong-tro-khu-hoa-xuan-duong-bui-cong-trung-da-nang-pr700408.html,2026-05-15T11:06:35
phongtro123,Cho thuê phòng tầng 3 trong nhà nguyên căn,3 triệu/tháng,20,"Hải Châu, Đà Nẵng","Cho thuê phòng tầng 3 trong nhà nguyên căn 3 triệu/tháng 20 m 2 Hải Châu, Đà Nẵng Cho thuê phòng tầng 3 nhà nguyên căn trong hẻm đường Lê Đình Dương. Giá 3tr ở được 2 người. Có bếp với nhà vệ sinh riêng. Tầm ngày 18 có thể… 4 tháng trước",https://phongtro123.com/cho-thue-phong-tang-3-trong-nha-nguyen-can-pr700344.html,2026-05-15T11:06:35
phongtro123,PHÒNG MỚI 100% KHU HOÀ XUÂN - 510 MAI CHI THỌ,3.5 triệu/tháng,510,"Cẩm Lệ, Đà Nẵng","PHÒNG MỚI 100% KHU HOÀ XUÂN - 510 MAI CHI THỌ 3.5 triệu/tháng 26 m 2 Cẩm Lệ, Đà Nẵng CĂN HỘ MỚI 100% KHU HOÀ XUÂN -510 MAI CHI THỌGIÁ THUÊ: 3.5 TRIỆUVị trí : Ngay sân vận động Hòa Xuân- Gần chợ Hòa Xuân , trường TH TRần Đại Nghĩa ,… 4 tháng trước",https://phongtro123.com/can-ho-moi-100-khu-hoa-xuan-510-mai-chi-tho-pr700263.html,2026-05-15T11:06:35
phongtro123,Cho thuê phòng trọ phường Hoà Cường (phường Hoà Thuận Tây cũ),2.8 triệu/tháng,20,"Hải Châu, Đà Nẵng","Cho thuê phòng trọ phường Hoà Cường (phường Hoà Thuận Tây cũ) 2.8 triệu/tháng 20 m 2 Hải Châu, Đà Nẵng Cho thuê phòng phường Hoà Cường (Hoà Thuận Tây cũ) 40/18 Nguyễn Hữu Thọ Nhà còn một phòng trống tầng 3, có ban công nhỏ Rộng 20m2, thoáng mát; khu dân cư… 4 tháng trước",https://phongtro123.com/cho-thue-phong-tro-phuong-hoa-cuong-phuong-hoa-thuan-tay-cu-pr700174.html,2026-05-15T11:06:35
phongtro123,Cho thuê phòng tầng 3 gần sân bay ĐN đường Nguyễn Hữu Thọ,3 triệu/tháng,20,"Hải Châu, Đà Nẵng","Cho thuê phòng tầng 3 gần sân bay ĐN đường Nguyễn Hữu Thọ 3 triệu/tháng 20 m 2 Hải Châu, Đà Nẵng Nhà còn một phòng trống tầng 3, có ban công nhỏ Rộng 20m2, thoáng mát; khu dân cư đông đúc; an ninh, ở tại 40/18 Nguyễn Hữu Thọ, trung tâm thành phố gần… 4 tháng trước",https://phongtro123.com/cho-thue-phong-tang-tret-gan-san-bay-dn-duong-nguyen-huu-tho-pr609224.html,2026-05-15T11:06:35
phongtro123,"Cho thuê nhà trọ tại đường Huỳnh Ngọc Đủ, phường Hòa Xuân, thành phố Đà Nẵng, nhà 36m2 và nhà 50m2",4 triệu/tháng,36,"Cẩm Lệ, Đà Nẵng","Cho thuê nhà trọ tại đường Huỳnh Ngọc Đủ, phường Hòa Xuân, thành phố Đà Nẵng, nhà 36m2 và nhà 50m2 4 triệu/tháng 50 m 2 Cẩm Lệ, Đà Nẵng Diện tích nhà 36m2 và nhà 50m2, đầy đủ hệ thống điện, nước, bếp, wc và 01 phòng ngủ, phù hợp với gia đình nhỏ.Giá cho thuê nhà 36m2 là 3,5 triệu, nhà… 4 tháng trước",https://phongtro123.com/cho-thue-nha-tro-tai-duong-huynh-ngoc-du-phuong-hoa-xuan-thanh-pho-da-nang-nha-36m2-va-nha-50m2-pr699604.html,2026-05-15T11:06:35
phongtro123,PHÒNG TRỌ CAO CẤP NGAY VINCOM - FULL NỘI THẤT CHỈ CẦN DỌN VALI VÀO Ờ,4.5 triệu/tháng,40,"Sơn Trà, Đà Nẵng","PHÒNG TRỌ CAO CẤP NGAY VINCOM - FULL NỘI THẤT CHỈ CẦN DỌN VALI VÀO Ờ 4.5 triệu/tháng 40 m 2 Sơn Trà, Đà Nẵng Cho thuê căn hộ rộng 40 m2Full nội thất máy giặt, tủ lạnh, bếp,..., đầy đủ tiện nghiGiá 4.500.000đ/1 thángĐiện 4k/1 chữ, nước 40k/1 ngườiƯu tiên… 4 tháng trước",https://phongtro123.com/phong-tro-cao-cap-ngay-vincom-full-noi-that-chi-can-don-vali-vao-o-pr699387.html,2026-05-15T11:06:35
phongtro123,PHÒNG MẶT TIỀN NHÀ MỚI XÂY CẦN CHO THUÊ,3 triệu/tháng,27,"Ngũ Hành Sơn, Đà Nẵng","PHÒNG MẶT TIỀN NHÀ MỚI XÂY CẦN CHO THUÊ 3 triệu/tháng 27 m 2 Ngũ Hành Sơn, Đà Nẵng Phòng mặt tiền đường kiệt 7m5 rộng rãi, thông thoáng, cần cho thuê. Diện tích sử dụng 27m2Phù hợp với người đi làm, gia đình nhỏ, sinh viên. Tiện ích… 4 tháng trước",https://phongtro123.com/phong-mat-tien-nha-moi-xay-can-cho-thue-pr698860.html,2026-05-15T11:06:35
phongtro123,"CHO THUÊ PHÒNG TRỌ MỚI XÂY, 18M2, KIỆT TRẦN CAO VÂN, THANH KHÊ",3.2 triệu/tháng,18,"Thanh Khê, Đà Nẵng","CHO THUÊ PHÒNG TRỌ MỚI XÂY, 18M2, KIỆT TRẦN CAO VÂN, THANH KHÊ 3.2 triệu/tháng 18 m 2 Thanh Khê, Đà Nẵng CHO THUÊ PHÒNG TRỌ MỚI XÂY, 18M2, KIỆT TRẦN CAO VÂN, THANH KHÊ K291 Trần Cao Vân, Kiệt thông Lê Độ.Phòng mới 100%, sạch đẹp, thoáng mát.Khu dân cư an… 4 tháng trước",https://phongtro123.com/cho-thue-phong-tro-moi-xay-18m2-kiet-tran-cao-van-thanh-khe-pr698833.html,2026-05-15T11:06:35
phongtro123,"GIÁ CHƯA TỪNG CÓ, PHÒNG TRỌ FULL NỘI THẤT CƠ BẢN CÁCH VINCOM 2 PHÚT ĐI XE MÁY",2.7 triệu/tháng,25,"Sơn Trà, Đà Nẵng","GIÁ CHƯA TỪNG CÓ, PHÒNG TRỌ FULL NỘI THẤT CƠ BẢN CÁCH VINCOM 2 PHÚT ĐI XE MÁY 2.7 triệu/tháng 25 m 2 Sơn Trà, Đà Nẵng Phòng full tiện nghi:– Máy lạnh, nước nóng, nội thất cơ bản– Bàn bếp riêng đầy đủ– Thang máy tiện lợi– Sân phơi rộng rãi– Camera an ninh… 5 tháng trước",https://phongtro123.com/gia-chua-tung-co-phong-tro-full-noi-that-co-ban-cach-vincom-2-phut-di-xe-may-pr698650.html,2026-05-15T11:06:35
phongtro123,"Cho thuê phòng mặt tiền của toà nhà căn hộ NYKY APARTMENT, Khu đô thị 1B, Điện Ngọc,Điện Bàn Đông",5 triệu/tháng,40,"Ngũ Hành Sơn, Đà Nẵng","Cho thuê phòng mặt tiền của toà nhà căn hộ NYKY APARTMENT, Khu đô thị 1B, Điện Ngọc,Điện Bàn Đông 5 triệu/tháng 40 m 2 Ngũ Hành Sơn, Đà Nẵng Cần cho thuê phòng mặt tiền toà nhà căn hộ ở khu vực FPT, Ngũ Hành Sơn. Diện tích : 40 m2, nội thất cơ bản.Tiện ích gần đại học FPT, Đại học Việt… 5 tháng trước",https://phongtro123.com/cho-thue-phong-mat-tien-cua-toa-nha-can-ho-nyky-apartment-khu-do-thi-1b-dien-ngoc-dien-ban-dong-pr698061.html,2026-05-15T11:06:35
phongtro123,"Nhà trọ mới xây, cần cho thuê và cần tìm người ở ghép",1.23 triệu/tháng,20,"Ngũ Hành Sơn, Đà Nẵng","Nhà trọ mới xây, cần cho thuê và cần tìm người ở ghép 1.23 triệu/tháng 20 m 2 Ngũ Hành Sơn, Đà Nẵng Nhà trọ mới xây, còn phòng cho thuê hoặc cần người ở ghépNhà trọ thông thoáng, ánh sáng và gió tự nhiên. Khu vực yên tĩnh. Phù hợp cho sinh viên và… 5 tháng trước",https://phongtro123.com/nha-tro-moi-xay-can-cho-thue-va-can-tim-nguoi-o-ghep-pr697743.html,2026-05-15T11:06:35
phongtro123,"Cho thuê phòng trọ tại 139 Ngô Quyền, Sơn Trà, Đà Nẵng",1.5 triệu/tháng,15,"Sơn Trà, Đà Nẵng","Cho thuê phòng trọ tại 139 Ngô Quyền, Sơn Trà, Đà Nẵng 1.5 triệu/tháng 15 m 2 Sơn Trà, Đà Nẵng Phòng rộng, thoáng mát, có sân để xe.Gần trung tâm chỉ cách 5 phút đi xe.An ninh tốt, khu dân trí cao.Địa chỉ: 139 Đường Ngô Quyền, Phường Thọ Quang,… 5 tháng trước",https://phongtro123.com/139-ngo-quyen-cho-thue-phong-tro-3-pr697662.html,2026-05-15T11:06:35
phongtro123,Cho thuê nguyên tầng 3 diện tích 100m2,4.5 triệu/tháng,100,"Liên Chiểu, Đà Nẵng","Cho thuê nguyên tầng 3 diện tích 100m2 4.5 triệu/tháng 100 m 2 Liên Chiểu, Đà Nẵng CHO THUÊ NGUYÊN TẦNG 3 – ĐƯỜNG MÊ LINH (100m²) Vị trí: Đường Mê Linh, khu vực cao ráo không ngập lụt, thuận tiện di chuyển. Diện tích: 100m² – rộng… 5 tháng trước",https://phongtro123.com/cho-thue-nguyen-tang-3-dien-tich-100m2-pr697455.html,2026-05-15T11:06:35
phongtro123,"Cho thuê phòng trọ tại 508 Lê Văn Hiến, Ngũ Hành Sơn, TP. Đà Nẵng",1.5 triệu/tháng,20,"Ngũ Hành Sơn, Đà Nẵng","Cho thuê phòng trọ tại 508 Lê Văn Hiến, Ngũ Hành Sơn, TP. Đà Nẵng 1.5 triệu/tháng 20 m 2 Ngũ Hành Sơn, Đà Nẵng Phòng trọ cho thuê tvới diện tích 20m².- Phòng trọ có 1 phòng ngủ và 1 toilet. Cho từ 1 đến 2 người ở.- Giá thuê chỉ 1,5 triệu VND mỗi tháng.- Phòng… 5 tháng trước",https://phongtro123.com/cho-thue-phong-tro-tai-508-le-van-hien-ngu-hanh-son-tp-da-nang-pr697231.html,2026-05-15T11:06:35
phongtro123,Phòng sạch có điều hòa - wc riêng - tắm riêng - bếp riêng - nhà xe riêng,1.6 triệu/tháng,21,"Cẩm Lệ, Đà Nẵng","Phòng sạch có điều hòa - wc riêng - tắm riêng - bếp riêng - nhà xe riêng 1.6 triệu/tháng 21 m 2 Cẩm Lệ, Đà Nẵng Phòng sạch có điều hòa - wc riêng - tắm riêng - bếp riêng - nhà xe riêngĐ/C: 43 Đường Nguyễn Đình Tứ, Phường Hòa An, Quận Cẩm Lệ, Đà NẵngGiá thuê:… 5 tháng trước",https://phongtro123.com/phong-sach-co-dieu-hoa-wc-rieng-tam-rieng-bep-rieng-nha-xe-rieng-pr687941.html,2026-05-15T11:06:35
phongtro123,"Cho thuê phòng trọ mới 100% tại Phan Thao, khu vực Hòa Xuân",3.5 triệu/tháng,22,"Cẩm Lệ, Đà Nẵng","Cho thuê phòng trọ mới 100% tại Phan Thao, khu vực Hòa Xuân 3.5 triệu/tháng 22 m 2 Cẩm Lệ, Đà Nẵng Cho thuê phòng trọ mới 100%, đường 10m5 Phan Thao, khu vực Hòa Xuân.- Đầy đủ nội thất: Điều hòa, bếp, máy nóng lạnh. Có máy giặt, máy sáy (dùng chung)-… 6 tháng trước",https://phongtro123.com/cho-thue-phong-tro-moi-100-tai-phan-thao-khu-vuc-hoa-xuan-2-pr696517.html,2026-05-15T11:06:35
phongtro123,Cho thuê phòng sát đường 2/9 Quận Hải Châu,3.4 triệu/tháng,23,"Hải Châu, Đà Nẵng","Cho thuê phòng sát đường 2/9 Quận Hải Châu 3.4 triệu/tháng 23 m 2 Hải Châu, Đà Nẵng HP House Tưng bừng Khai trương ( 15/11/2025) Tòa nhà mới All New 100% Tất cả các phòng đều có 02 Cửa sổ và ốp đá toàn bộ… 6 tháng trước",https://phongtro123.com/cho-thue-phong-sat-duong-2-9-quan-hai-chau-pr696049.html,2026-05-15T11:06:35
phongtro123,Phòng cho nhóm 4 bạn nữ. Thuê lâu dài,2.5 triệu/tháng,30,"Sơn Trà, Đà Nẵng","Phòng cho nhóm 4 bạn nữ. Thuê lâu dài 2.5 triệu/tháng 30 m 2 Sơn Trà, Đà Nẵng Phòng khách sạn, thích hợp cho 4 bạn nữ. Đầy đủ nội thất, có thể vào ở ngay.Giá thuê: 2,5 triệu/1 người/1 tháng 6 tháng trước",https://phongtro123.com/phong-cho-nhom-4-ban-nu-thue-lau-dai-pr695661.html,2026-05-15T11:06:39
phongtro123,"PASS phòng trọ full nội thất (HĐ còn 3 tháng, có thể gia hạn)",5 triệu/tháng,50,"Cẩm Lệ, Đà Nẵng","PASS phòng trọ full nội thất (HĐ còn 3 tháng, có thể gia hạn) 5 triệu/tháng 50 m 2 Cẩm Lệ, Đà Nẵng Do thay đổi công việc, mình cần nhượng gấp phòng trọ siêu đẹp tại vị trí cực thuận tiện.Phòng ở tầng 1 riêng biệt, không chung chủ, sạch sẽ –… 6 tháng trước",https://phongtro123.com/pass-phong-tro-can-ho-full-noi-that-hd-con-3-thang-co-the-gia-han-pr695479.html,2026-05-15T11:06:39
phongtro123,CHO THUÊ PHÒNG TRỌ SINH VIÊN GIÁ RẺ 2.5TR/THÁNG,2.5 triệu/tháng,40,"Cẩm Lệ, Đà Nẵng","CHO THUÊ PHÒNG TRỌ SINH VIÊN GIÁ RẺ 2.5TR/THÁNG 2.5 triệu/tháng 40 m 2 Cẩm Lệ, Đà Nẵng PHÒNG TRỌ MỚI XÂYDT: 40M2CÓ GÁC LỬNGCÓ KHU NẤU ĂN RIÊNGĐ/C: 178 Đường Kiều Phụng, Phường Hòa Xuân, Quận Cẩm Lệ, Đà NẵngGiá: 2tr5/tháng 6 tháng trước",https://phongtro123.com/cho-thuephong-tro-sinh-vien-gia-re-2-5tr-thang-pr695000.html,2026-05-15T11:06:39
phongtro123,"Phòng trọ tại 8x Nguyễn Lộ Trạch, 4,5 triệu, 20m2, view đẹp",4.5 triệu/tháng,20,"Hải Châu, Đà Nẵng","Phòng trọ tại 8x Nguyễn Lộ Trạch, 4,5 triệu, 20m2, view đẹp 4.5 triệu/tháng 20 m 2 Hải Châu, Đà Nẵng Phòng trọ cho thuê tại 8x Nguyễn Lộ Trạch, p Hòa Cường Nam, Q.Hải Châu, Đà Nẵng là lựa chọn lý tưởng cho những ai tìm kiếm không gian sống tiện nghi và… 6 tháng trước",https://phongtro123.com/phong-tro-tai-8x-nguyen-lo-trach-4-5-trieu-20m2-view-dep-pr694543.html,2026-05-15T11:06:39
phongtro123,"Nhà trọ mới xây, cần cho thuê lâu dài ngay Lê Văn Hiến, quận Ngũ Hành Sơn, ĐN",1.23 triệu/tháng,20,"Ngũ Hành Sơn, Đà Nẵng","Nhà trọ mới xây, cần cho thuê lâu dài ngay Lê Văn Hiến, quận Ngũ Hành Sơn, ĐN 1.23 triệu/tháng 20 m 2 Ngũ Hành Sơn, Đà Nẵng Còn 1 phòng trọ mới xây cần cho thuê.Thông thoáng, ánh sáng và gió tự nhiên.Yên tĩnh cho sinh viên và người đi làm.Đ/C: K420/54 Đường Lê Văn Hiến,… 6 tháng trước",https://phongtro123.com/nha-tro-moi-xay-can-cho-thue-lau-dai-pr694347.html,2026-05-15T11:06:39
phongtro123,Cho thuê phòng trọ ( Nữ). Cách trường Duy Tân khoảng 150m,1.3 triệu/tháng,150,"Thanh Khê, Đà Nẵng","Cho thuê phòng trọ ( Nữ). Cách trường Duy Tân khoảng 150m 1.3 triệu/tháng 12 m 2 Thanh Khê, Đà Nẵng Cho thuê phòng trọ cách trường Duy Tân khoảng 150mGần chợ, siêu thị, ga, sân bay.Khu vực an ninh, yên tĩnh phù hợp cho sinh viênDT: 12m2Giá thuê:… 7 tháng trước",https://phongtro123.com/cho-thue-phong-tro-nu-cach-truong-duy-tan-khoang-150m-pr651896.html,2026-05-15T11:06:39
phongtro123,"Cho thuê phòng trọ tại Hồ Xuân Hương, Ngũ Hành Sơn, Đà Nẵng, giá ưu đãi chỉ với 2,4 triệu VND",2.4 triệu/tháng,20,"Ngũ Hành Sơn, Đà Nẵng","Cho thuê phòng trọ tại Hồ Xuân Hương, Ngũ Hành Sơn, Đà Nẵng, giá ưu đãi chỉ với 2,4 triệu VND 2.4 triệu/tháng 20 m 2 Ngũ Hành Sơn, Đà Nẵng - Cho thuê phòng trọ thoáng mát , có đầy đủ công trình phụ khép kín trong phòng , nhà 2 mặt tiền.- Vị trí: ngay đường Hồ Xuân Hương giao nhau với… 7 tháng trước",https://phongtro123.com/cho-thue-nha-tro-tai-ho-xuan-huong-ngu-hanh-son-da-nang-gia-uu-dai-chi-voi-2-5-trieu-vnd-pr682599.html,2026-05-15T11:06:39
phongtro123,CHO THUÊ PHÒNG 87 NGUYỄN LỘ TRẠCH - HÒA CƯỜNG - ĐÀ NẴNG,4.8 triệu/tháng,25,"Hải Châu, Đà Nẵng","CHO THUÊ PHÒNG 87 NGUYỄN LỘ TRẠCH - HÒA CƯỜNG - ĐÀ NẴNG 4.8 triệu/tháng 25 m 2 Hải Châu, Đà Nẵng Căn hộ Danasun – Không gian sống hiện đại ngay trung tâm Đà NẵngĐịa chỉ: 87 Nguyễn Lộ Trạch, phường Hòa Cường, Đà Nẵng (đối diện tháp đôi Masteris… 7 tháng trước",https://phongtro123.com/cho-thue-can-ho-mini-87-nguyen-lo-trach-hoa-cuong-da-nang-pr692987.html,2026-05-15T11:06:39
phongtro123,"PHÒNG FULL NỘI THẤT GẦN ĐẠI HỌC FPT, VIỆT HÀN, Y DƯỢC…",4.5 triệu/tháng,35,"Ngũ Hành Sơn, Đà Nẵng","PHÒNG FULL NỘI THẤT GẦN ĐẠI HỌC FPT, VIỆT HÀN, Y DƯỢC… 4.5 triệu/tháng 35 m 2 Ngũ Hành Sơn, Đà Nẵng PHÒNG FULL NỘI THẤT GẦN ĐẠI HỌC FPT, VIỆT HÀN, Y DƯỢC…- Full nội thất- Máy giặt riêng- Cửa sổ thoáng- Không chung chủ, giờ giấc tự doGiá chỉ… 7 tháng trước",https://phongtro123.com/can-ho-full-noi-that-gan-dai-hoc-fpt-viet-han-y-duoc-2-pr692703.html,2026-05-15T11:06:39
phongtro123,"Phòng trọ mới xây cho nữ, gần trung tâm thành phố Đà Nẵng",1 triệu/tháng,50,"Liên Chiểu, Đà Nẵng","Phòng trọ mới xây cho nữ, gần trung tâm thành phố Đà Nẵng 1 triệu/tháng 50 m 2 Liên Chiểu, Đà Nẵng Cho thuê phòng trọ mới xây, sạch sẽ và an toàn, chỉ dành cho nữ.Vị trí thuận tiện gần trung tâm thành phố Đà Nẵng, dễ dàng di chuyển đến các trường… 7 tháng trước",https://phongtro123.com/phong-tro-moi-xay-cho-nu-gan-trung-tam-thanh-pho-da-nang-pr692567.html,2026-05-15T11:06:39
phongtro123,"Cho thuê phòng tại 08 dương bích liên, quận Thanh Khê, ĐN",3 triệu/tháng,15,"Thanh Khê, Đà Nẵng","Cho thuê phòng tại 08 dương bích liên, quận Thanh Khê, ĐN 3 triệu/tháng 15 m 2 Thanh Khê, Đà Nẵng cần cho thuê phòng tại 08 dương bích liên.Giá 3.000.000vnd/thángĐiện 3,7k/chữ.Nươc;50k/tháng.Phí sinh hoạt 50k/tháng 7 tháng trước",https://phongtro123.com/cho-thue-phong-tai-08-duong-bich-lien-pr692455.html,2026-05-15T11:06:39
phongtro123,Phòng giá rẻ ngũ hành sơn có gác lửng,3.8 triệu/tháng,30,"Ngũ Hành Sơn, Đà Nẵng","Phòng giá rẻ ngũ hành sơn có gác lửng 3.8 triệu/tháng 30 m 2 Ngũ Hành Sơn, Đà Nẵng Địa chỉ : Đường k20 có gác lửng- Giá 3,8tr- Tầng 3-4 thang bộ- Ngay bệnh viện 600 giường- Điện 3k8, nước 50k/người, wifi 50k/phòng , Máy giặt chung… 7 tháng trước",https://phongtro123.com/can-ho-gia-re-ngu-hanh-son-co-gac-lung-pr692131.html,2026-05-15T11:06:39
phongtro123,"Phòng trọ lớn (nhà cấp 4 nhỏ), 25m2, không ngập lụt, an ninh tốt, đường vào rộng",2.3 triệu/tháng,25,"Liên Chiểu, Đà Nẵng","Phòng trọ lớn (nhà cấp 4 nhỏ), 25m2, không ngập lụt, an ninh tốt, đường vào rộng 2.3 triệu/tháng 25 m 2 Liên Chiểu, Đà Nẵng Nhà mình có 1 phòng trọ rộng (nhà cấp 4 nhỏ) cần cho thuêThông tin cụ thể:- Phòng rộng 25m2, tại K207/31 PHạm Như Xương, phường Hòa Khánh, TP. Đà Nẵng… 8 tháng trước",https://phongtro123.com/phong-tro-lon-nha-cap-4-nho-25m2-khong-ngap-lut-an-ninh-tot-duong-vao-rong-2-pr691266.html,2026-05-15T11:06:39
phongtro123,Do mình có việc về quê - Cần nhượng gấp phòng trọ,2.8 triệu/tháng,28,"Liên Chiểu, Đà Nẵng","Do mình có việc về quê - Cần nhượng gấp phòng trọ 2.8 triệu/tháng 28 m 2 Liên Chiểu, Đà Nẵng Mình cần nhượng gấp phòng trọ, hợp đồng còn hơn 1 tháng, tháng này đến ở không phải đóng phíphòng rộng rãi, có ban công thoáng mát, nhà vệ sinh… 9 tháng trước",https://phongtro123.com/do-minh-co-viec-ve-que-can-nhuong-gap-phong-tro-pr689203.html,2026-05-15T11:06:39
phongtro123,Cho thuê phòng trọ xây mới ( nhận phòng sau 1 tuần),4 triệu/tháng,20,"Cẩm Lệ, Đà Nẵng","Cho thuê phòng trọ xây mới ( nhận phòng sau 1 tuần) 4 triệu/tháng 20 m 2 Cẩm Lệ, Đà Nẵng Nhà trọ mới xây có ban công riêng, sân phơi riêng, điều hòa, máy nước nóng gián tiếp, bếp điện âm, máy giặt.Nhà mặt tiền đường 7,5m , đèn đường… 9 tháng trước",https://phongtro123.com/cho-thue-phong-tro-xay-moi-nhan-phong-sau-1-tuan-pr689105.html,2026-05-15T11:06:39
phongtro123,Cho thuê phòng trọ tại đà Nẵng,,15,"Hải Châu, Đà Nẵng","Cho thuê phòng trọ tại đà Nẵng 100.000 đồng/tháng 15 m 2 Hải Châu, Đà Nẵng Cho thuê phòng trọ tại đà Nẵng liên hệ không chín không năm ba ba không hai một bảy 9 tháng trước",https://phongtro123.com/cho-thue-phong-tro-tai-da-nang-pr688188.html,2026-05-15T11:06:39
phongtro123,"Cho thuê phòng trọ, có 2 phòng liền kề, trung tâm thành phố, gần chợ và trường học",2 triệu/tháng,20,"Hải Châu, Đà Nẵng","Cho thuê phòng trọ, có 2 phòng liền kề, trung tâm thành phố, gần chợ và trường học 2 triệu/tháng 20 m 2 Hải Châu, Đà Nẵng Cho thuê phòng trọ, có 2 phòng liền kề, trung tâm thành phố,- Hướng Tây.- Gần trường đại học Sư Phạm Công Nghệ, chợ Đống Đa.- DT 30m2Giá cho thuê:… 10 tháng trước",https://phongtro123.com/cho-thue-phong-tro-co-2-phong-lien-ke-trung-tam-thanh-pho-gan-cho-va-truong-hoc-pr686158.html,2026-05-15T11:06:39
phongtro123,CHO THUÊ PHÒNG TRỌ - GẦN BỆNH VIỆN TÂM TRÍ - GIÁ HỢP LÝ,4 triệu/tháng,30,"Cẩm Lệ, Đà Nẵng","CHO THUÊ PHÒNG TRỌ - GẦN BỆNH VIỆN TÂM TRÍ - GIÁ HỢP LÝ 4 triệu/tháng 30 m 2 Cẩm Lệ, Đà Nẵng Thông tin phòng:Địa chỉ: Đường CMT8 , Cẩm Lệ, Đà Nẵng (cách 3 phút bệnh viện Tâm Trí)Diện tích: ~ 30m²Phòng ở tầng 2, cầu thang chungKhông nội… 10 tháng trước",https://phongtro123.com/cho-thue-phong-tro-gan-benh-vien-tam-tri-gia-hop-ly-pr685962.html,2026-05-15T11:06:39
phongtro123,Gia đình có 03 phòng ở cho thuê,3.5 triệu/tháng,22,"Sơn Trà, Đà Nẵng","Gia đình có 03 phòng ở cho thuê 3.5 triệu/tháng 22 m 2 Sơn Trà, Đà Nẵng 1. Khu vực ở trung tâm Quạn Sơn Trà. gần chợ Anh Hải Đông (cách chợ 200m), gần bênh viện, khu cầu rồng. Bãi biển T20...2. Thuận lợi trong việc đi học… 10 tháng trước",https://phongtro123.com/gia-dinh-co-03-phong-o-cho-thue-pr685924.html,2026-05-15T11:06:39
phongtro123,CHO THUÊ PHÒNG TRỌ – THANH KHÊ – ĐÀ NẴNG,3 triệu/tháng,15,"Thanh Khê, Đà Nẵng","CHO THUÊ PHÒNG TRỌ – THANH KHÊ – ĐÀ NẴNG 3 triệu/tháng 15 m 2 Thanh Khê, Đà Nẵng Địa chỉ: Phú Xuân 8, Thanh Khê Tây, Thanh Khê, TP. Đà NẵngGiá thuê: 3 triệu/tháng (Ưu tiên ở từ 1–2 người)Vị trí thuận tiện:️ Gần FPT Polytechnic,… 10 tháng trước",https://phongtro123.com/cho-thue-phong-tro-thanh-khe-da-nang-pr685736.html,2026-05-15T11:06:39
phongtro123,CHO THUÊ TẦNG 1 TRONG BIỆT THỰ MINI (60m2) LIÊN CHIỂU,4.6 triệu/tháng,60,"Liên Chiểu, Đà Nẵng","CHO THUÊ TẦNG 1 TRONG BIỆT THỰ MINI (60m2) LIÊN CHIỂU 4.6 triệu/tháng 60 m 2 Liên Chiểu, Đà Nẵng CHO THUÊ TẦNG 1 TRONG BIỆT THỰ MINI (60m2) LIÊN CHIỂU5 triệu/ tháng, có phòng ngủ riêng xịn sò(Thanh toán từng tháng, cọc 1 tháng)Giảm 200k mỗi tháng cho… 10 tháng trước",https://phongtro123.com/cho-thue-tang-1-biet-thu-mini-60m2-lien-chieu-pr685313.html,2026-05-15T11:06:43
phongtro123,"Nhà trọ giá rẻ, sạch sẽ, an ninh, gần chợ, trường học, bệnh viện, ....",1 triệu/tháng,25,"Hải Châu, Đà Nẵng","Nhà trọ giá rẻ, sạch sẽ, an ninh, gần chợ, trường học, bệnh viện, .... 1 triệu/tháng 25 m 2 Hải Châu, Đà Nẵng Nhà trọ sạch sẽ, 25m2, khu vệ sinh riêng, bếp riêng, có khu vực để xe, phơi đồGần trường học, bệnh viện, chợSĐT: 0972.377.195 (Cô hương)địa chỉ:… 10 tháng trước",https://phongtro123.com/nha-tro-gia-re-sach-se-an-ninh-gan-cho-truong-hoc-benh-vien-pr639776.html,2026-05-15T11:06:43
phongtro123,CHO THUÊ PHÒNG CÓ CỬA SỔ CÂY XANH RẤT ĐẸP NGAY ĐẦU CẦU RỒNG GIÁ 3 TRIỆU,3 triệu/tháng,18,"Sơn Trà, Đà Nẵng","CHO THUÊ PHÒNG CÓ CỬA SỔ CÂY XANH RẤT ĐẸP NGAY ĐẦU CẦU RỒNG GIÁ 3 TRIỆU 3 triệu/tháng 18 m 2 Sơn Trà, Đà Nẵng CHO THUÊ PHÒNG CÓ CỬA SỔ CÂY XANH RẤT ĐẸP NGAY ĐẦU CẦU RỒNG GIÁ 3 TRIỆU- Cho 1 hoặc 2 BẠN NỮ thuê phòng nằm ở trung tâm thành phố Đà Nẵng. Gần chợ,… 10 tháng trước",https://phongtro123.com/cho-thue-phong-co-cua-so-cay-xanh-rat-dep-ngay-dau-cau-rong-gia-3-trieu-pr685088.html,2026-05-15T11:06:43
phongtro123,Cho thuê phòng trọ nữ tại đà nẵng,,15,"Hải Châu, Đà Nẵng","Cho thuê phòng trọ nữ tại đà nẵng 100.000 đồng/tháng 15 m 2 Hải Châu, Đà Nẵng Cho thuê phòng trọ nữ tại đà nẵng liên hệ sdt không chín không năm ba ba không hai một bảy 11 tháng trước",https://phongtro123.com/cho-thue-phong-tro-nu-tai-da-nang-pr684221.html,2026-05-15T11:06:43
phongtro123,PHÒNG TRỌ GIÁ TỐT GẦN VINCOM KHU DÂN CƯ YÊN TĨNH,2.5 triệu/tháng,25,"Sơn Trà, Đà Nẵng","PHÒNG TRỌ GIÁ TỐT GẦN VINCOM KHU DÂN CƯ YÊN TĨNH 2.5 triệu/tháng 25 m 2 Sơn Trà, Đà Nẵng PHÒNG TRỌ GIÁ TỐT - KHÔNG THỂ TÌM Ở ĐÂU HỢP LÝ HƠN!Ưu tiên cho các bạn đi làm, sinh viên, ở một mình cần không gian riêng tư, yên tĩnh. Phòng full… 11 tháng trước",https://phongtro123.com/phong-tro-gia-tot-gan-vincom-khu-dan-cu-yen-tinh-pr683246.html,2026-05-15T11:06:43
phongtro123,Cho Thuê Phòng Trọ ở được 3-4 người,2.5 triệu/tháng,25,"Liên Chiểu, Đà Nẵng","Cho Thuê Phòng Trọ ở được 3-4 người 2.5 triệu/tháng 25 m 2 Liên Chiểu, Đà Nẵng Cho thuê phòng 25m có gác lững, nhà vệ sinh khép kín, điều hòa, máy nóng lạnhLối đi riêng biệt, không chung với chủ.Khu vực an ninh tốt , sạch sẽ thoáng… 11 tháng trước",https://phongtro123.com/cho-thue-phong-tro-o-duoc-3-4-nguoi-3-pr645156.html,2026-05-15T11:06:43
phongtro123,"LucKy Homestsay quận Hải Châu Tp Đà Nẵng, cho thuê phòng ở theo tháng",2.5 triệu/tháng,16,"Hải Châu, Đà Nẵng","LucKy Homestsay quận Hải Châu Tp Đà Nẵng, cho thuê phòng ở theo tháng 2.5 triệu/tháng 16 m 2 Hải Châu, Đà Nẵng Cho thuê phòng ở theo tháng, phòng ở rộng rãi, khu vực an ninh tốt, thoáng mát, yên tĩnh giữa lòng TP.Nội thất đầy đủ: điều hoà, quạt điện, nước nóng… 11 tháng trước",https://phongtro123.com/lucky-homestsay-quan-hai-chau-tp-da-nang-cho-thue-phong-o-theo-thang-pr682727.html,2026-05-15T11:06:43
phongtro123,CHO THUÊ PHÒNG TRỌ GẦN LÀNG ĐẠI HỌC ĐÀ NẴNG – KIỆT LƯU QUANG VŨ,1.5 triệu/tháng,20,"Ngũ Hành Sơn, Đà Nẵng","CHO THUÊ PHÒNG TRỌ GẦN LÀNG ĐẠI HỌC ĐÀ NẴNG – KIỆT LƯU QUANG VŨ 1.5 triệu/tháng 20 m 2 Ngũ Hành Sơn, Đà Nẵng CHO THUÊ PHÒNG TRỌ GẦN LÀNG ĐẠI HỌC ĐÀ NẴNG – KIỆT LƯU QUANG VŨGiá thuê: Chỉ 1.500.000đ/thángĐịa chỉ: Kiệt Lưu Quang Vũ, gần Làng Đại học Đà… 11 tháng trước",https://phongtro123.com/cho-thue-phong-tro-gan-lang-dai-hoc-da-nang-kiet-luu-quang-vu-pr681892.html,2026-05-15T11:06:43
phongtro123,"Phòng trọ cao cấp mới xây, đầy đủ tiện nghi tại Cẩm Lệ, Đà Nẵng",2.5 triệu/tháng,18,"Cẩm Lệ, Đà Nẵng","Phòng trọ cao cấp mới xây, đầy đủ tiện nghi tại Cẩm Lệ, Đà Nẵng 2.5 triệu/tháng 18 m 2 Cẩm Lệ, Đà Nẵng Phòng trọ cao cấp,đầy đủ tiện nghi:-Máy lạnh-Nước nóng lạnh-Máy giặt-Tủ quần áo-Nệm-Wifi free,camera an ninh-Sân đỗ xe rộng 50m2 mái… 11 tháng trước",https://phongtro123.com/phong-tro-cao-cap-moi-xay-day-du-tien-nghi-2-pr681795.html,2026-05-15T11:06:43
phongtro123,Còn phòng trống tại 08 đinh nhật tân - hòa an - cẩm lệ - đà nẵng,1.5 triệu/tháng,20,"Cẩm Lệ, Đà Nẵng","Còn phòng trống tại 08 đinh nhật tân - hòa an - cẩm lệ - đà nẵng 1.5 triệu/tháng 20 m 2 Cẩm Lệ, Đà Nẵng Còn 1 phòng trống có gác lửng tại 08 đinh nhật tân . Anh/ chị /em có nhu cầu thuê liên hệ Ms Bé : 0948554645- 0906.494.132 Giá 1,5 triệu/ thángĐiện dùng tính… 1 năm trước",https://phongtro123.com/con-phong-trong-tai-08-dinh-nhat-tan-hoa-an-cam-le-da-nang-pr680908.html,2026-05-15T11:06:43
phongtro123,Phòng trọ giá rẻ gần trường đại học kiến trúc và đông á cách 2 phút đi bộ,3.2 triệu/tháng,34,"Hải Châu, Đà Nẵng","Phòng trọ giá rẻ gần trường đại học kiến trúc và đông á cách 2 phút đi bộ 3.2 triệu/tháng 34 m 2 Hải Châu, Đà Nẵng Hiện tại mình còn phòng như sau:+ Năm trục đường núi thành cách trường đại học Kiến Trúc và Đông Á chỉ2 phút đi bộ.+* Khu dân trí cao, yên tĩnh… 1 năm trước",https://phongtro123.com/phong-tro-gia-re-gan-truong-dai-hoc-kien-truc-va-dong-a-cach-2-phut-di-bo-pr680794.html,2026-05-15T11:06:43
phongtro123,"Cho thuê phòng trọ mới sạch sẽ có điều hòa, ưu tiên nam! giá 2,5 triệu , có bếp , tolel ngoài!",2.5 triệu/tháng,30,"Liên Chiểu, Đà Nẵng","Cho thuê phòng trọ mới sạch sẽ có điều hòa, ưu tiên nam! giá 2,5 triệu , có bếp , tolel ngoài! 2.5 triệu/tháng 30 m 2 Liên Chiểu, Đà Nẵng Phòng mới có điều hòa, có bếp , tolet ngoài, có sân để xediện tích phòng ngủ 15mcó wifi, điện nước đầy đủPhòng ở 2 người, ưu tiên nam sinh viên! 1 năm trước",https://phongtro123.com/cho-thue-phong-tro-moi-sach-se-co-dieu-hoa-uu-tien-nam-gia-2-5-trieu-co-bep-tolel-ngoai-pr680765.html,2026-05-15T11:06:43
phongtro123,4 PHÒNG LƯU TRÚ RỘNG RÃI - RIÊNG TƯ,4 triệu/tháng,35,"Cẩm Lệ, Đà Nẵng","4 PHÒNG LƯU TRÚ RỘNG RÃI - RIÊNG TƯ 4 triệu/tháng 35 m 2 Cẩm Lệ, Đà Nẵng Cho thuê mới 4 phòng tại 55 Tôn Thất Thuyết, Quận Cam, Cẩm Lệ.Phòng 35m2 có điều hoà, sàn gỗ, WC kính lộ hàng, máy nước nóng, tất cả phòng đều có ban… 1 năm trước",https://phongtro123.com/4-phong-luu-tru-rong-rai-rieng-tu-pr680755.html,2026-05-15T11:06:43
phongtro123,"Cho thuê phòng trọ đầy đủ tiện nghi, rộng, thoáng mát tại K249/100/4 Hà Huy Tập, Phường An Khê,…",2 triệu/tháng,25,"Thanh Khê, Đà Nẵng","Cho thuê phòng trọ đầy đủ tiện nghi, rộng, thoáng mát tại K249/100/4 Hà Huy Tập, Phường An Khê,… 2 triệu/tháng 25 m 2 Thanh Khê, Đà Nẵng Cho thuê phòng trọ đầy đủ tiện nghi, rộng, thoáng mát tại K249/100/4 Hà Huy Tập, Thanh Khê, Đà NẵngPhòng trọ 20 mét vuông có phòng toalet , bếp riêngcó… 1 năm trước",https://phongtro123.com/cho-thue-phong-tro-day-du-tien-nghi-rong-thoang-mat-pr665332.html,2026-05-15T11:06:43
phongtro123,"PASS PHÒNG TRỌ - 126 Thành Vinh 10, Hòa Khánh Bắc, Q. Liên Chiểu, Đà Nẵng",2.8 triệu/tháng,28,"Liên Chiểu, Đà Nẵng","PASS PHÒNG TRỌ - 126 Thành Vinh 10, Hòa Khánh Bắc, Q. Liên Chiểu, Đà Nẵng 2.8 triệu/tháng 28 m 2 Liên Chiểu, Đà Nẵng [PASS PHÒNG TRỌ] - 126 Thành Vinh 10, Hòa Khánh Bắc, Q. Liên Chiểu, ĐNĐịa chỉ: 126 Thành Vinh 10, Hòa Khánh Bắc, Q. Liên Chiểu, ĐN* Giá phòng:… 1 năm trước",https://phongtro123.com/pass-phong-tro-126-thanh-vinh10-hoa-khanh-bac-q-lien-chieu-da-nang-pr679846.html,2026-05-15T11:06:43
phongtro123,Khai Trương Căn Hộ Sát Biển Mới 100% Full Nội Thất,4.5 triệu/tháng,40,"Ngũ Hành Sơn, Đà Nẵng","Khai Trương Căn Hộ Sát Biển Mới 100% Full Nội Thất 4.5 triệu/tháng 40 m 2 Ngũ Hành Sơn, Đà Nẵng TƯNG BỪNG KHAI TRƯƠNG ️ Khai Trương 11P Studio Bancol Full Nội Thất!! Kế Bên Đại Học FPT, Việt Hàn,…Trà Khê - Khu FPT- Trống sẵn, nội thất đầy… 1 năm trước",https://phongtro123.com/khai-truong-can-ho-sat-bien-moi-100-full-noi-that-pr679672.html,2026-05-15T11:06:43
phongtro123,"Cho thuê trọ giá 900k, 84 Nguyễn Chánh, Liên Chiểu, Đà Nẵng",,16,"Liên Chiểu, Đà Nẵng","Cho thuê trọ giá 900k, 84 Nguyễn Chánh, Liên Chiểu, Đà Nẵng 900.000 đồng/tháng 16 m 2 Liên Chiểu, Đà Nẵng Địa chỉ 84 Nguyễn Chánh, Liên Chiểu, Đà NẵngGiá 900k/1 phòng 16m2.Thoáng không nằm trong kiệt hẻm.Ra vô thỏa mái không gò bó thời gian.Liên hệ: Không… 1 năm trước",https://phongtro123.com/thue-tro-800k-84-nguyen-chanh-lien-chieu-da-nang-pr650264.html,2026-05-15T11:06:43
phongtro123,"Cho thuê phòng trọ mới xây đẹp, có các nội thất cơ bản",3.2 triệu/tháng,25,"Ngũ Hành Sơn, Đà Nẵng","Cho thuê phòng trọ mới xây đẹp, có các nội thất cơ bản 3.2 triệu/tháng 25 m 2 Ngũ Hành Sơn, Đà Nẵng Cho thuê phòng trọ cao cấp mới xây, nhà mới xây đang hoàn thiện 1 tuần nữa có thể vào ở đc.Phòng mới đẹp, có đầy đủ nội thất cơ bản: máy lạnh,… 1 năm trước",https://phongtro123.com/cho-thue-phong-tro-moi-xay-dep-co-cac-noi-that-co-ban-pr679403.html,2026-05-15T11:06:43
phongtro123,** LƯU TRÚ SLEEP BOX - PHÒNG MÁY LẠNH GIÁ RẺ 950K/THÁNG** (Giảm 30% khi đăng ký sớm) TRỌN GÓI A,,30,"Hải Châu, Đà Nẵng","** LƯU TRÚ SLEEP BOX - PHÒNG MÁY LẠNH GIÁ RẺ 950K/THÁNG** (Giảm 30% khi đăng ký sớm) TRỌN GÓI A 950 đồng/tháng 30 m 2 Hải Châu, Đà Nẵng ** LƯU TRÚ SLEEP BOX - PHÒNG MÁY LẠNH GIÁ RẺ 950K/THÁNG** (Giảm 30% khi đăng ký sớm) TRỌN GÓI A-Z, TẤT CẢ ĐỀU CÓ! **Vị trí:** Trung tâm Đống Đa, Hải… 1 năm trước",https://phongtro123.com/luu-tru-sleep-box-phong-may-lanh-gia-re-950k-thang-giam-30-khi-dang-ky-som-tron-goi-a-pr679222.html,2026-05-15T11:06:43
phongtro123,"Cho thuê phòng trọ 147 Nguyễn Quyền, gần bến xe Đà Nẵng, các trường Đại học Sư Phạm, Bách Khoa, FPT",1.8 triệu/tháng,15,"Cẩm Lệ, Đà Nẵng","Cho thuê phòng trọ 147 Nguyễn Quyền, gần bến xe Đà Nẵng, các trường Đại học Sư Phạm, Bách Khoa, FPT 1.8 triệu/tháng 15 m 2 Cẩm Lệ, Đà Nẵng CHO THUÊ PHÒNG TRỌ NGAY GẦN BẾN XE, GẦN 3 TRƯỜNG ĐẠI HỌC - GÁC LỬNG, RỘNG RÃI THOÁNG MÁT:- Phòng mặt tiền Nguyễn Quyền đường 5.5m, vỉa hè 3m. Có gác… 1 năm trước",https://phongtro123.com/cho-thue-phong-tro-147-nguyen-quyen-gan-ben-xe-da-nang-cac-truong-dai-hoc-su-pham-bach-khoa-fpt-pr678633.html,2026-05-15T11:06:43
phongtro123,Cho thuê phòng. Khu trung tâm quận hải châu. Tp đà nẵng.,2.8 triệu/tháng,20,"Hải Châu, Đà Nẵng","Cho thuê phòng. Khu trung tâm quận hải châu. Tp đà nẵng. 2.8 triệu/tháng 20 m 2 Hải Châu, Đà Nẵng CHO THUÊ PHÒNG , KHU TRUNG TÂM QUẬN HẢI CHÂU , GẦN CHỢ (100m). VÀ CÁC TRƯỜNG ĐẠI HỌC (1—2km). Địa chỉ: 27/4 Tạ Hiện, Hải Châu, Đà Nẵng… 1 năm trước",https://phongtro123.com/cho-thue-phong-khu-trung-tam-quan-hai-chau-tp-da-nang-pr677944.html,2026-05-15T11:06:47
phongtro123,CHO THUÊ phòng trọ ( mới xây nhà nguyên căn - không chung chủ ),3 triệu/tháng,30,"Hải Châu, Đà Nẵng","CHO THUÊ phòng trọ ( mới xây nhà nguyên căn - không chung chủ ) 3 triệu/tháng 30 m 2 Hải Châu, Đà Nẵng Phòng mới xây, tiện nghi đầy đủ (điều hoà, máy giặt, tủ, bàn ghế, tủ bếp nấu ăn... ).Không chung chủ. Tự do tiếp bạn bè, người thân đến… 1 năm trước",https://phongtro123.com/cho-thue-can-ho-mini-can-ho-moi-xay-nha-nguyen-can-khong-chung-chu-pr677900.html,2026-05-15T11:06:47
phongtro123,Phòng điều hòa - nước nóng + nệm + bếp + wifi,2.3 triệu/tháng,21,"Cẩm Lệ, Đà Nẵng","Phòng điều hòa - nước nóng + nệm + bếp + wifi 2.3 triệu/tháng 21 m 2 Cẩm Lệ, Đà Nẵng Cho thuê phòng trọ tại kiệt ô tô Nguyễn Đình Tứ - Hòa An – Cẩm Lệ:- 2 loại phòng từ 15-21 m2- Hệ thống PCCC an toàn, thang thoát hiểm trước nhà-… 1 năm trước",https://phongtro123.com/phong-dieu-hoa-nuoc-nong-nem-bep-wifi-pr673871.html,2026-05-15T11:06:47
phongtro123,"Cho thuê phòng trọ đẹp, mặt tiền, trung tâm TP",2.4 triệu/tháng,18,"Hải Châu, Đà Nẵng","Cho thuê phòng trọ đẹp, mặt tiền, trung tâm TP 2.4 triệu/tháng 18 m 2 Hải Châu, Đà Nẵng Phòng trọ đẹp , sạch sẽ , thoáng mát , tiện ích : điều hoà , , wifi , máy giặt, bếp , chổ để xe rộng rãi , khu vưc an ninh , gần đồn công an ,công viên… 1 năm trước",https://phongtro123.com/tinh-thanh/da-nang/cho-thue-phong-tro-dep-mat-tien-trung-tam-tp.html,2026-05-15T11:06:47
phongtro123,Cho thuê căn hộ full nội thất- giá mềm 2.5tr/1 tháng - 159 Nguyễn Chánh - Hòa Khánh Bắc,2.5 triệu/tháng,20,"Liên Chiểu, Đà Nẵng","Cho thuê căn hộ full nội thất- giá mềm 2.5tr/1 tháng - 159 Nguyễn Chánh - Hòa Khánh Bắc 2.5 triệu/tháng 20 m 2 Liên Chiểu, Đà Nẵng Ngày 14/3/2025 – TRỐNG CĂN HỘ FULL NỘI THẤT - Vị trí: 159 Nguyễn Chánh, Phường Hòa Khánh, Đà NẵngGiá : Chỉ từ 2.5 triệu/tháng (tùy vị trí- không ban công… 1 năm trước",https://phongtro123.com/cho-thue-can-ho-full-noi-that-gia-mem-2-5tr-1-thang-159-nguyen-chanh-hoa-khanh-bac-2-pr676728.html,2026-05-15T11:06:47
phongtro123,"Cho thuê phòng trọ (riêng chủ) gần chợ, gần trường học tại Thanh Khê, Đà Nẵng",1.5 triệu/tháng,15,"Thanh Khê, Đà Nẵng","Cho thuê phòng trọ (riêng chủ) gần chợ, gần trường học tại Thanh Khê, Đà Nẵng 1.5 triệu/tháng 15 m 2 Thanh Khê, Đà Nẵng Cho thuê phòng trọ, diện tích 15m2; có các điều kiện tốt như sau:- Sàn, tường gạch men sạch sẽ.- Nhà vệ sinh, bếp riêng.- Chỗ để xe rộng rãi, đảm… 1 năm trước",https://phongtro123.com/cho-thue-phong-tro-rieng-chu-gan-cho-gan-truong-hoc-tai-thanh-khe-da-nang-pr661742.html,2026-05-15T11:06:47
phongtro123,CHÍNH CHỦ CHO THUÊ PHÒNG RỘNG THOÁNG-FUL NỘI THÂT-GIÁ RẼ,2.3 triệu/tháng,25,"Liên Chiểu, Đà Nẵng","CHÍNH CHỦ CHO THUÊ PHÒNG RỘNG THOÁNG-FUL NỘI THÂT-GIÁ RẼ 2.3 triệu/tháng 25 m 2 Liên Chiểu, Đà Nẵng Chính chủ cho thuê phòng ️Tại địa chỉ: 05 Bàu Mạc 23, Hòa Khánh Bắc, Liên Chiểu. Đường 15m. Vĩa hè 6m. Cách biển 50m.Đầy đủ nội thất gồm GIƯỜNG… 1 năm trước",https://phongtro123.com/chinh-chu-cho-thue-phong-rong-thoang-ful-noi-that-gia-re-pr676552.html,2026-05-15T11:06:47
phongtro123,CHÍNH CHỦ CHO THUÊ PHÒNG GIÁ RẼ - FUL NỘI THẤT - SÁT BIỂN - TIỆN ÍCH,2.5 triệu/tháng,25,"Liên Chiểu, Đà Nẵng","CHÍNH CHỦ CHO THUÊ PHÒNG GIÁ RẼ - FUL NỘI THẤT - SÁT BIỂN - TIỆN ÍCH 2.5 triệu/tháng 25 m 2 Liên Chiểu, Đà Nẵng Cho thuê phòng trọ không chung chủ, full nội thất (điều hoà, nóng lạnh, tivi, tủ áo quần, máy giặt,..), nhà xe, phơi đồ rộng rãiMặt tiền 15m sát số 159… 1 năm trước",https://phongtro123.com/chinh-chu-cho-thue-phong-gia-re-ful-noi-that-sat-bien-tien-ich-pr676549.html,2026-05-15T11:06:47
phongtro123,CHÍNH CHỦ CHO THUÊ PHÒNG GIÁ RẼ - GIỜ GIẤC TỰ DO - KDC SẦM UẤT,1.2 triệu/tháng,20,"Liên Chiểu, Đà Nẵng","CHÍNH CHỦ CHO THUÊ PHÒNG GIÁ RẼ - GIỜ GIẤC TỰ DO - KDC SẦM UẤT 1.2 triệu/tháng 20 m 2 Liên Chiểu, Đà Nẵng Cho thuê phòng không chung chủ, nhà xe, phơi đồ rộng rãi, có giường, khu bếp, mặt tiền đường 7.5m.An ninh cực tốt.Cách Đại Học Bách Khoa 1km, sát 1 bên… 1 năm trước",https://phongtro123.com/chinh-chu-cho-thue-phong-gia-re-gio-giac-tu-do-kdc-sam-uat-pr676493.html,2026-05-15T11:06:47
phongtro123,Cho thuê phòng trọ quận Sơn Trà giá tốt,3.5 triệu/tháng,40,"Sơn Trà, Đà Nẵng","Cho thuê phòng trọ quận Sơn Trà giá tốt 3.5 triệu/tháng 40 m 2 Sơn Trà, Đà Nẵng Cho thuê phòng trọ quận Sơn TràĐiện tích 40m2Giá cho thuê 3.500.000 VND/ thángLh 0933844833 1 năm trước",https://phongtro123.com/cho-thue-phong-tro-quan-son-tra-gia-tot-pr676466.html,2026-05-15T11:06:47
phongtro123,PHÒNG TRỌ SINH VIÊN GẦN ĐẠI HỌC KIẾN TRÚC,2.2 triệu/tháng,30,"Hải Châu, Đà Nẵng","PHÒNG TRỌ SINH VIÊN GẦN ĐẠI HỌC KIẾN TRÚC 2.2 triệu/tháng 30 m 2 Hải Châu, Đà Nẵng + Năm trục đường núi thành cách trường đại học Kiến Trúc và Đông Á chỉ2 phút đi bộ.+ Khu dân trí cao, yên tĩnh rất thích hợp cho các bạn… 1 năm trước",https://phongtro123.com/phong-tro-sinh-vien-gan-dai-hoc-kien-truc-pr676347.html,2026-05-15T11:06:47
phongtro123,"Còn 1 xuất cho nam chi 1.2 triệu/người và cho nữ 1.5 triệu/người ngay Đại học Đông Á, Kiến trúc",1.2 triệu/tháng,40,"Hải Châu, Đà Nẵng","Còn 1 xuất cho nam chi 1.2 triệu/người và cho nữ 1.5 triệu/người ngay Đại học Đông Á, Kiến trúc 1.2 triệu/tháng 40 m 2 Hải Châu, Đà Nẵng PHÒNG MỚI ĐẦY ĐỦ ĐIỀU HÒA, NƯỚC NÓNG LẠNH, BẾP, KHÔNG GIAN RỘNG RÃI.Gần Đại học Kiến trúc, Đông Á, gần chợ Đầu Mối, thuận tiện.Giá rẻ ở… 1 năm trước",https://phongtro123.com/chi-1-2-trieu-nguoi-thich-hop-nhom-6-nguoi-ket-hop-giuong-tu-dieu-hoa-may-nuoc-nong-lanh-day-du-pr662370.html,2026-05-15T11:06:47
phongtro123,"Cho thuê phòng trọ tại 18 Mộc Bài 4- P.Hòa Khánh- Giá rẻ 1.7tr, Toilet riêng, có điều hòa, ko chuchủ",1.7 triệu/tháng,18,"Liên Chiểu, Đà Nẵng","Cho thuê phòng trọ tại 18 Mộc Bài 4- P.Hòa Khánh- Giá rẻ 1.7tr, Toilet riêng, có điều hòa, ko chuchủ 1.7 triệu/tháng 20 m 2 Liên Chiểu, Đà Nẵng Cho thuê phòng trọ tại 18 Mộc Bài 4- P.Hòa Khánh. Giá: 1.7trieu/1 tháng. Lhe 0934.859.688Tiện ích: Nhà xe rộng rãi, điều hòa, toilet riêng, phòng mát mẻ quanh năm ,… 1 năm trước",https://phongtro123.com/cho-thue-phong-tro-tai-18-moc-bai-4-p-hoa-khanh-gia-re-1-7tr-toilet-rieng-co-dieu-hoa-ko-chuchu-pr675924.html,2026-05-15T11:06:47
phongtro123,"CHO THUÊ CĂN HỘ 2PN, CÓ GÁC LỬNG RỘNG, BẾP, PHÒNG KHÁCH, NƯỚC NÓNG LẠNH, BẾP TỪ ĐẦY ĐỦ",3.5 triệu/tháng,30,"Cẩm Lệ, Đà Nẵng","CHO THUÊ CĂN HỘ 2PN, CÓ GÁC LỬNG RỘNG, BẾP, PHÒNG KHÁCH, NƯỚC NÓNG LẠNH, BẾP TỪ ĐẦY ĐỦ 3.5 triệu/tháng 30 m 2 Cẩm Lệ, Đà Nẵng ️CHO THUÊ CĂN HỘ 2PN, CÓ GÁC LỬNG RỘNG, BẾP, PHÒNG KHÁCH, NƯỚC NÓNG LẠNH, BẾP TỪ ĐẦY ĐỦ, WIFI MIỄN PHÍ, RIÊNG BIỆT NHƯ MỘT CĂN NHÀ NHỎ. Diện tích… 1 năm trước",https://phongtro123.com/cho-thue-can-ho-2pn-co-gac-lung-rong-bep-phong-khach-nuoc-nong-lanh-bep-tu-day-du-pr673914.html,2026-05-15T11:06:47
phongtro123,Cho thuê căn hộ đẹp có gác lửng,2.8 triệu/tháng,30,"Liên Chiểu, Đà Nẵng","Cho thuê căn hộ đẹp có gác lửng 2.8 triệu/tháng 30 m 2 Liên Chiểu, Đà Nẵng Căn hộ đẹp có gác lửngPhòng thoáng mát có vệ sinh riêngCó bếp để tự nấu ănCó nước nóng lạnh, máy giặt & điều hòaGiờ giấc tự do thoải mái,… 1 năm trước",https://phongtro123.com/can-ho-mat-tien-dep-duong-thanh-nghi-duong-10-5m-pr627836.html,2026-05-15T11:06:47
phongtro123,Cho thuê phòng trọ gác lửng đường Khuê Mỹ Đông 5 với giảm 500k tháng đầu chuyển vào sống,2.8 triệu/tháng,25,"Ngũ Hành Sơn, Đà Nẵng","Cho thuê phòng trọ gác lửng đường Khuê Mỹ Đông 5 với giảm 500k tháng đầu chuyển vào sống 2.8 triệu/tháng 25 m 2 Ngũ Hành Sơn, Đà Nẵng Cho thuê phòng trọ gác lửng đường Khuê Mỹ Đông 5 với giảm 500k tháng đầu chuyển vào sốngCó máy nóng lạnh + điều hòa cực kỳ tiện lợidiền tích… 1 năm trước",https://phongtro123.com/cho-thue-phong-tro-gac-lung-duong-khue-my-dong-5-voi-giam-500k-thang-dau-chuyen-vao-song-pr673366.html,2026-05-15T11:06:47
phongtro123,CHO THUÊ PHÒNG MỚI ĐẸP 100% CÓ BAN CÔNG THOÁNG MÁT LÔ 2 MẶT TIỀN,3.3 triệu/tháng,2,"Thanh Khê, Đà Nẵng","CHO THUÊ PHÒNG MỚI ĐẸP 100% CÓ BAN CÔNG THOÁNG MÁT LÔ 2 MẶT TIỀN 3.3 triệu/tháng 25 m 2 Thanh Khê, Đà Nẵng Vị trí trung tâm thành phố: gần chợ Thanh Khê, siêu thị Coopmart, Winmart, trường học, trường mầm non, bến xe, sân bay. Khu dân trí cao, an ninh bảo đảm. Đặc… 1 năm trước",https://phongtro123.com/cho-thue-phong-moi-dep-100-co-ban-cong-thoang-mat-lo-2-mat-tien-pr613286.html,2026-05-15T11:06:47
phongtro123,"Cho thuê CHDV gần trường ĐH Kiến Trúc, trường Đông Á Đà Nẵng",4 triệu/tháng,22,"Cẩm Lệ, Đà Nẵng","Cho thuê CHDV gần trường ĐH Kiến Trúc, trường Đông Á Đà Nẵng 4 triệu/tháng 22 m 2 Cẩm Lệ, Đà Nẵng Căn hộ cho thuê tại số 21 Hóa Mỹ, Phường Khuê Trung, Quận Cẩm Lệ, Đà NẵngDT: 22m2Tọa lại tại vị trí thuận lợi, gần công viên, các trường ĐH -… 1 năm trước",https://phongtro123.com/thue-phong-gan-truong-dhnn-dh-kien-truc-dh-dong-a-da-nang-pr650023.html,2026-05-15T11:06:47
phongtro123,"Phòng trọ mới, sạch sẽ, hiện đại, giá rẻ tại cuối đường Phan Khoang, rẽ phải 50m, Hoà An,Cẩm Lệ",2.3 triệu/tháng,50,"Cẩm Lệ, Đà Nẵng","Phòng trọ mới, sạch sẽ, hiện đại, giá rẻ tại cuối đường Phan Khoang, rẽ phải 50m, Hoà An,Cẩm Lệ 2.3 triệu/tháng 22 m 2 Cẩm Lệ, Đà Nẵng Phòng mới mặt tiền đường 5.5m, ô tô vào tới cửaDiện tích rộng, có gác lửng, thoáng mátMỗi phòng có 3 cửa sổ, wc hiện đại dạng khách sạn, có vòi… 1 năm trước",https://phongtro123.com/phong-tro-moi-hien-dai-gia-re-pr304157.html,2026-05-15T11:06:47
phongtro123,672/5 trần cao vân cho thuê 2 phòng trọ gác lửng,2 triệu/tháng,25,"Thanh Khê, Đà Nẵng","672/5 trần cao vân cho thuê 2 phòng trọ gác lửng 2 triệu/tháng 25 m 2 Thanh Khê, Đà Nẵng 672/5 Trần Cao Vân (gần Hà Huy Tập) cho thuê 2 phòng trọ 22m2+gác lửng 10m2 (Giá 2tr-2tr3 có thương lượng, giảm tuỳ hoàn cảnh người thuê). Phòng ốp gạch men… 1 năm trước",https://phongtro123.com/672-5-tran-cao-van-cho-thue-2-phong-tro-gac-lung-pr672803.html,2026-05-15T11:06:47
phongtro123,Cho thuê phòng trọ đầy đủ tiện nghi nội thất,2.5 triệu/tháng,30,"Hoà Vang, Đà Nẵng","Cho thuê phòng trọ đầy đủ tiện nghi nội thất 2.5 triệu/tháng 30 m 2 Hoà Vang, Đà Nẵng Cho thuê phòng trọ đầy đủ tiện nghi tại địa chỉ chợ Đầu mối mới, Hòa Phước, Hòa Vang, Đà Nẵng. Thích hợp cho sinh viên, vợ chồng trẻ. Giá thuê… 1 năm trước",https://phongtro123.com/cho-thue-phong-tro-day-du-tien-nghi-noi-that-2-pr672762.html,2026-05-15T11:06:51
phongtro123,Phòng Đẹp có gác lửng diện tích từ 20-25 m2.,2.5 triệu/tháng,25,"Thanh Khê, Đà Nẵng","Phòng Đẹp có gác lửng diện tích từ 20-25 m2. 2.5 triệu/tháng 25 m 2 Thanh Khê, Đà Nẵng Phòng trọ mới có gác lửng , thoáng mát . nằm tại trung tâm thành phố gần các trường học, bệnh viện , chợ và cách biển 200 m. Khu vực dân cư an ninh, Diện… 1 năm trước",https://phongtro123.com/phong-dep-co-gac-lung-dien-tich-tu-22-25-m2-pr305885.html,2026-05-15T11:06:51
phongtro123,"Cho thuê phòng trọ trong nhà nguyên căn tại Nguyễn Sơn, Phường Hòa Cường Nam, Quận Hải Châu, Đà Nẵng",3 triệu/tháng,250,"Hải Châu, Đà Nẵng","Cho thuê phòng trọ trong nhà nguyên căn tại Nguyễn Sơn, Phường Hòa Cường Nam, Quận Hải Châu, Đà Nẵng 3 triệu/tháng 250 m 2 Hải Châu, Đà Nẵng Cho thuê phòng trọ trong nhà nguyên căn tại Nguyễn Sơn, Phường Hòa Cường Nam, Quận Hải Châu, Đà NẵngHướng: Bắc.Nhà 3 tầng đẹp, thiết kế hiện… 1 năm trước",https://phongtro123.com/cho-thue-nha-nguyen-can-hoac-phong-tro-rieng-pr672528.html,2026-05-15T11:06:51
phongtro123,Cho thuê phòng trọ chất lượng cao,4.6 triệu/tháng,30,"Ngũ Hành Sơn, Đà Nẵng","Cho thuê phòng trọ chất lượng cao 4.6 triệu/tháng 30 m 2 Ngũ Hành Sơn, Đà Nẵng Phòng trọ dạng căn hộ Studio 30m2, full nội thấHiện đại, yên tĩnh, wifi cực mạnh.Ưu tiên giảm giá cho sinh viên, giáo viên ở 1 mình.Giá 4tr6/thángLiên… 1 năm trước",https://phongtro123.com/cho-thue-phong-tro-chat-luong-cao-2-pr672380.html,2026-05-15T11:06:51
phongtro123,Cho thuê phòng trọ 2.5 - 3tr3 tùy vào số người ở,3 triệu/tháng,30,"Hải Châu, Đà Nẵng","Cho thuê phòng trọ 2.5 - 3tr3 tùy vào số người ở 3 triệu/tháng 30 m 2 Hải Châu, Đà Nẵng Cho thuê phòng trọ 2.5 - 3tr3 tùy vào số người ởCó đầy đủ nội thất như: tủ lạnh, điều hoà, tủ áo, nóng lạnh, máy giặt...Tiện ích + phòng cháy… 1 năm trước",https://phongtro123.com/cho-thue-phong-tro-2-5-3tr3-tuy-vao-so-nguoi-o-pr672359.html,2026-05-15T11:06:51
phongtro123,Cho thuê căn hộ giá rẻ ngay cạnh Bệnh Viện Nhi Đà Nẵng,3.8 triệu/tháng,30,"Ngũ Hành Sơn, Đà Nẵng","Cho thuê căn hộ giá rẻ ngay cạnh Bệnh Viện Nhi Đà Nẵng 3.8 triệu/tháng 30 m 2 Ngũ Hành Sơn, Đà Nẵng FAMILY APARTMENTAn ninh rất an toàn vì gần trụ sở công an và có lắp camera 24/24Căn hộ phù hợp cho gia đình từ ,những bạn đi làm hoặc nhóm sinh viên từ 2… 1 năm trước",https://phongtro123.com/cho-thue-can-ho-gia-re-ngay-canh-benh-vien-nhi-da-nang-bv-600-giuong-2-pr671989.html,2026-05-15T11:06:51
phongtro123,CĂN HỘ STUDIO SẴN SÀNG VÀO Ở TẠI NGŨ HÀNH SƠN,4 triệu/tháng,30,"Ngũ Hành Sơn, Đà Nẵng","CĂN HỘ STUDIO SẴN SÀNG VÀO Ở TẠI NGŨ HÀNH SƠN 4 triệu/tháng 30 m 2 Ngũ Hành Sơn, Đà Nẵng Căn hộ 1PN mới 100% tại NGŨ HÀNH SƠN - Sẵn sàng dọn vào ngayĐịa chỉ: 321 Đoàn Khê- Phòng mới 100%, nội thất đầy đủ- Khu vực giặt phơi riêngGiá… 1 năm trước",https://phongtro123.com/can-ho-studio-san-sang-vao-o-tai-ngu-hanh-son-pr671847.html,2026-05-15T11:06:51
phongtro123,"CHO THUÊ PHÒNG TRỌ KHU VỰC HÒA PHƯỚC( GẦN CHÙA HÒA PHƯỚC), HÒA VANG, TP ĐÀ NẴNG",1.3 triệu/tháng,22,"Hoà Vang, Đà Nẵng","CHO THUÊ PHÒNG TRỌ KHU VỰC HÒA PHƯỚC( GẦN CHÙA HÒA PHƯỚC), HÒA VANG, TP ĐÀ NẴNG 1.3 triệu/tháng 22 m 2 Hoà Vang, Đà Nẵng CHO THUÊ PHÒNG TRỌ KHU VỰC HÒA PHƯỚC( GẦN CHÙA HÒA PHƯỚC), HÒA VANG, TP ĐÀ NẴNGCòn 1 phòng dành cho 1 người ởGiá chỉ #1300k/phòng/thángTiện ích:-… 1 năm trước",https://phongtro123.com/cho-thue-phong-tro-khu-vuc-hoa-phuoc-gan-chua-hoa-phuoc-hoa-vang-tp-da-nang-2-pr671539.html,2026-05-15T11:06:51
phongtro123,"CHO THUÊ NHÀ TRỌ KHU VỰC KHUÊ TRUNG AN NINH, THOÁNG MÁT, SẠCH SẼ.",2 triệu/tháng,25,"Cẩm Lệ, Đà Nẵng","CHO THUÊ NHÀ TRỌ KHU VỰC KHUÊ TRUNG AN NINH, THOÁNG MÁT, SẠCH SẼ. 2 triệu/tháng 25 m 2 Cẩm Lệ, Đà Nẵng + An ninh tốt, người thuê chủ yếu hộ gia đình.+ Mới xây, sạch sẽ, thoáng mát.+ Gần trường học, xưởng dệt, chợ, ủy ban,.....+ MC riêng, có gác… 1 năm trước",https://phongtro123.com/cho-thue-nha-tro-khu-vuc-khue-trung-an-ninh-thoang-mat-sach-se-pr629841.html,2026-05-15T11:06:51
phongtro123,Phòng trọ đầy đủ tiện nghi ngay khu vực Bến Xe,3.2 triệu/tháng,55,"Cẩm Lệ, Đà Nẵng","Phòng trọ đầy đủ tiện nghi ngay khu vực Bến Xe 3.2 triệu/tháng 55 m 2 Cẩm Lệ, Đà Nẵng Trống sẵn 1P 50m2 phòng rộng setup đồ cá nhân thoải mái , được nấu ăn trong phòng , đầy đủ tiện nghi nội thất mới ( điều hoà , máy nóng lạnh đầy… 1 năm trước",https://phongtro123.com/phong-tro-day-du-tien-nghi-ngay-khu-vuc-ben-xe-pr670711.html,2026-05-15T11:06:51
phongtro123,CHO THUÊ PHÒNG TRỌ TRONG KHÁCH SẠN,3 triệu/tháng,20,"Sơn Trà, Đà Nẵng","CHO THUÊ PHÒNG TRỌ TRONG KHÁCH SẠN 3 triệu/tháng 20 m 2 Sơn Trà, Đà Nẵng Cho thuê các loại phòng ở từ 1 người đến 4 người trong khách sạn theo tuần, theo tháng giá rẻ. Vị trí trung tâm thuận lợi, gần biển mỹ khê và công… 1 năm trước",https://phongtro123.com/cho-thue-phong-tro-trong-khach-san-pr669970.html,2026-05-15T11:06:51
phongtro123,"Cho thuê phòng trọ, tiện nghi, sạch sẽ tại 820/1A Đường Trường Chinh, Cẩm Lệ, ĐN",1.5 triệu/tháng,15,"Cẩm Lệ, Đà Nẵng","Cho thuê phòng trọ, tiện nghi, sạch sẽ tại 820/1A Đường Trường Chinh, Cẩm Lệ, ĐN 1.5 triệu/tháng 15 m 2 Cẩm Lệ, Đà Nẵng Cần cho thuê phòng trọ tiện nghi, sạch sẽ.ĐC: 820/1A Đường Trường Chinh, Phường Hòa Phát, Quận Cẩm Lệ, Đà NẵngThích hợp cho người độc thân đi… 1 năm trước",https://phongtro123.com/cho-thue-phong-tro-tien-nghi-sach-se-pr669818.html,2026-05-15T11:06:51
phongtro123,"Phòng có diện tích 50m², giá thuê 3 triệu đồng/tháng.Địa chỉ: Thanh Thủy, phường Thanh Bình, Quận H",3 triệu/tháng,50,"Hải Châu, Đà Nẵng","Phòng có diện tích 50m², giá thuê 3 triệu đồng/tháng.Địa chỉ: Thanh Thủy, phường Thanh Bình, Quận H 3 triệu/tháng 50 m 2 Hải Châu, Đà Nẵng Cần cho thuê phòng trọ tại đường Thanh Thủy, gần trường Đại học sư phạm kỹ thuật nằm ngay trung tâm thành phố Đà Nẵng, đảm bảo an ninh tuyệt đối,… 1 năm trước",https://phongtro123.com/phong-co-dien-tich-50m2-gia-thue-3-trieu-dong-thang-dia-chi-thanh-thuy-phuong-thanh-binh-quan-h-pr669532.html,2026-05-15T11:06:51
phongtro123,Cho Thuê Phòng Trọ Cho Sinh Viên sát ĐH Bách Khoa Đà Nẵng,3 triệu/tháng,25,"Liên Chiểu, Đà Nẵng","Cho Thuê Phòng Trọ Cho Sinh Viên sát ĐH Bách Khoa Đà Nẵng 3 triệu/tháng 25 m 2 Liên Chiểu, Đà Nẵng Thông tin căn hộ:• Gác lửng: Tối ưu không gian sống• Điều hòa: Giữ mát mẻ suốt mùa hè• Bếp: Tiện nghi cho việc nấu nướng• Nhà vệ sinh… 1 năm trước",https://phongtro123.com/cho-thue-phong-tro-cho-sinh-vien-sat-dh-bach-khoa-da-nang-pr669483.html,2026-05-15T11:06:51
phongtro123,Cho thuê phòng trọ gần Chợ Hoà Cầm/bv Cẩm Lệ 1tr600,1.6 triệu/tháng,25,"Cẩm Lệ, Đà Nẵng","Cho thuê phòng trọ gần Chợ Hoà Cầm/bv Cẩm Lệ 1tr600 1.6 triệu/tháng 25 m 2 Cẩm Lệ, Đà Nẵng Cho thuê phòng trọ đường 7m5, gần chợ Hoà Cầm, bệnh viện Cẩm LệPhòng mới sạch sẽ, yên tĩnh, tách biệt chủGiá 1tr6LH ngay: 0905461755 1 năm trước",https://phongtro123.com/cho-thue-phong-tro-gan-cho-hoa-cam-bv-cam-le-1tr500-pr669253.html,2026-05-15T11:06:51
phongtro123,CẦN CHO THUÊ PHÒNG TRỌ 30m² - có gác lửng. Không ngập lụt. GẤP!,3 triệu/tháng,30,"Liên Chiểu, Đà Nẵng","CẦN CHO THUÊ PHÒNG TRỌ 30m² - có gác lửng. Không ngập lụt. GẤP! 3 triệu/tháng 30 m 2 Liên Chiểu, Đà Nẵng Diện tích sử dụng 30m². Có gác lửng.Ngay ngã ba 2 đường 5 mét.Giờ giấc tự do.Gần chợ, bến xe, sân bóng, trường học.Thích hợp cho hộ gia đình nhỏ. 1 năm trước",https://phongtro123.com/can-cho-thue-phong-tro-30m2-co-gac-lung-gap-pr669071.html,2026-05-15T11:06:51
phongtro123,"Phòng 1,8 tr mặt tiền 4m, cửa kéo, gác bêtông, bếp, WC",1.8 triệu/tháng,4,"Cẩm Lệ, Đà Nẵng","Phòng 1,8 tr mặt tiền 4m, cửa kéo, gác bêtông, bếp, WC 1.8 triệu/tháng 31 m 2 Cẩm Lệ, Đà Nẵng Số 64 Nguyễn Như Đổ, hướng Đông, gần đường Thăng Long nối Trường Chinh, gần UBND phường Hòa Tho Tây, 300m đến trường Đặng Thai Mai, 500m đến khu CN Hòa… 1 năm trước",https://phongtro123.com/phong-1-8-tr-mat-tien-4m-cua-keo-gac-betong-bep-wc-pr668584.html,2026-05-15T11:06:51
phongtro123,PHÒNG TRỌ ĐẦY ĐỦ TIỆN NGHI DÀNH CHO SINH VIÊN,2.7 triệu/tháng,28,"Cẩm Lệ, Đà Nẵng","PHÒNG TRỌ ĐẦY ĐỦ TIỆN NGHI DÀNH CHO SINH VIÊN 2.7 triệu/tháng 28 m 2 Cẩm Lệ, Đà Nẵng ️️Ting ting ting ️️PHÒNG TRỌ CHO SINH VIÊN THUÊGiá 2tr700(SL: 2Người)Nằm ngay trên đường Lê Thạch - Sau Lưng Bến XeGiờ giấc thoải mái, có thang… 1 năm trước",https://phongtro123.com/phong-tro-day-du-tien-nghi-danh-cho-sinh-vien-pr668423.html,2026-05-15T11:06:51
phongtro123,"Phòng, Căn hộ mini gần cầu Hoà Xuân giá cả hợp lý",2.5 triệu/tháng,30,"Cẩm Lệ, Đà Nẵng","Phòng, Căn hộ mini gần cầu Hoà Xuân giá cả hợp lý 2.5 triệu/tháng 30 m 2 Cẩm Lệ, Đà Nẵng phòng 25m2 có gác lẩng, đầy đủ tiện ích. Có bảo vệ, chổ để xe, máy giặt, sân phơi, điều hoà, nước nóng ... wifi miễn phí, điện 3000 đ/chữ, nước… 1 năm trước",https://phongtro123.com/tinh-thanh/da-nang/phong-can-ho-mini-moi-100-gan-cau-hoa-xuan.html,2026-05-15T11:06:51
phongtro123,Cho thuê phòng trọ giá rẽ tại đà nẵng,2 triệu/tháng,15,"Hải Châu, Đà Nẵng","Cho thuê phòng trọ giá rẽ tại đà nẵng 2 triệu/tháng 15 m 2 Hải Châu, Đà Nẵng Cho thuê phòng trọ giá rẽ tại đà nẵngĐịa chỉ: H79/08 k266 Đường Hoàng Diệu, Phường Bình Hiên, Quận Hải Châu, Đà NẵngGiá: 2tr/thángDT: 15m2liên… 1 năm trước",https://phongtro123.com/cho-thue-phong-tro-gia-re-tai-da-nang-4-pr668353.html,2026-05-15T11:06:51
phongtro123,"Trọ Tháng giá rẻ cho thuê tại 35 Lê Thị Tính, An Khê, Thanh Khê, Đà Nẵng",2 triệu/tháng,20,"Thanh Khê, Đà Nẵng","Trọ Tháng giá rẻ cho thuê tại 35 Lê Thị Tính, An Khê, Thanh Khê, Đà Nẵng 2 triệu/tháng 20 m 2 Thanh Khê, Đà Nẵng Tại địa chỉ : 35 Lê Thị Tính, An Khê, Thanh Khê, Đà NẵngBạn Cần thuế tháng, căn hộ, homestay, trọ, đều được, vì Hostel cung cấp cho bạn với phòng… 1 năm trước",https://phongtro123.com/apartment-homestay-monthly-accommodation-tro-thang-gia-re-pr667970.html,2026-05-15T11:06:54
phongtro123,TRỐNG SẴN 1 PHÒNG KHU VỰC CẨM LỆ,2.9 triệu/tháng,20,"Cẩm Lệ, Đà Nẵng","TRỐNG SẴN 1 PHÒNG KHU VỰC CẨM LỆ 2.9 triệu/tháng 20 m 2 Cẩm Lệ, Đà Nẵng DEAL NGON NÈ MẤY NÍ KV CẨM LỆ ƠITrống sẵn duy nhất 1 phòng ngay Trần Huy LiệuChỉ 2,9Phòng đẹp thoáng mát, yên tĩnh, có ban công, gác lửng, kệ bếp, sân… 1 năm trước",https://phongtro123.com/trong-san-1-phong-studio-khu-vuc-son-tra-pr665937.html,2026-05-15T11:06:54
phongtro123,"Trống sẵn siêu phẩm ngay ĐH Đông á, kiến trúc chỉ 3,5",3.5 triệu/tháng,40,"Hải Châu, Đà Nẵng","Trống sẵn siêu phẩm ngay ĐH Đông á, kiến trúc chỉ 3,5 3.5 triệu/tháng 40 m 2 Hải Châu, Đà Nẵng Trống sẵn siêu phẩm ngay ĐH Đông á, kiến trúc chỉ 3,5Đường Lê Văn Đức ( cách Đông Á, Kiến Trúc 600m)Wifi, khu vực đậu xe, máy giặt chungĐiện 3,5;… 1 năm trước",https://phongtro123.com/trong-san-sieu-pham-ngay-dh-dong-a-kien-truc-chi-3-5-pr667310.html,2026-05-15T11:06:54
phongtro123,Căn hộ minhi đường Đoàn Ngọc Nhạc - Hoà Xuân,3 triệu/tháng,30,"Cẩm Lệ, Đà Nẵng","Căn hộ minhi đường Đoàn Ngọc Nhạc - Hoà Xuân 3 triệu/tháng 30 m 2 Cẩm Lệ, Đà Nẵng Cho thuê căn hộ mini gia đình.Phòng rộng rãi thoáng mát bao thoáng.Phòng mới có sẵn điều hòa giường ngủ quạt trần nóng lạnh tủ bếp.Địa chỉ 252… 1 năm trước",https://phongtro123.com/can-ho-minhi-duong-doan-ngoc-nhac-hoa-xuan-pr667462.html,2026-05-15T11:06:54
phongtro123,Cho thuê phòng trọ 33 m2 tại Trường Chinh - Đà Nẵng,2.3 triệu/tháng,33,"Thanh Khê, Đà Nẵng","Cho thuê phòng trọ 33 m2 tại Trường Chinh - Đà Nẵng 2.3 triệu/tháng 33 m 2 Thanh Khê, Đà Nẵng Còn 1 phòng trọ 36m2 gồm lửng, lối đi riêng. ( Hết : 28m2 ( đã thuê), 16m2 , 12m2) từ 1,4 triệu - 3 triệu tại 694 Trường Chinh- Đà Nẵng.Phòng trọ mới ,… 1 năm trước",https://phongtro123.com/cho-thue-phong-tro-moi-24m2-30m2-20m2-15m2-pr604631.html,2026-05-15T11:06:54
phongtro123,"SIÊU RẺ. CHO THUÊ PHÒNG TRỌ 20 M2, NGAY TỐ HỮU GIÁ CHỈ 1,5 TR / 1N",1.5 triệu/tháng,20,"Hải Châu, Đà Nẵng","SIÊU RẺ. CHO THUÊ PHÒNG TRỌ 20 M2, NGAY TỐ HỮU GIÁ CHỈ 1,5 TR / 1N 1.5 triệu/tháng 20 m 2 Hải Châu, Đà Nẵng Siêu rẻ.Tôi chính chủ cho thuê phong tro dt 20 m2có wc khep kín - gía 1,5 triêu.Nếu ở 2 người giá 1,7 tr, điên nuoc tinh riengLH: 091.19.19.139 1 năm trước",https://phongtro123.com/sieu-re-cho-thue-phong-tro-20-m2-ngay-to-huu-gia-chi-1-5-tr-1n-2-pr667012.html,2026-05-15T11:06:54
phongtro123,"Phòng trọ Phan Khoan, Ngũ Hành Sơn, DT 30m2, không chung chủ, giá 2,5 triệu/tháng","2,5 triệu/tháng",30,"Ngũ Hành Sơn, Đà Nẵng","Phòng trọ Phan Khoan, Ngũ Hành Sơn, DT 30m2, không chung chủ, giá 2,5 triệu/tháng 2.5 triệu/tháng 30 m 2 Ngũ Hành Sơn, Đà Nẵng Cho thuê phòng trọ diện tích 30m², không chung chủ, tạo không gian riêng tư và thoải mái.Vị trí phòng nằm trên đường Phan Khoan, Phường Hòa Quý, Quận Ngũ… 1 năm trước",https://phongtro123.com/phong-tro-phan-khoan-ngu-hanh-son-dt-30m2-khong-chung-chu-gia-2-5-trieu-thang-pr666588.html,2026-05-15T11:06:54
phongtro123,"Cho thuê phòng trọ Sơn Trà, Đà Nẵng, DT 25m2, có gác, ngay đầu cầu rồng, giá 2,5 triệu/tháng","2,5 triệu/tháng",25,"Sơn Trà, Đà Nẵng","Cho thuê phòng trọ Sơn Trà, Đà Nẵng, DT 25m2, có gác, ngay đầu cầu rồng, giá 2,5 triệu/tháng 2.5 triệu/tháng 25 m 2 Sơn Trà, Đà Nẵng Cho thuê phòng trọ số 203:- Địa chỉ: 79/10 An Trung Đông 7, Phường An Hải Đông, Quận Sơn Trà, Đà Nẵng.- Vị trí đắc địa ngay gần Cầu Rồng.- Thuận… 1 năm trước",https://phongtro123.com/cho-thue-phong-tro-son-tra-da-nang-dt-25m2-co-gac-ngay-dau-cau-rong-gia-2-5-trieu-thang-pr666460.html,2026-05-15T11:06:54
phongtro123,"Cho thuê phòng trọ Hoàng Diệu, Hải Châu, DT 17m2, đủ tiện nghi, giá chỉ 2,5 triệu/tháng","2,5 triệu/tháng",17,"Hải Châu, Đà Nẵng","Cho thuê phòng trọ Hoàng Diệu, Hải Châu, DT 17m2, đủ tiện nghi, giá chỉ 2,5 triệu/tháng 2.5 triệu/tháng 17 m 2 Hải Châu, Đà Nẵng Cần cho thuê phòng trọ tại đường Hoàng Diệu, nằm ngay trung tâm thành phố Đà Nẵng, đảm bảo an ninh tuyệt đối, thuận tiện di chuyển đến các trường… 1 năm trước",https://phongtro123.com/cho-thue-phong-tro-hoang-dieu-hai-chau-dt-17m2-du-tien-nghi-gia-chi-2-5-trieu-thang-pr666311.html,2026-05-15T11:06:54
phongtro123,CĂN HỘ GIÁ RẺ KHU VỰC CẨM LỆ CÓ BẾP,3 triệu/tháng,35,"Cẩm Lệ, Đà Nẵng","CĂN HỘ GIÁ RẺ KHU VỰC CẨM LỆ CÓ BẾP 3 triệu/tháng 35 m 2 Cẩm Lệ, Đà Nẵng CĂN HỘ GIÁ RẺ KHU VỰC CẨM LỆĐịa chỉ: Lê Đại HànhSố Phòng: P109Mô tả:Gần đh kiến trúcĐầy đủ nội thất có giặt sấy, kệ bếpCho nuôi… 1 năm trước",https://phongtro123.com/can-ho-gia-re-khu-vuc-cam-le-co-bep-pr666057.html,2026-05-15T11:06:54
phongtro123,"Cho thuê phòng trọ Âu Cơ, Liên Chiểu, DT 10m2, gần KCN Hòa Khánh, giá 600k/tháng",,10,"Liên Chiểu, Đà Nẵng","Cho thuê phòng trọ Âu Cơ, Liên Chiểu, DT 10m2, gần KCN Hòa Khánh, giá 600k/tháng 600.000 đồng/tháng 10 m 2 Liên Chiểu, Đà Nẵng Cần cho thuê phòng trọ tại khu vực an ninh, yên tĩnh, ngay gần đường Âu Cơ, quận Liên Chiểu, Đà Nẵng.Phòng nằm sát khu công nghiệp Hòa Khánh, rất thuận… 1 năm trước",https://phongtro123.com/cho-thue-phong-tro-au-co-lien-chieu-dt-10m2-gan-kcn-hoa-khanh-gia-600k-thang-pr666053.html,2026-05-15T11:06:54
phongtro123,CHO THUÊ NHÀ TRỌ ĐƯỜNG TRẦN ĐẠI NGHĨA HÒA HẢI ĐÀ NẴNG,1.2 triệu/tháng,45,"Ngũ Hành Sơn, Đà Nẵng","CHO THUÊ NHÀ TRỌ ĐƯỜNG TRẦN ĐẠI NGHĨA HÒA HẢI ĐÀ NẴNG 1.2 triệu/tháng 45 m 2 Ngũ Hành Sơn, Đà Nẵng CẦN CHO THUÊ NHÀ TRỌ ĐỂ Ở Cho thuê phòng để ở Địa chỉ: 150 Trần Đại Nghĩa, phường Hòa Hải, quận Ngũ Hành Sơn, Đà NẵngCó gác lửng;… 1 năm trước",https://phongtro123.com/cho-thue-nha-tro-duong-tran-dai-nghia-hoa-hai-da-nang-pr665653.html,2026-05-15T11:06:54
phongtro123,"CĂN HỘ/PHÒNG TRỌ ĐẦY ĐỦ TIỆN NGHI CÓ MÁY GIẶT TỪNG PHÒNG, KHU TRUNG TÂM LOTTE HELIO, NHÀ NGAY ĐƯỜNG…",4.5 triệu/tháng,40,"Hải Châu, Đà Nẵng","CĂN HỘ/PHÒNG TRỌ ĐẦY ĐỦ TIỆN NGHI CÓ MÁY GIẶT TỪNG PHÒNG, KHU TRUNG TÂM LOTTE HELIO, NHÀ NGAY ĐƯỜNG… 4.5 triệu/tháng 40 m 2 Hải Châu, Đà Nẵng Căn hộ/phòng trọ trung tâm thành phố, gần khu vui chơi Helio, trung tâm thương mại Lotte Mart. Căn hộ đầy đủ tiện nghi kể cả máy giặt đời mới trong từng… 1 năm trước",https://phongtro123.com/can-ho-phong-tro-day-du-tien-nghi-co-may-giat-tung-phong-khu-trung-tam-nha-ngay-duong-chinh-pr314481.html,2026-05-15T11:06:54
phongtro123,"CHO THUÊ PHÒNG TRỌ, PHÒNG ĐẸP, GIÁ RẺ",1.5 triệu/tháng,23,"Cẩm Lệ, Đà Nẵng","CHO THUÊ PHÒNG TRỌ, PHÒNG ĐẸP, GIÁ RẺ 1.5 triệu/tháng 23 m 2 Cẩm Lệ, Đà Nẵng DIỆN TÍCH: 15M2 + 8M2 GÁC LỬNG ĐỔ MÊCÓ BẾP, TOILET BÊN TRONG. MỚI SỬA SANG, SẠCH ĐẸPGẦN CHỢ HÒA CẦM (300M), GẦN KHU CÔNG NGHIỆP HÒA CẦM. KHU ĐÔNG… 1 năm trước",https://phongtro123.com/cho-thue-phong-tro-phong-dep-gia-re-3-pr664628.html,2026-05-15T11:06:54
phongtro123,Cho Thuê Phòng Trọ và Căn Hộ Sơn Trà,3 triệu/tháng,20,"Sơn Trà, Đà Nẵng","Cho Thuê Phòng Trọ và Căn Hộ Sơn Trà 3 triệu/tháng 20 m 2 Sơn Trà, Đà Nẵng Bạn đang khó chịu vì sau những giờ làm mệt mỏi lại phải về căn phòng ngột ngạt, nóng bức?️Bạn có đang lo ngại vì vấn đề an ninh ở chỗ bạn chưa… 1 năm trước",https://phongtro123.com/cho-thue-phong-tro-va-can-ho-son-tra-pr664089.html,2026-05-15T11:06:54
phongtro123,Cho thuê phòng ở tháng (Phòng khách sạn ),4.5 triệu/tháng,30,"Sơn Trà, Đà Nẵng","Cho thuê phòng ở tháng (Phòng khách sạn ) 4.5 triệu/tháng 30 m 2 Sơn Trà, Đà Nẵng Thông tin mô tảPhòng trọ quận Sơn Trà, Đà Nẵng chỉ cần xách vali vào ở 3 triệu/tháng- Vị trí: 44 Hà Bổng, Phước Mỹ, Sơn Trà, Đà Nẵng- Phòng đầy… 1 năm trước",https://phongtro123.com/cho-thue-phong-o-thang-phong-khach-san-pr663865.html,2026-05-15T11:06:54
phongtro123,"Phòng trọ cho sinh viên, công nhân - Hà Bống, Sơn Trà, ĐN",2.5 triệu/tháng,20,"Sơn Trà, Đà Nẵng","Phòng trọ cho sinh viên, công nhân - Hà Bống, Sơn Trà, ĐN 2.5 triệu/tháng 20 m 2 Sơn Trà, Đà Nẵng Cho thuê phòng ở theo tháng tại khu vực đẹp và thuận tiện của Đà nẵngphòng trang bị đầy đủ với diện tích từ 20-30m2, giá bình dân.Có chỗ để xe,… 1 năm trước",https://phongtro123.com/phong-tro-cho-sinh-vien-cong-nhan-pr663652.html,2026-05-15T11:06:54
phongtro123,"Cho thuê phòng trọ sinh viên có gác lửng gần biển, khu vực phường Thanh Khê Tây, quận Thanh",1.2 triệu/tháng,10,"Thanh Khê, Đà Nẵng","Cho thuê phòng trọ sinh viên có gác lửng gần biển, khu vực phường Thanh Khê Tây, quận Thanh 1.2 triệu/tháng 10 m 2 Thanh Khê, Đà Nẵng Cho thuê Phòng trọ sinh viên có gác lửng gần biển , khu vực phường Thanh Khê Tây quận Thanh Khê Đà Nẵngan ninh tốtsạch sẽ thoáng mátgần trường học… 1 năm trước",https://phongtro123.com/cho-thue-phong-tro-sinh-vien-cho-thue-phong-tro-sinh-vien-co-gac-lung-gan-bien-khu-vuc-phuong-thanh-khe-tay-quan-thanh-pr662929.html,2026-05-15T11:06:54
phongtro123,NHÀ TRỌ CHÍNH CHỦ CHO THUÊ không giới hạn giờ ra vô,3.5 triệu/tháng,18,"Liên Chiểu, Đà Nẵng","NHÀ TRỌ CHÍNH CHỦ CHO THUÊ không giới hạn giờ ra vô 3.5 triệu/tháng 18 m 2 Liên Chiểu, Đà Nẵng NHÀ TRỌ CHÍNH CHỦ CHO THUÊ không giới hạn giờ ra vô. Xe để miễn phí. Không chi phí phát sinh. Ở gia đình và cá nhân 1 năm trước",https://phongtro123.com/nha-tro-chinh-chu-cho-thue-18m2-co-mat-tien-buon-ban-gan-van-lang-va-2-truong-cap-3-pr657963.html,2026-05-15T11:06:54
phongtro123,"Cho thuê phòng gần chợ Đầu Mối, 3 trường Đại học, trường THPT Nguyễn Khuyến",2.5 triệu/tháng,14,"Hải Châu, Đà Nẵng","Cho thuê phòng gần chợ Đầu Mối, 3 trường Đại học, trường THPT Nguyễn Khuyến 2.5 triệu/tháng 14 m 2 Hải Châu, Đà Nẵng Phòng mới, sạch sẽ, rộng rãi, thoáng mát, có ban công, bếp, full nội thất hoặc ko nội thất tùy theo nhu cầu, diện tích từ 15m2- 45m2, khu vực để xe rộng… 1 năm trước",https://phongtro123.com/cho-thue-phong-gan-cho-dau-moi-3-truong-dai-hoc-truong-thpt-nguyen-khuyen-pr660825.html,2026-05-15T11:06:54
phongtro123,"CHO THUÊ PHÒNG TRỌ KHU VỰC HÒA PHƯỚC( GẦN CHÙA HÒA PHƯỚC), HÒA VANG, TP ĐÀ NẴNG",,10,"Hoà Vang, Đà Nẵng","CHO THUÊ PHÒNG TRỌ KHU VỰC HÒA PHƯỚC( GẦN CHÙA HÒA PHƯỚC), HÒA VANG, TP ĐÀ NẴNG 800.000 đồng/tháng 10 m 2 Hoà Vang, Đà Nẵng CHO THUÊ PHÒNG TRỌ KHU VỰC HÒA PHƯỚC( GẦN CHÙA HÒA PHƯỚC), HÒA VANG, TP ĐÀ NẴNGCÒN 1 PHÒNG DÀNH CHO 1 NGƯỜI ỞGiá thuê chỉ: 800.000đ/thángTiện ích: -… 1 năm trước",https://phongtro123.com/cho-thue-phong-tro-khu-vuc-hoa-phuoc-gan-chua-hoa-phuoc-hoa-vang-tp-da-nang-pr660743.html,2026-05-15T11:06:58
phongtro123,CHO THUÊ PHÒNG TRỌ FULL NỘI THẤT ĐẦY ĐỦ TIỆN NGHI NGAY TRUNG TÂM THÀNH PHỐ,3 triệu/tháng,30,"Thanh Khê, Đà Nẵng","CHO THUÊ PHÒNG TRỌ FULL NỘI THẤT ĐẦY ĐỦ TIỆN NGHI NGAY TRUNG TÂM THÀNH PHỐ 3 triệu/tháng 30 m 2 Thanh Khê, Đà Nẵng CÒN VÀI NGÀY NỮA TÒA NHÀ SẼ ĐI VÀO HOẠT ĐỘNGMỌI NGƯỜI ĐẾN LỰA PHÒNG PHÙ HỢP NHÉỞ NHÓM 2 ĐẾN 4 NGƯỜI485 NGUYỄN TẤT THÀNH - THANH KHÊNGAY CÁC… 1 năm trước",https://phongtro123.com/cho-thue-phong-tro-full-noi-that-day-du-tien-nghi-ngay-trung-tam-thanh-pho-pr660623.html,2026-05-15T11:06:58
phongtro123,Cho thuê phòng trọ yên tỉnh thoải mái,2.2 triệu/tháng,14,"Hải Châu, Đà Nẵng","Cho thuê phòng trọ yên tỉnh thoải mái 2.2 triệu/tháng 14 m 2 Hải Châu, Đà Nẵng Cho thuê phòng trọ yên tỉnh thoải mái vô tư. Ăn ninh.sát sân bay đà nẵng.có sân chơi cho trẻ em 0913000752. 1 năm trước",https://phongtro123.com/cho-thue-phong-tro-yen-tinh-thoai-mai-pr660085.html,2026-05-15T11:06:58
phongtro123,Cho thuê phòng trọ tại kiệt ô tô Nguyễn Đình Tứ - Hòa An – Cẩm Lệ,2.1 triệu/tháng,16,"Cẩm Lệ, Đà Nẵng","Cho thuê phòng trọ tại kiệt ô tô Nguyễn Đình Tứ - Hòa An – Cẩm Lệ 2.1 triệu/tháng 16 m 2 Cẩm Lệ, Đà Nẵng Cho thuê phòng trọ tại kiệt ô tô Nguyễn Đình Tứ - Hòa An – Cẩm Lệ:-2 loại phòng từ 15-21 m2 -Hệ thống PCCC an toàn, thang thoát hiểm trước… 1 năm trước",https://phongtro123.com/cho-thue-phong-tro-tai-kiet-o-to-nguyen-dinh-tu-hoa-an-cam-le-pr660036.html,2026-05-15T11:06:58
phongtro123,"cho thuê phòng trọ quận Thanh Khê, Đà Nẵng",2 triệu/tháng,25,"Thanh Khê, Đà Nẵng","cho thuê phòng trọ quận Thanh Khê, Đà Nẵng 2 triệu/tháng 25 m 2 Thanh Khê, Đà Nẵng Cho thuê phòng trọ tại K92 Đinh Tiên Hoàng, Thanh Khê, Đà Nẵng.Phòng có khu vực bếp, sân phơi và nhà vệ sinh riêng biệt.Phòng mới, sạch đẹp, có lắp… 1 năm trước",https://phongtro123.com/cho-thue-phong-tro-quan-thanh-khe-da-nang-2-pr641148.html,2026-05-15T11:06:58
phongtro123,Cho thuê phòng trọ có gác giá rẻ tại Đà Nẵng,1.8 triệu/tháng,25,"Thanh Khê, Đà Nẵng","Cho thuê phòng trọ có gác giá rẻ tại Đà Nẵng 1.8 triệu/tháng 25 m 2 Thanh Khê, Đà Nẵng Cho thuê phòng trọ Đà NẵngĐịa chỉ: 249/43/16 Hà Huy Tập, Phường Hòa Khê, Quận Thanh Khê, Đà NẵngGiá 1,8 đến 2 tr. diện tích phòng 25m2.Phòng gần… 1 năm trước",https://phongtro123.com/cho-thue-phong-tro-co-gac-gia-re-tai-da-nang-pr621196.html,2026-05-15T11:06:58
phongtro123,"Phòng trọ siêu đẹp gần trung tâm thành phố, Quận Cẩm Lệ, Đà Nẵng",3.4 triệu/tháng,30,"Cẩm Lệ, Đà Nẵng","Phòng trọ siêu đẹp gần trung tâm thành phố, Quận Cẩm Lệ, Đà Nẵng 3.4 triệu/tháng 30 m 2 Cẩm Lệ, Đà Nẵng Nhơn Hòa 17, P. Hoà An, Q. Cầm Lệ, TP Đà Nẵng- Cách bến xe Đà Nẵng 5 phút đi xe- Cách ĐH Duy Tân 4 phút đi xe- Cách chợ Nguyễn Huy Tưởng 4 phút đi xe-… 1 năm trước",https://phongtro123.com/phong-tro-sieu-dep-gan-trung-tam-thanh-pho-pr658529.html,2026-05-15T11:06:58
phongtro123,"CĂN HỘ, PHÒNG TRỌ ĐẦY ĐỦ TIỆN NGHI TRUNG TÂM THÀNH PHỐ",4 triệu/tháng,40,"Hải Châu, Đà Nẵng","CĂN HỘ, PHÒNG TRỌ ĐẦY ĐỦ TIỆN NGHI TRUNG TÂM THÀNH PHỐ 4 triệu/tháng 40 m 2 Hải Châu, Đà Nẵng Căn hộ, phòng trọ trung tâm thành phố, gần khu vui chơi Helio, trung tâm thương mại Lotte Mart.Căn hộ đầy đủ tiện nghi kể cả máy giặt đời mới trong… 1 năm trước",https://phongtro123.com/can-ho-phong-tro-day-du-tien-nghi-trung-tam-thanh-pho-pr658308.html,2026-05-15T11:06:58
phongtro123,Phòng trọ 63 lương định của gần trường học gần chợ,2.5 triệu/tháng,35,"Cẩm Lệ, Đà Nẵng","Phòng trọ 63 lương định của gần trường học gần chợ 2.5 triệu/tháng 35 m 2 Cẩm Lệ, Đà Nẵng Trống phòng tại 63 lương định củaPhòng có giườngDiện tích 30-35m2Có ban công mát mẻĐường rộng rải có chỗ để xe an ninhGần trường ĐH kiến… 1 năm trước",https://phongtro123.com/phong-tro-63-luong-dinh-cua-gan-truong-hoc-gan-cho-pr658153.html,2026-05-15T11:06:58
phongtro123,"CHÍNH CHỦ CHO THUÊ PHÒNG TRỌ ĐƯỜNG HOÀNG VĂN THÁI , PHƯỜNG HÒA KHÁNH NAM , QUẬN LIÊN CHIỂU , ĐÀ NẴNG",2.5 triệu/tháng,40,"Liên Chiểu, Đà Nẵng","CHÍNH CHỦ CHO THUÊ PHÒNG TRỌ ĐƯỜNG HOÀNG VĂN THÁI , PHƯỜNG HÒA KHÁNH NAM , QUẬN LIÊN CHIỂU , ĐÀ NẴNG 2.5 triệu/tháng 40 m 2 Liên Chiểu, Đà Nẵng Địa chỉ : Đường Hoàng Văn Thái , Phường Hòa Khánh Nam , Quận Liên Chiểu , Đà NẵngDiện tích 40m2Bao gồm : 1 phòng bếp rộng , 2 phòng ngủ , có gác… 1 năm trước",https://phongtro123.com/chinh-chu-cho-thue-can-ho-duong-hoang-van-thai-phuong-hoa-khanh-nam-quan-lien-chieu-da-nang-pr657998.html,2026-05-15T11:06:58
phongtro123,"Cho thuê trọ 800k, đường 84 nguyễn chánh - đà nẵng",,14,"Liên Chiểu, Đà Nẵng","Cho thuê trọ 800k, đường 84 nguyễn chánh - đà nẵng 800.000 đồng/tháng 14 m 2 Liên Chiểu, Đà Nẵng Diện tích 3,9x3,6m84 nguyễn chánh - liên chiểu - đà nẵngGiá thuê chỉ 800k/thángSđt: không - bảy - bảy - bảy - tám - hai - bốn - bảy - hai - năm 1 năm trước",https://phongtro123.com/cho-thue-tro-800k-duong-84-nguyen-chanh-da-nang-pr657960.html,2026-05-15T11:06:58
phongtro123,"Còn phòng trọ 1tr, K169 Phan Thanh, trung tâm TP, gần Đại Học Duy Tân",1 triệu/tháng,12,"Thanh Khê, Đà Nẵng","Còn phòng trọ 1tr, K169 Phan Thanh, trung tâm TP, gần Đại Học Duy Tân 1 triệu/tháng 12 m 2 Thanh Khê, Đà Nẵng Còn phòng trọ, K169 Phan Thanh, trung tâm TP, gần Đại Học Duy Tân, Cơ sở Nguyễn Văn LinhKhông chung chủ, chỗ để xe thoải máiGiá: 1 tr/tháng chưa tính điện… 1 năm trước",https://phongtro123.com/con-phong-tro-1tr-k169-phan-thanh-trung-tam-tp-gan-dai-hoc-duy-tan-pr657834.html,2026-05-15T11:06:58
phongtro123,Cho thuê phòng trọ gần cầu Hòa xuân,2 triệu/tháng,20,"Cẩm Lệ, Đà Nẵng","Cho thuê phòng trọ gần cầu Hòa xuân 2 triệu/tháng 20 m 2 Cẩm Lệ, Đà Nẵng Cho thuê phòng trọ có gác lững, tại 135 Thái Văn Lung. Gần cầu Hòa xuân, gần các trường đh Đông á, kiến trúc.Phòng thông thoáng, có chỗ phơi đồ riêng… 1 năm trước",https://phongtro123.com/cho-thue-phong-tro-gan-cau-hoa-xuan-pr656942.html,2026-05-15T11:06:58
phongtro123,Cho thuê phòng trọ 20 m2 tại đường Núi Thành,2.3 triệu/tháng,20,"Hải Châu, Đà Nẵng","Cho thuê phòng trọ 20 m2 tại đường Núi Thành 2.3 triệu/tháng 20 m 2 Hải Châu, Đà Nẵng Cho thuê phòng trọ sau lưng UBND P.Hòa cường bắc và trường cao đẳng Phương Đônggần các trung tâm thương mại và khu vui chơi giải tríDiện tích: 20m2Giá… 1 năm trước",https://phongtro123.com/cho-thue-phong-tro-20-m2-tai-duong-nui-thanh-pr656933.html,2026-05-15T11:06:58
phongtro123,"Cho thuê phòng trọ sạch sẽ, nhà có sân vườn bếp chay",2.5 triệu/tháng,35,"Hải Châu, Đà Nẵng","Cho thuê phòng trọ sạch sẽ, nhà có sân vườn bếp chay 2.5 triệu/tháng 35 m 2 Hải Châu, Đà Nẵng Cho thuê phòng trọ sạch sẽ, nhà có sân vườn bếp chayƯu tiên cho người ăn chay ..Nhà sạch sẽ, ngay trung tâm thành phố Đà Nẵng.Nhà có sân vườn và… 1 năm trước",https://phongtro123.com/cho-thue-phong-tro-sach-se-nha-co-san-vuon-bep-chay-pr656792.html,2026-05-15T11:06:58
phongtro123,Phòng trọ cho thuê giá rẻ hợp cho sinh viên và công nhân,1.2 triệu/tháng,12,"Thanh Khê, Đà Nẵng","Phòng trọ cho thuê giá rẻ hợp cho sinh viên và công nhân 1.2 triệu/tháng 12 m 2 Thanh Khê, Đà Nẵng Còn trống 3phòng diện tích 10-12m2 có nhà vệ sinh riêng biệtGần các trường đại học,gần chợ Phú lộc...Kiệt rộng hai ô tô có thể tránh nhau.Có sẵn… 1 năm trước",https://phongtro123.com/phong-tro-cho-thue-gia-re-hop-cho-sinh-vien-va-cong-nhan-pr656874.html,2026-05-15T11:06:58
phongtro123,Cho thuê phòng trọ mới xây phường Khuê Mỹ quận Ngũ Hành Sơn,2.5 triệu/tháng,25,"Ngũ Hành Sơn, Đà Nẵng","Cho thuê phòng trọ mới xây phường Khuê Mỹ quận Ngũ Hành Sơn 2.5 triệu/tháng 25 m 2 Ngũ Hành Sơn, Đà Nẵng Cho thuê phòng trọ mới xây đg k 20 phường Khuê Mỹ,quận ngũ hành Sơn25m2nội thất có máy nóng lạnh, điều hòa, wifikhông chung chủ, tolet riênggiá thuê… 1 năm trước",https://phongtro123.com/cho-thue-phong-tro-moi-xay-phuong-khue-my-quan-ngu-hanh-son-pr656028.html,2026-05-15T11:06:58
phongtro123,"Phòng trọ Âu Cơ, Hoà Khánh, 30m2, thoáng mát",1.1 triệu/tháng,30,"Liên Chiểu, Đà Nẵng","Phòng trọ Âu Cơ, Hoà Khánh, 30m2, thoáng mát 1.1 triệu/tháng 15 m 2 Liên Chiểu, Đà Nẵng Phòng trọ công nhân, sinh viên thoáng mát, giá rẻ, toilet riêng:- 15m2, toilet riêng mỗi phòng.- Mặt tiền hẻm thoáng mát, để xe thoải mái, giờ giấc tự do-… 1 năm trước",https://phongtro123.com/phong-tro-au-co-hoa-khanh-30m2-thoang-mat-pr655826.html,2026-05-15T11:06:58
phongtro123,Cho thuê phòng trọ tại 56/2 Trần Bình Trọng.,2 triệu/tháng,20,"Hải Châu, Đà Nẵng","Cho thuê phòng trọ tại 56/2 Trần Bình Trọng. 2 triệu/tháng 20 m 2 Hải Châu, Đà Nẵng Có 2 phòng trọ cần cho thuê.Diện Tích: 20m2.Có 3 cửa sổ,thoáng mát.khu dân cư yên tĩnh,an ninh tốt.Có Wifi miễn phí.Có sẵn giường,bàn làm… 1 năm trước",https://phongtro123.com/cho-thue-phong-tro-tai-56-2-tran-binh-trong-pr655523.html,2026-05-15T11:06:58
phongtro123,"Cho thuê phòng trọ 135 Tô Hiệu, Phường Hòa Minh, Quận Liên Chiểu, Đà Nẵng!",1.5 triệu/tháng,30,"Liên Chiểu, Đà Nẵng","Cho thuê phòng trọ 135 Tô Hiệu, Phường Hòa Minh, Quận Liên Chiểu, Đà Nẵng! 1.5 triệu/tháng 30 m 2 Liên Chiểu, Đà Nẵng - Diện tích phòng trọ 30 m2 - Có dảy hiên rộng 2m để xe và ....- Có chổ phơi đồ- Ở mặt đường Tô hiệu. 1 năm trước",https://phongtro123.com/cho-thue-phong-tro-135-to-hieu-phuong-hoa-minh-quan-lien-chieu-da-nang-pr655476.html,2026-05-15T11:06:58
phongtro123,Phòng trọ cho nữ thuê quận Thanh Khê,1.5 triệu/tháng,12,"Thanh Khê, Đà Nẵng","Phòng trọ cho nữ thuê quận Thanh Khê 1.5 triệu/tháng 12 m 2 Thanh Khê, Đà Nẵng Phòng sạch sẽ thoáng mát, điện nước theo giá nhà nướcCó wifi, có điều hoà, chỗ phơi đồ, để xe rộng rãi.Khu vực an ninh tốtGiá cho thuê: 1.5trLiên… 1 năm trước",https://phongtro123.com/phong-tro-cho-nu-thue-quan-thanh-khe-pr654560.html,2026-05-15T11:07:02
phongtro123,"Phòng trọ khu vực Thanh Khê, Đà Nẵng",2.7 triệu/tháng,24,"Thanh Khê, Đà Nẵng","Phòng trọ khu vực Thanh Khê, Đà Nẵng 2.7 triệu/tháng 24 m 2 Thanh Khê, Đà Nẵng Phòng sạch sẽ thoáng mát, rộng rãiMặt tiền kiệt, có gác lửng, wifi, điện nước theo giá nhà nướcKhu vực an ninh tốtGiá phòng: 2.7trGọi ngay… 1 năm trước",https://phongtro123.com/phong-tro-khu-vuc-thanh-khe-da-nang-pr654561.html,2026-05-15T11:07:02
phongtro123,Phòng trọ gác lửng gần ĐH Kinh tế sau KTX DMC,2 triệu/tháng,20,"Ngũ Hành Sơn, Đà Nẵng","Phòng trọ gác lửng gần ĐH Kinh tế sau KTX DMC 2 triệu/tháng 20 m 2 Ngũ Hành Sơn, Đà Nẵng Phòng có gác lửng, nhà vệ sinh riêng, có bếp nấu ăn.Gần chợ, gần biển, gần ĐH Kinh tếAn ninh toitsgiờ giấc tự do, ko chung chủ 2 năm trước",https://phongtro123.com/phong-tro-gac-lung-gan-dh-kinh-te-sau-ktx-dmc-pr654657.html,2026-05-15T11:07:02
phongtro123,"Chính Chủ Cần Cho Thuê Phòng Trọ Vị Trí Đẹp Tại Quận Ngũ Hành Sơn, Đà Nẵng",2.5 triệu/tháng,22,"Ngũ Hành Sơn, Đà Nẵng","Chính Chủ Cần Cho Thuê Phòng Trọ Vị Trí Đẹp Tại Quận Ngũ Hành Sơn, Đà Nẵng 2.5 triệu/tháng 22 m 2 Ngũ Hành Sơn, Đà Nẵng Chính Chủ Cần Cho Thuê Phòng Trọ Vị Trí Đẹp Tại Quận Ngũ Hành Sơn, Đà NẵngĐịa Chỉ : Đường Bà Bang Nhãn, Phường Hòa Hải, Quận Ngũ Hành Sơn, Đà… 2 năm trước",https://phongtro123.com/chinh-chu-can-cho-thue-phong-tro-vi-tri-dep-tai-quan-ngu-hanh-son-da-nang-pr654539.html,2026-05-15T11:07:02
phongtro123,"Phòng trọ giá rẻ, sạch sẽ, an toàn gần KCN Hòa Khánh",,12,"Liên Chiểu, Đà Nẵng","Phòng trọ giá rẻ, sạch sẽ, an toàn gần KCN Hòa Khánh 550.000 đồng/tháng 12 m 2 Liên Chiểu, Đà Nẵng Chào các bạn!Hiện nhà mình đang cho thuê phòng trọ gần KCN Hòa Khánh, gần trục đường chính Nguyễn Lương Bằng. Nhà trọ bên mình rất sạch sẽ, an toàn… 2 năm trước",https://phongtro123.com/phong-tro-gia-re-sach-se-an-toan-gan-kcn-hoa-khanh-pr654113.html,2026-05-15T11:07:02
phongtro123,"Phòng trọ 346 Ngũ Hành Sơn, Mỹ An, quận Ngũ Hành Sơn, Đà Nẵng.",2.7 triệu/tháng,32,"Ngũ Hành Sơn, Đà Nẵng","Phòng trọ 346 Ngũ Hành Sơn, Mỹ An, quận Ngũ Hành Sơn, Đà Nẵng. 2.7 triệu/tháng 32 m 2 Ngũ Hành Sơn, Đà Nẵng Cho thuê phòng trọ ở 346 Ngũ Hành Sơn, quận Ngũ Hành Sơn, Đà Nẵng. Giá 2,7 triệu -- 3,2 triệu/1 phòng/1 tháng, có nhà vệ sinh riêng, hệ thống nóng lạnh từng… 2 năm trước",https://phongtro123.com/phong-tro-346-ngu-hanh-son-my-an-quan-ngu-hanh-son-da-nang-pr639946.html,2026-05-15T11:07:02
phongtro123,"Phòng trọ mới xây sạch sẽ, có gác lững. Khu an ninh tốt",2.2 triệu/tháng,20,"Cẩm Lệ, Đà Nẵng","Phòng trọ mới xây sạch sẽ, có gác lững. Khu an ninh tốt 2.2 triệu/tháng 20 m 2 Cẩm Lệ, Đà Nẵng Còn 1 phòng trống thoát sạch sẽ, có gác lững. Có điều hoà. Có chỗ để xe , camera an ninh đầy đủ . Wifi miễn phí, không chung chủ giờ tự do. 2 năm trước",https://phongtro123.com/phong-tro-moi-xay-sach-se-khu-an-ninh-tot-pr310175.html,2026-05-15T11:07:02
phongtro123,"Cho thuê phòng trọ, cách bến xe đà nẵng 100m",1.7 triệu/tháng,100,"Liên Chiểu, Đà Nẵng","Cho thuê phòng trọ, cách bến xe đà nẵng 100m 1.7 triệu/tháng 20 m 2 Liên Chiểu, Đà Nẵng Cho thuê phòng tại 50 Đàm Văn Lễ song song đường tôn đức thắng, cách bến xe trung tâm 200m, cách chợ 200m.* Camera 24/7, Điện 3500/ số, Wifi + Vệ sinh + Nước… 2 năm trước",https://phongtro123.com/cho-thue-phong-tro-cach-ben-xe-da-nang-100m-pr653658.html,2026-05-15T11:07:02
phongtro123,Cho thuê phòng trọ tại đường Điện Biên Phủ,2.5 triệu/tháng,20,"Thanh Khê, Đà Nẵng","Cho thuê phòng trọ tại đường Điện Biên Phủ 2.5 triệu/tháng 20 m 2 Thanh Khê, Đà Nẵng Cho thuê phòng trọ tại đường ĐIện Biên PhủKiệt thông 2 đường lớnPhòng mới, thoáng mátCó gác lửng, điều hòa, nước nóng, wifi.Khu vực có an ninh… 2 năm trước",https://phongtro123.com/cho-thue-phong-tro-tai-duong-dien-bien-phu-2-pr653427.html,2026-05-15T11:07:02
phongtro123,"Cho thuê phòng trọ trung tâm quận Thanh khê. Giá 1,4 tr/thg",1.4 triệu/tháng,13,"Thanh Khê, Đà Nẵng","Cho thuê phòng trọ trung tâm quận Thanh khê. Giá 1,4 tr/thg 1.4 triệu/tháng 13 m 2 Thanh Khê, Đà Nẵng - Cho thuê phòng trọ trung tâm quận Thanh khê có wc khép kín, không chung chủ, giờ giấc tự do, tự quản. Cổng sắt ra vào nhà để xe có khóa số, có camera an… 2 năm trước",https://phongtro123.com/cho-thue-phong-tro-trung-tam-quan-thanh-khe-gia-1-4-tr-thg-pr653133.html,2026-05-15T11:07:02
phongtro123,Cho thuê dài hạn ở 2 người thật thà,3 triệu/tháng,70,"Cẩm Lệ, Đà Nẵng","Cho thuê dài hạn ở 2 người thật thà 3 triệu/tháng 70 m 2 Cẩm Lệ, Đà Nẵng Phòng rộng 70m2 thoáng có đầy đủ tiện nghi có bàn ghế giường tủ máy giặt máy nước nóng quạt hành lang rộng thoáng 2 năm trước",https://phongtro123.com/cho-thue-dai-han-o-2-nguoi-that-tha-pr652658.html,2026-05-15T11:07:02
phongtro123,"Phòng trọ mới trung tâm Liên Chiểu, Đà Nẵng",1.4 triệu/tháng,20,"Liên Chiểu, Đà Nẵng","Phòng trọ mới trung tâm Liên Chiểu, Đà Nẵng 1.4 triệu/tháng 20 m 2 Liên Chiểu, Đà Nẵng Đ/c phòng: K68 Ngô Sĩ Liên, Phường Hòa Minh, Quận Liên Chiểu, Đà NẵngPhòng rộng, tường ốp gạch menNhà vệ sinh riêng sạch sẽGiờ giấc tự do. Gần… 2 năm trước",https://phongtro123.com/phong-tro-moi-trung-tam-lien-chieu-pr651623.html,2026-05-15T11:07:02
phongtro123,"Cho thuê phòng trọ giá rẻ, gần biển thoáng mát K428/19 Trần Cao Vân, quận Thanh Khê",1.3 triệu/tháng,10,"Thanh Khê, Đà Nẵng","Cho thuê phòng trọ giá rẻ, gần biển thoáng mát K428/19 Trần Cao Vân, quận Thanh Khê 1.3 triệu/tháng 10 m 2 Thanh Khê, Đà Nẵng Cho thuê phòng trọ giá rẻ, gần biển thoáng mát K428/19 Trần Cao Vân, quận Thanh KhêDiện tích 1,3 triệu/thángKhu giao thông thuận tiện, gần trường ĐH Sư… 2 năm trước",https://phongtro123.com/cho-thue-phong-tro-gia-re-gan-bien-thoang-mat-k428-19-tran-cao-van-quan-thanh-khe-pr651420.html,2026-05-15T11:07:02
phongtro123,"Cho nữ thuê phòng trọ trống sẵn, sạch sẽ, đủ nội thất, thoáng ngay Hoài Thanh, Ngũ Hành Sơn",2 triệu/tháng,20,"Ngũ Hành Sơn, Đà Nẵng","Cho nữ thuê phòng trọ trống sẵn, sạch sẽ, đủ nội thất, thoáng ngay Hoài Thanh, Ngũ Hành Sơn 2 triệu/tháng 20 m 2 Ngũ Hành Sơn, Đà Nẵng Cho nữ thuê phòng trọ trống sẵn, sạch sẽ, đủ nội thất, thoáng ngay Hoài Thanh, Ngũ Hành SơnSẵn phòng trống ở tầng 1Khu Đối diện trường ĐH kinh… 2 năm trước",https://phongtro123.com/cho-nu-thue-phong-tro-trong-san-sach-se-du-noi-that-thoang-ngay-hoai-thanh-ngu-hanh-son-pr651367.html,2026-05-15T11:07:02
phongtro123,Cho thuê phòng trọ giá 1tr5 đã bao gồm điện nước,1.5 triệu/tháng,30,"Thanh Khê, Đà Nẵng","Cho thuê phòng trọ giá 1tr5 đã bao gồm điện nước 1.5 triệu/tháng 30 m 2 Thanh Khê, Đà Nẵng Không chung chủ, giờ giấc tự doGần siêu thị, chợ cồn, cầu rồng1tr5 đã bao gồm điện nước wifiGần trường đại học Duy tânCó hành lang phơi đồ… 2 năm trước",https://phongtro123.com/cho-thue-phong-tro-gia-1tr5-da-bao-gom-dien-nuoc-pr651294.html,2026-05-15T11:07:02
phongtro123,"Cho thuê phòng trọ có bếp, wc riêng giá rẻ, sẵn giường, tủ, bàn học ở 150 Huỳnh Tấn Phát",1.6 triệu/tháng,20,"Hải Châu, Đà Nẵng","Cho thuê phòng trọ có bếp, wc riêng giá rẻ, sẵn giường, tủ, bàn học ở 150 Huỳnh Tấn Phát 1.6 triệu/tháng 20 m 2 Hải Châu, Đà Nẵng Cho thuê phòng trọ có bếp, wc riêng giá rẻ, sẵn giường, tủ, bàn học ở 150 Huỳnh Tấn PhátGía 1,6 triệu/thángĐịa chỉ: 150 Huỳnh Tấn Phát, Phường Hòa… 2 năm trước",https://phongtro123.com/cho-thue-phong-tro-co-bep-wc-rieng-gia-re-san-giuong-tu-ban-hoc-o-150-huynh-tan-phat-pr651077.html,2026-05-15T11:07:02
phongtro123,"Phòng trọ 20, Lỗ Giáng 8, Hòa Xuân, Cẩm Lệ.",1.9 triệu/tháng,20,"Cẩm Lệ, Đà Nẵng","Phòng trọ 20, Lỗ Giáng 8, Hòa Xuân, Cẩm Lệ. 1.9 triệu/tháng 20 m 2 Cẩm Lệ, Đà Nẵng Phòng trọ 20, Đường Lỗ Giáng 8, Hòa Xuân, Cẩm Lệ, Đà Nẵng. Đt: 0388542065Phòng mới, sạch, thoáng,yên tĩnh, wife miễn phí, toilet riêng, camera an ninh,chỗ… 2 năm trước",https://phongtro123.com/phong-tro-20-lo-giang-8-hoa-xuan-cam-le-pr639058.html,2026-05-15T11:07:02
phongtro123,Cho thuê phòng trọ tại khu vực trung tâm Thanh Khê,1.5 triệu/tháng,12,"Thanh Khê, Đà Nẵng","Cho thuê phòng trọ tại khu vực trung tâm Thanh Khê 1.5 triệu/tháng 12 m 2 Thanh Khê, Đà Nẵng Mình đăng tin cho thuê giùm chủ nhàChính chủ còn 1 phòng trống cho thuê rộng 12m2, sạch đẹpCó toilet riêng, có chỗ để xe riêngKvuc an ninh, chủ nhà thân… 2 năm trước",https://phongtro123.com/con-1-phong-trong-cho-thue-khu-vuc-trung-tam-thanh-khe-pr650924.html,2026-05-15T11:07:02
phongtro123,"Cho thuê phòng sạch sẽ, thang máy 299 Nguyễn Hữu Thọ, Hòa Cường Bắc, Hải Châu",2.8 triệu/tháng,25,"Hải Châu, Đà Nẵng","Cho thuê phòng sạch sẽ, thang máy 299 Nguyễn Hữu Thọ, Hòa Cường Bắc, Hải Châu 2.8 triệu/tháng 25 m 2 Hải Châu, Đà Nẵng Cho thuê phòng sạch sẽ, thang máy 299 Nguyễn Hữu Thọ, Hòa Cường Bắc, Hải ChâuFULL nội thất, di chuyển bằng thang máyCó thang máy và máy giặt, sấyKhu… 2 năm trước",https://phongtro123.com/cho-thue-phong-sach-se-thang-may-299-nguyen-huu-tho-hoa-cuong-bac-hai-chau-pr650766.html,2026-05-15T11:07:02
phongtro123,"Cho thuê phòng trọ có gác lửng, sạch thoáng tại 25 Bàu Mạc 15, gần ĐH Bách Khoa Đà Nẵng",1.8 triệu/tháng,15,"Liên Chiểu, Đà Nẵng","Cho thuê phòng trọ có gác lửng, sạch thoáng tại 25 Bàu Mạc 15, gần ĐH Bách Khoa Đà Nẵng 1.8 triệu/tháng 15 m 2 Liên Chiểu, Đà Nẵng Cho thuê phòng trọ có gác tại 25 Bàu Mạc 15, Liên ChiểuCách ĐH Bách Khoa Đà Nẵng chỉ 2kmPhòng thoáng, sạch sẽ, không chung chủỞ được 3 người, giờ… 2 năm trước",https://phongtro123.com/cho-thue-phong-tro-co-gac-lung-sach-thoang-tai-25-bau-mac-15-gan-dh-bach-khoa-da-nang-pr650716.html,2026-05-15T11:07:02
phongtro123,"Cho thuê căn hộ mini có thang máy, sạch sẽ, thoáng ngay Võ Chí Công, Hòa Xuân, Cẩm Lệ",3.5 triệu/tháng,30,"Cẩm Lệ, Đà Nẵng","Cho thuê căn hộ mini có thang máy, sạch sẽ, thoáng ngay Võ Chí Công, Hòa Xuân, Cẩm Lệ 3.5 triệu/tháng 30 m 2 Cẩm Lệ, Đà Nẵng Cho thuê căn hộ mini có thang máy, sạch sẽ, thoáng ngay Võ Chí Công, Hòa Xuân, Cẩm LệKhu gần đại học Ngoại Ngữ, Đông Á, Việt Hàn, FPT, Kiến Trúc, Y… 2 năm trước",https://phongtro123.com/cho-thue-can-ho-mini-co-thang-may-sach-se-thoang-ngay-vo-chi-cong-hoa-xuan-cam-le-pr650715.html,2026-05-15T11:07:06
phongtro123,"Cho thuê phòng trọ không chung chủ, gần đại học Đông Á, Kiến Trúc ở 12 đường Trường Sơn, Cẩm…",1.4 triệu/tháng,20,"Cẩm Lệ, Đà Nẵng","Cho thuê phòng trọ không chung chủ, gần đại học Đông Á, Kiến Trúc ở 12 đường Trường Sơn, Cẩm… 1.4 triệu/tháng 20 m 2 Cẩm Lệ, Đà Nẵng Cho thuê phòng trọ không chung chủ ở 12 đường Trường Sơn, Cẩm Lệ, Đà NẵngDiện tích 20m2Gần đại học Đông Á, đại học Kiến TrúcCó chỗ đậu xe,… 2 năm trước",https://phongtro123.com/cho-thue-phong-tro-khong-chung-chu-gan-dai-hoc-dong-a-kien-truc-o-12-duong-truong-son-cam-le-da-nang-pr650666.html,2026-05-15T11:07:06
phongtro123,"Cho thuê phòng trọ có gác, sạch sẽ, thoáng đường Nguyễn Đình Hoàn, Sơn Trà",2 triệu/tháng,20,"Sơn Trà, Đà Nẵng","Cho thuê phòng trọ có gác, sạch sẽ, thoáng đường Nguyễn Đình Hoàn, Sơn Trà 2 triệu/tháng 20 m 2 Sơn Trà, Đà Nẵng Cho thuê phòng trọ có gác, sạch sẽ, thoáng đường Nguyễn Đình Hoàn, Sơn TràPhòng rộng rãi, có kệ bếpKhu không ngập lụt, không chung chủ, ở khu biệt… 2 năm trước",https://phongtro123.com/cho-thue-phong-tro-co-gac-sach-se-thoang-duong-nguyen-dinh-hoan-son-tra-pr650662.html,2026-05-15T11:07:06
phongtro123,"Cho thuê căn hộ mini sạch sẽ, nội thất cơ bản Đường Đá Mọc 1, Hòa Minh, Liên Chiểu",2.5 triệu/tháng,45,"Liên Chiểu, Đà Nẵng","Cho thuê căn hộ mini sạch sẽ, nội thất cơ bản Đường Đá Mọc 1, Hòa Minh, Liên Chiểu 2.5 triệu/tháng 45 m 2 Liên Chiểu, Đà Nẵng Cho thuê căn hộ mini sạch sẽ Đường Đá Mọc 1, Hòa Minh, Liên ChiểuDiện tích 45m2Phòng thoáng mát, rộng rãiNội thất cơ bản, có 1 phòng ngủ, chỗ nấu… 2 năm trước",https://phongtro123.com/cho-thue-can-ho-mini-sach-se-noi-that-co-ban-duong-da-moc-1-hoa-minh-lien-chieu-pr650659.html,2026-05-15T11:07:06
phongtro123,"Cho thuê căn hộ studio có máy giăt riêng, đủ NT, ở đường Đoàn Khuê, gần ĐH Kinh Tế, chợ Khuê Mỹ",4 triệu/tháng,25,"Ngũ Hành Sơn, Đà Nẵng","Cho thuê căn hộ studio có máy giăt riêng, đủ NT, ở đường Đoàn Khuê, gần ĐH Kinh Tế, chợ Khuê Mỹ 4 triệu/tháng 25 m 2 Ngũ Hành Sơn, Đà Nẵng Cho thuê căn hộ studio thoáng mát, đủ NT, ở đường Đoàn Khuê, gần ĐH Kinh Tế, chợ Khuê MỹNgay khu Nam Việt Á (NHS), gần bệnh viện 600 giườngCăn có máy… 2 năm trước",https://phongtro123.com/cho-thue-can-ho-studio-co-may-giat-rieng-du-nt-o-duong-doan-khue-gan-dh-kinh-te-cho-khue-my-pr650657.html,2026-05-15T11:07:06
phongtro123,"Cho thuê căn hộ studio mới thoáng mát, có cửa sổ ngay Đường Diên Hồng, gần cầu Hòa Xuân, Đà Nẵng",3.5 triệu/tháng,25,"Cẩm Lệ, Đà Nẵng","Cho thuê căn hộ studio mới thoáng mát, có cửa sổ ngay Đường Diên Hồng, gần cầu Hòa Xuân, Đà Nẵng 3.5 triệu/tháng 25 m 2 Cẩm Lệ, Đà Nẵng Cho thuê căn hộ studio mới thoáng mátĐịa chỉ: Diên Hồng, Phường Hòa Xuân, Quận Cẩm LêjKhu vực gần chợ đầu mối, cầu Hòa Xuân, Đại học Đông Á,… 2 năm trước",https://phongtro123.com/cho-thue-can-ho-studio-moi-thoang-mat-co-cua-so-ngay-duong-dien-hong-gan-cau-hoa-xuan-da-nang-pr650654.html,2026-05-15T11:07:06
phongtro123,"Cho thuê căn hộ sạch đẹp, thoáng ngay đường Hoàng Xuân Nhị, gần đại học Kiến Trúc, đại học…",3.7 triệu/tháng,25,"Hải Châu, Đà Nẵng","Cho thuê căn hộ sạch đẹp, thoáng ngay đường Hoàng Xuân Nhị, gần đại học Kiến Trúc, đại học… 3.7 triệu/tháng 25 m 2 Hải Châu, Đà Nẵng Cho thuê căn hộ sạch đẹp, thoáng ngay đường Hoàng Xuân NhịVị trí giao thông thuận tiện, gần đại học Kiến Trúc, đại học Đông ÁCăn được trang… 2 năm trước",https://phongtro123.com/cho-thue-can-ho-sach-dep-thoang-ngay-duong-hoang-xuan-nhi-gan-dai-hoc-kien-truc-dai-hoc-dong-a-pr650650.html,2026-05-15T11:07:06
phongtro123,Cho thuê phòng trọ ở trung tâm thành phố Đà Nẵng,1.9 triệu/tháng,18,"Hải Châu, Đà Nẵng","Cho thuê phòng trọ ở trung tâm thành phố Đà Nẵng 1.9 triệu/tháng 18 m 2 Hải Châu, Đà Nẵng Cho thuê phòng trọ rộng 14 - 18m2 tại 132 Duy Tân, phường Hòa Thuận Tây, Quận Hải Châu, Đà Nẵng.Có nhà tắm, tollet, kệ nấu ăn.Phòng đang trống có… 2 năm trước",https://phongtro123.com/cho-thue-phong-tro-o-trung-tam-thanh-pho-da-nang-pr646533.html,2026-05-15T11:07:06
phongtro123,Cho thuê phòng trọ có gác lửng ngay công viên Bình An. Giá 2tr,2 triệu/tháng,40,"Hải Châu, Đà Nẵng","Cho thuê phòng trọ có gác lửng ngay công viên Bình An. Giá 2tr 2 triệu/tháng 40 m 2 Hải Châu, Đà Nẵng Tôi cho thuê phòng trọ có gác lững 20m2Phòng có dt 20m2, dtsd 40m2.1 wc khép kín.Thích hợp ở được 2 ngươi.Giá 2 triệuĐiện 3,500đ/ 1chu. Nươc 40k /… 2 năm trước",https://phongtro123.com/cho-thue-phong-tro-co-gac-lung-ngay-cong-vien-binh-an-gia-2trieu-pr650512.html,2026-05-15T11:07:06
phongtro123,"Cho thuê phòng trọ sạch đẹp, sẵn nội thất, có thang máy ngay 138 Lê Duẩn cuối tháng 3 trống",3.3 triệu/tháng,25,"Hải Châu, Đà Nẵng","Cho thuê phòng trọ sạch đẹp, sẵn nội thất, có thang máy ngay 138 Lê Duẩn cuối tháng 3 trống 3.3 triệu/tháng 25 m 2 Hải Châu, Đà Nẵng Cho thuê phòng trọ sạch đẹp, sẵn nội thất ngay 138 Lê Duẩn cuối tháng 3 trốngPhòng 201, phòng 501Phòng có bếp, thang máy tiện di chuyểnCó wifi, máy giặt… 2 năm trước",https://phongtro123.com/cho-thue-phong-tro-sach-dep-san-noi-that-co-thang-may-ngay-138-le-duan-cuoi-thang-3-trong-pr650393.html,2026-05-15T11:07:06
phongtro123,"31/3 trống phòng trọ ngay 75 Mai Xuân Thưởng, Thanh Khê, Đà Nẵng",2.5 triệu/tháng,75,"Thanh Khê, Đà Nẵng","31/3 trống phòng trọ ngay 75 Mai Xuân Thưởng, Thanh Khê, Đà Nẵng 2.5 triệu/tháng 25 m 2 Thanh Khê, Đà Nẵng 31/3 trống phòng trọ ngay 75 Mai Xuân Thưởng, Thanh Khê, Đà NẵngKhông điều hòa/ có nội thấtGía thuê 2,5 triệu/tháng (ở từ 1 đến 2 người)Phòng có… 2 năm trước",https://phongtro123.com/31-3-trong-phong-tro-ngay-75-mai-xuan-thuong-thanh-khe-da-nang-pr650387.html,2026-05-15T11:07:06
phongtro123,"Cho thuê phòng trọ có gác lửng, bếp, cửa sổ thoáng tại 172 Huỳnh Văn Nghệ, Ngũ Hành Sơn",1.8 triệu/tháng,20,"Ngũ Hành Sơn, Đà Nẵng","Cho thuê phòng trọ có gác lửng, bếp, cửa sổ thoáng tại 172 Huỳnh Văn Nghệ, Ngũ Hành Sơn 1.8 triệu/tháng 20 m 2 Ngũ Hành Sơn, Đà Nẵng Cho thuê phòng trọ có gác lửng, bếp, cửa sổ thoáng tại 172 Huỳnh Văn Nghệ, Ngũ Hành SơnPhòng mát mẻ, sạch sẽ, không có nội thấtGía thuê 1,8… 2 năm trước",https://phongtro123.com/cho-thue-phong-tro-co-gac-lung-bep-cua-so-thoang-tai-172-huynh-van-nghe-ngu-hanh-son-pr650385.html,2026-05-15T11:07:06
phongtro123,"Cho thuê phòng trọ mới sơn sửa, sẵn nội thất cơ bản K12/6 Trường Sơn, gần khu công nghiệp Hòa Cầm",1.6 triệu/tháng,20,"Cẩm Lệ, Đà Nẵng","Cho thuê phòng trọ mới sơn sửa, sẵn nội thất cơ bản K12/6 Trường Sơn, gần khu công nghiệp Hòa Cầm 1.6 triệu/tháng 20 m 2 Cẩm Lệ, Đà Nẵng Cho thuê phòng trọ mới sơn sửa K12/6 Trường Sơn, gần khu công nghiệp Hòa CầmPhòng mới được sơn sửa, có sẵn nội thất cơ bản, chỉ việc vô ởPhòng… 2 năm trước",https://phongtro123.com/cho-thue-phong-tro-moi-son-sua-san-noi-that-co-ban-k12-6-truong-son-gan-khu-cong-nghiep-hoa-cam-pr650317.html,2026-05-15T11:07:06
phongtro123,"Cho thuê phòng trọ có gác lửng, thoáng, có wc riêng ngay 38 Cổ Mân Lan 2, Cẩm Lệ",1.5 triệu/tháng,20,"Cẩm Lệ, Đà Nẵng","Cho thuê phòng trọ có gác lửng, thoáng, có wc riêng ngay 38 Cổ Mân Lan 2, Cẩm Lệ 1.5 triệu/tháng 20 m 2 Cẩm Lệ, Đà Nẵng Cuối tháng trống 1 phòng duy nhấtĐịa chỉ: 38 Cổ Mân Lan 2, phường Hòa Xuân, quận Cẩm Lệ, Đà Nẵng. Phòng có gác lửng thoáng mát và vệ sinh… 2 năm trước",https://phongtro123.com/cho-thue-phong-tro-co-gac-lung-thoang-co-wc-rieng-ngay-38-co-man-lan-2-cam-le-pr650312.html,2026-05-15T11:07:06
phongtro123,"Phòng trọ đường Bùi chát gần KCN Hoà Khánh, khu vực an ninh và tiện ích",,19,"Liên Chiểu, Đà Nẵng","Phòng trọ đường Bùi chát gần KCN Hoà Khánh, khu vực an ninh và tiện ích 750.000 đồng/tháng 19 m 2 Liên Chiểu, Đà Nẵng Cho thuê phòng trọ gần kcn Hoà Khánh. Phòng rộng rãi thoáng mát, có toilet riêng, có gác lửng.Gần chợ, gần trường học.Vui lòng liên hệ 0988433893 khi có nhu… 2 năm trước",https://phongtro123.com/phong-tro-19m2-duong-bui-chat-gan-kcn-hoa-khanh-pr646713.html,2026-05-15T11:07:06
phongtro123,Cho thuê phòng trọ full nội thất,2.4 triệu/tháng,30,"Liên Chiểu, Đà Nẵng","Cho thuê phòng trọ full nội thất 2.4 triệu/tháng 30 m 2 Liên Chiểu, Đà Nẵng Cho thuê phòng rộng 3-4 người ở full nội thất (tivi l, điều hoà, nóng lạnh, bếp,...) -KV Hoà Khánh-0934.859.688. Giá 2.4tr/thángĐc: sát số 159 Nguyễn Chánh-… 2 năm trước",https://phongtro123.com/cho-thue-phong-tro-full-noi-that-478-pr650151.html,2026-05-15T11:07:06
phongtro123,"Cho thuê phòng trọ K78/30/18 Lê Thanh Nghị gần chờ Hòa Cường, Đà Nẵng",2.3 triệu/tháng,20,"Hải Châu, Đà Nẵng","Cho thuê phòng trọ K78/30/18 Lê Thanh Nghị gần chờ Hòa Cường, Đà Nẵng 2.3 triệu/tháng 20 m 2 Hải Châu, Đà Nẵng Cho thuê trọ khu vực Hải Châu Đà NẵngGía thuê 2,3 triệu/thángĐịa chỉ : K78/30/18 Lê Thanh Nghị, Phường Hòa Cường Nam, Quận Hải Châu, Đà NẵngKhu vực… 2 năm trước",https://phongtro123.com/cho-thue-phong-tro-k78-30-18-le-thanh-nghi-gan-cho-hoa-cuong-da-nang-pr649909.html,2026-05-15T11:07:06
phongtro123,"Cho thuê phòng trọ có cửa sổ tháng mát, nội thất đầy đủ ngay 158 Nguyễn Chí Thanh, Hải Châu",3 triệu/tháng,25,"Hải Châu, Đà Nẵng","Cho thuê phòng trọ có cửa sổ tháng mát, nội thất đầy đủ ngay 158 Nguyễn Chí Thanh, Hải Châu 3 triệu/tháng 25 m 2 Hải Châu, Đà Nẵng Cho thuê phòng trọ có cửa sổ tháng mát, nội thất đầy đủ ngay 158 Nguyễn Chí Thanh, Hải ChâuPhòng 303 Phòng có bếp, được trang bị… 2 năm trước",https://phongtro123.com/cho-thue-phong-tro-co-cua-so-thang-mat-noi-that-day-du-ngay-158-nguyen-chi-thanh-hai-chau-pr649905.html,2026-05-15T11:07:06
phongtro123,"Welcome Xíu’s Home!! Home xinh giá rẻ - Free wifi, camera an ninh",1.3 triệu/tháng,22,"Liên Chiểu, Đà Nẵng","Welcome Xíu’s Home!! Home xinh giá rẻ - Free wifi, camera an ninh 1.3 triệu/tháng 22 m 2 Liên Chiểu, Đà Nẵng Thanh Vinh 4, cạnh khu công nghiệp HK, Chợ, trường học. Toilet, bếp khép kín, có gác lửng, phòng mới, cam an ninh miễn phí, wifi miễn phí.LH: 0983.008.084Mình… 2 năm trước",https://phongtro123.com/welcome-xiu-s-home-home-xinh-gia-re-free-wifi-camera-an-ninh-pr649872.html,2026-05-15T11:07:06
phongtro123,HP House ( All new 100%) Gần trục đường Xô Viết Nghệ Tĩnh,2.7 triệu/tháng,23,"Hải Châu, Đà Nẵng","HP House ( All new 100%) Gần trục đường Xô Viết Nghệ Tĩnh 2.7 triệu/tháng 23 m 2 Hải Châu, Đà Nẵng HP House (All new 100%) Chính chủ: Gần trục đường Xô Viết Nghệ Tĩnh- Gần Đại Học Kiến Trúc , Đông Á, Đại Học Ngoại ngữTiện ích: Gác đúc,… 2 năm trước",https://phongtro123.com/cho-thue-phong-tro-noi-that-moi-100-2-pr647578.html,2026-05-15T11:07:06
phongtro123,"CHO THUÊ: PHÒNG CÓ TẦNG (GÁC), GIÁ RẺ, KHÔNG GIAN RỘNG, THOÁNG MÁT",1 triệu/tháng,18,"Liên Chiểu, Đà Nẵng","CHO THUÊ: PHÒNG CÓ TẦNG (GÁC), GIÁ RẺ, KHÔNG GIAN RỘNG, THOÁNG MÁT 1 triệu/tháng 18 m 2 Liên Chiểu, Đà Nẵng Giá rẻ, không gian rộng rãi, thoáng mát, sạch sẻ, có không gian để xe, khu vực yên tĩnh, tính an ninh cao (vì gần cơ quan công an) không lo trộm cắp, nhà vệ… 2 năm trước",https://phongtro123.com/cho-thue-phong-co-tang-gac-gia-re-khong-gian-rong-thoang-mat-2-pr649873.html,2026-05-15T11:07:10
phongtro123,"Cho thuê phòng tại số nhà 63 Nguyễn Khánh Toàn, Phường Hòa Cường Bắc, Quận Hải Châu, Đà Nẵng",2.5 triệu/tháng,25,"Hải Châu, Đà Nẵng","Cho thuê phòng tại số nhà 63 Nguyễn Khánh Toàn, Phường Hòa Cường Bắc, Quận Hải Châu, Đà Nẵng 2.5 triệu/tháng 25 m 2 Hải Châu, Đà Nẵng Mình cần cho thuê phòng tại số 63 Nguyễn Khánh Toàn, P. Hòa Cường Bắc, Q. Hải Châu. Phòng mới xây nên sạch sẽ, thoáng mát, có gác lửng, diện tích từng… 2 năm trước",https://phongtro123.com/cho-thue-phong-tai-so-nha-63-nguyen-khanh-toan-pr595951.html,2026-05-15T11:07:10
phongtro123,"Cho thuê phòng trọ, phòng đẹp, giá rẻ",1.5 triệu/tháng,23,"Cẩm Lệ, Đà Nẵng","Cho thuê phòng trọ, phòng đẹp, giá rẻ 1.5 triệu/tháng 23 m 2 Cẩm Lệ, Đà Nẵng Cho thuê phòng trọ tại Phong Bắc 9, Phường Hòa Thọ Đông, Quận Cẩm Lệ, Đà NẵngDiện tích: 15m2 + 8m2 gác lửng đổ mêCó bếp, toilet bên… 2 năm trước",https://phongtro123.com/cho-thue-phong-tro-phong-dep-gia-re-pr649615.html,2026-05-15T11:07:10
phongtro123,Cho thuê căn hộ giá từ 3tr đến 3tr5 đến 4tr và 4tr5 có nhiều căn để khách hàng chọn sdt: 0905776929,3 triệu/tháng,30,"Hải Châu, Đà Nẵng","Cho thuê căn hộ giá từ 3tr đến 3tr5 đến 4tr và 4tr5 có nhiều căn để khách hàng chọn sdt: 0905776929 3 triệu/tháng 30 m 2 Hải Châu, Đà Nẵng Cho thuê căn hộ giá từ 3tr đến 3tr5 đến 4tr và 4tr5 có nhiều căn để khách hàng chọnĐịa chỉ: 11/15 Phố Lý Thường Kiệt, Phường Thạch Thang, Quận Hải… 2 năm trước",https://phongtro123.com/cho-thue-can-ho-gia-tu-3tr-den-3tr5-den-4tr-va-4tr5-co-nhieu-can-de-khach-hang-chon-sdt-0905776929-pr649413.html,2026-05-15T11:07:10
phongtro123,"Phòng trọ 20, Lỗ Giáng 8, Cẩm Lệ, ĐN",1.9 triệu/tháng,20,"Cẩm Lệ, Đà Nẵng","Phòng trọ 20, Lỗ Giáng 8, Cẩm Lệ, ĐN 1.9 triệu/tháng 20 m 2 Cẩm Lệ, Đà Nẵng Phòng trọ 20, Lỗ Giáng 8, Cẩm Lệ, ĐNPhòng mới, sạch, thoáng, toilet riêng, sân phơi, chỗ để xe, wifi miễn phí, chung chủ, camera an ninh. 2 năm trước",https://phongtro123.com/phong-tro-20-lo-giang-8-cam-le-dn-pr649128.html,2026-05-15T11:07:10
phongtro123,Còn 01 phòng trọ cho thuê đường Phan Văn Định,1.5 triệu/tháng,22,"Liên Chiểu, Đà Nẵng","Còn 01 phòng trọ cho thuê đường Phan Văn Định 1.5 triệu/tháng 22 m 2 Liên Chiểu, Đà Nẵng Phòng trọ đường Bàu Mạc 19, trong khu dự án Pandora City; đường 7,5m; trước mặt công viên. Gần trường học, chợ.Diện tích sử dụng: 18m2-20m2 bao gồm:… 2 năm trước",https://phongtro123.com/tinh-thanh/da-nang/cho-thue-phong-tro-duong-phan-van-dinh.html,2026-05-15T11:07:10
phongtro123,"Cho Thuê Phòng Mới Xây Đường Trần Văn Cẩn, Hoà Xuân",2.6 triệu/tháng,30,"Cẩm Lệ, Đà Nẵng","Cho Thuê Phòng Mới Xây Đường Trần Văn Cẩn, Hoà Xuân 2.6 triệu/tháng 30 m 2 Cẩm Lệ, Đà Nẵng Cho thuê phòng mới xây 100% đường Trần Văn Cẩn, Hoà Xuân, Cẩm Lệ, Đà Nẵng. Vị trí thuộc khu vực dân cư sầm uất, ngay ngã tư giao Văn Tiến Dũng. Trong… 2 năm trước",https://phongtro123.com/cho-thue-phong-moi-xay-mat-tien-duong-tran-van-can-hoa-xuan-pr646944.html,2026-05-15T11:07:10
phongtro123,"Cho thuê phòng trọ (riêng chủ) gần chợ, gần trường học tại Thanh Khê",1.5 triệu/tháng,15,"Thanh Khê, Đà Nẵng","Cho thuê phòng trọ (riêng chủ) gần chợ, gần trường học tại Thanh Khê 1.5 triệu/tháng 15 m 2 Thanh Khê, Đà Nẵng Cho thuê phòng trọ, diện tích 15m2; có các điều kiện tốt như sau:- Sàn, tường gạch men sạch sẽ.- Nhà vệ sinh, bếp riêng.- Chỗ để xe rộng rãi, đảm… 2 năm trước",https://phongtro123.com/cho-thue-phong-tro-rieng-chu-gan-cho-gan-truong-hoc-tai-thanh-khe-2-pr624923.html,2026-05-15T11:07:10
phongtro123,"Phòng trọ mới xây tại 28 Phạm Văn Ngôn, Phường Hòa Khánh Bắc, Quận Liên Chiểu",1.8 triệu/tháng,32,"Liên Chiểu, Đà Nẵng","Phòng trọ mới xây tại 28 Phạm Văn Ngôn, Phường Hòa Khánh Bắc, Quận Liên Chiểu 1.8 triệu/tháng 32 m 2 Liên Chiểu, Đà Nẵng Nhận cọc phòng từ hôm nayKhai trương m6 tết! số lượng giới hạn, nhanh tay đăng ký!!!KHÔNG NGẬP - KHU AN NINH - ĐẦY ĐỦ TIỆN NGHIThang Máy hiện… 2 năm trước",https://phongtro123.com/cho-thue-phong-tro-nang-cap-moi-100-thanh-can-ho-pr646591.html,2026-05-15T11:07:10
phongtro123,"Phòng trọ quận Sơn Trà, Đà Nẵng chỉ cần xách vali vào ở - 2.5 triệu/tháng",2.5 triệu/tháng,20,"Sơn Trà, Đà Nẵng","Phòng trọ quận Sơn Trà, Đà Nẵng chỉ cần xách vali vào ở - 2.5 triệu/tháng 2.5 triệu/tháng 20 m 2 Sơn Trà, Đà Nẵng Phòng trọ quận Sơn Trà, Đà Nẵng chỉ cần xách vali vào ở - 2.5 triệu/tháng-Vị trí: 20 Hà Bổng, Phước Mỹ, Sơn Trà, Đà Nẵng-Phòng đầy đủ tiện… 2 năm trước",https://phongtro123.com/phong-tro-quan-son-tra-da-nang-chi-can-xach-vali-vao-o-2-trieu-thang-pr638019.html,2026-05-15T11:07:10
phongtro123,Cho thuê phòng trọ trung tâm Đà Nẵng kiệt Nguyễn Văn Linh giá rẻ sv,1.6 triệu/tháng,12,"Hải Châu, Đà Nẵng","Cho thuê phòng trọ trung tâm Đà Nẵng kiệt Nguyễn Văn Linh giá rẻ sv 1.6 triệu/tháng 12 m 2 Hải Châu, Đà Nẵng Còn 1 phòng cho thuê ngay trung tâm tp cách cầu rồng 600m. Ngay nguyễn văn linh giao nguyễn hoàng, rất thuận tiện cho việc đi lại, gần bvien, chợ, tạp hóa siêu… 2 năm trước",https://phongtro123.com/cho-thue-phong-ngay-trung-tam-tp-gia-re-sv-pr611095.html,2026-05-15T11:07:10
phongtro123,Cho thuê phòng trọ ở trung tâm thành phố,1.9 triệu/tháng,18,"Hải Châu, Đà Nẵng","Cho thuê phòng trọ ở trung tâm thành phố 1.9 triệu/tháng 18 m 2 Hải Châu, Đà Nẵng Cho thuê phòng cho trọ ở q Hải Châu, thoáng mát sạch đẹp, yên tĩnh giá chỉ từ 1,9 tr/th/ng đến 2,1tr/th/2ng có Tolet, bếp nấu, có gác lưng. Thang máy, nơi để… 2 năm trước",https://phongtro123.com/tinh-thanh/da-nang/cho-thue-phong-tro-o-trung-tam-thanh-pho.html,2026-05-15T11:07:10
phongtro123,"Cho thuê phòng trọ có máy lạnh, khu an ninh, 45m2 ngay Hà Huy Giáp, Hải Châu",2 triệu/tháng,45,"Hải Châu, Đà Nẵng","Cho thuê phòng trọ có máy lạnh, khu an ninh, 45m2 ngay Hà Huy Giáp, Hải Châu 2 triệu/tháng 45 m 2 Hải Châu, Đà Nẵng Cho thuê phòng có máy lạnh 45m2Vị trí: Hà Huy Giáp, Phường Hòa Cường Nam, Quận Hải Châu, Đà NẵngGiá thuê 2 Triệu chưa tính điện nước Phí dịch… 2 năm trước",https://phongtro123.com/cho-thue-phong-tro-co-may-lanh-khu-an-ninh-45m2-ngay-ha-huy-giap-hai-chau-pr647916.html,2026-05-15T11:07:10
phongtro123,"Cho thuê phòng trọ có bếp chung, đủ nội thất 237 Ngô Quyền giá từ 2xxx",2 triệu/tháng,25,"Sơn Trà, Đà Nẵng","Cho thuê phòng trọ có bếp chung, đủ nội thất 237 Ngô Quyền giá từ 2xxx 2 triệu/tháng 25 m 2 Sơn Trà, Đà Nẵng Cho thuê phòng trọ đủ nội thất, siêu đẹpĐịa chỉ: 237 Ngô Quyền, Phường Mân Thái, Quận Sơn Trà, Đà NẵngPhòng bếp chung, giặt riêngPhòng trống… 2 năm trước",https://phongtro123.com/cho-thue-phong-tro-co-bep-chung-du-noi-that-237-ngo-quyen-pr647914.html,2026-05-15T11:07:10
phongtro123,"Cho thuê phòng trọ có gác lửng, cửa sổ, ngay 101/1 Lê Hữu Trác, Sơn Trà gần trường CĐ Lương thực…",2.1 triệu/tháng,22,"Sơn Trà, Đà Nẵng","Cho thuê phòng trọ có gác lửng, cửa sổ, ngay 101/1 Lê Hữu Trác, Sơn Trà gần trường CĐ Lương thực… 2.1 triệu/tháng 22 m 2 Sơn Trà, Đà Nẵng Cho thuê phòng trọ gác lửng, có cửa sổ thoáng mátỞ tầng 3, Diện tích 22m2Đc: 101/1 Lê Hữu Trác, Sơn Trà, Đà NẵngKhu vực tiện di chuyển trước… 2 năm trước",https://phongtro123.com/cho-thue-phong-tro-co-gac-lung-cua-so-ngay-101-1-le-huu-trac-son-tra-gan-truong-cd-luong-thuc-thuc-pham-pr647822.html,2026-05-15T11:07:10
phongtro123,"Cho thuê phòng trọ có bếp, wc riêng, sạch sẽ tại 123/106 cù chính Lan",1.5 triệu/tháng,25,"Thanh Khê, Đà Nẵng","Cho thuê phòng trọ có bếp, wc riêng, sạch sẽ tại 123/106 cù chính Lan 1.5 triệu/tháng 25 m 2 Thanh Khê, Đà Nẵng Cho thuê phòng trọ sạch sẽ và mát mẻ tại 123/106 cù chính Lan Phòng có bếp và toilét sạch sẽ như ảnhCó hiên rộng thoải mái Giao thông thuận tiện, có… 2 năm trước",https://phongtro123.com/cho-thue-phong-tro-co-bep-wc-rieng-sach-se-tai-123-106-cu-chinh-lan-pr647776.html,2026-05-15T11:07:10
phongtro123,"Cho thuê phòng trọ thoáng mát, rộng an ninh tại Nguyễn Phước Nguyên, Thanh Khê",1.7 triệu/tháng,25,"Thanh Khê, Đà Nẵng","Cho thuê phòng trọ thoáng mát, rộng an ninh tại Nguyễn Phước Nguyên, Thanh Khê 1.7 triệu/tháng 25 m 2 Thanh Khê, Đà Nẵng Cho thuê phòng trọ đường Nguyễn Phước Nguyên, Thanh Khê gần Ngã Ba Huế . Phòng rộng, thoáng mát, sạch sẽ, có cửa sổGía thuê 1,7 triệu/thángKhu vực an… 2 năm trước",https://phongtro123.com/cho-thue-phong-tro-thoang-mat-rong-an-ninh-tai-nguyen-phuoc-nguyen-thanh-khe-pr647742.html,2026-05-15T11:07:10
phongtro123,"Cho thuê phòng trọ gác lửng, cửa số, có wc riêng gần ĐH Kiến Trúc ngay Bình Hòa 10, Cẩm Lệ",2.1 triệu/tháng,25,"Cẩm Lệ, Đà Nẵng","Cho thuê phòng trọ gác lửng, cửa số, có wc riêng gần ĐH Kiến Trúc ngay Bình Hòa 10, Cẩm Lệ 2.1 triệu/tháng 25 m 2 Cẩm Lệ, Đà Nẵng Cho thuê phòng trọ gác lửng, cửa số, có wc riêng gần ĐH Kiến Trúc ngay Bình Hòa 10, Cẩm Lệ (ngày 1/3 có phòng)Địa chỉ: 18 Bình Hoà 10, gần bên cạnh Trung… 2 năm trước",https://phongtro123.com/cho-thue-phong-tro-gac-lung-cua-so-co-wc-rieng-gan-dh-kien-truc-ngay-binh-hoa-10-cam-le-pr647706.html,2026-05-15T11:07:10
phongtro123,"Cho thuê phòng trọ có điều hòa, an ninh tốt, gần các trường đại học, khu CN, ngay Đào Sư Tích, Đà…",1.7 triệu/tháng,20,"Liên Chiểu, Đà Nẵng","Cho thuê phòng trọ có điều hòa, an ninh tốt, gần các trường đại học, khu CN, ngay Đào Sư Tích, Đà… 1.7 triệu/tháng 20 m 2 Liên Chiểu, Đà Nẵng Cho thuê phòng trọ ở 44 Đào Sư Tích, Hòa Minh, Liên Chiểu, Đà Nẵng.Gía thuê 1,7 triệu/tháng.Phòng có điều hoà, Máy nước nóng.Có Sân để xe. an ninh… 2 năm trước",https://phongtro123.com/cho-thue-phong-tro-co-dieu-hoa-may-nuoc-nong-an-ninh-tot-gan-cac-truong-dai-hoc-khu-cn-ngay-dao-su-tich-da-nang-pr647657.html,2026-05-15T11:07:10
phongtro123,"Cho thuê phòng trọ sạch sẽ, có cửa sổ, sẵn nội thất 435 Trần Cao Vân, Thanh Khê ngay trung tâm thành…",3 triệu/tháng,35,"Thanh Khê, Đà Nẵng","Cho thuê phòng trọ sạch sẽ, có cửa sổ, sẵn nội thất 435 Trần Cao Vân, Thanh Khê ngay trung tâm thành… 3 triệu/tháng 35 m 2 Thanh Khê, Đà Nẵng Cho thuê phòng trọ khu vực Thanh KhêĐịa chỉ: 435 Trần Cao Vân (đi vào đường Xuân Đán 1), bên cạnh Công an phường Xuân Hà, sân bóng đá, công viên thể… 2 năm trước",https://phongtro123.com/cho-thue-phong-tro-sach-se-co-cua-so-san-noi-that-435-tran-cao-van-thanh-khe-ngay-trung-tam-thanh-pho-pr647604.html,2026-05-15T11:07:10
phongtro123,"Cho thuê phòng trọ có điều hòa, gần sân bay, chợ, ĐH Ngoại Ngữ Đà Nẵng",2.3 triệu/tháng,25,"Hải Châu, Đà Nẵng","Cho thuê phòng trọ có điều hòa, gần sân bay, chợ, ĐH Ngoại Ngữ Đà Nẵng 2.3 triệu/tháng 25 m 2 Hải Châu, Đà Nẵng Cho thuê phòng trọ đường Nguyễn Hữu ThọVị trí: thuận tiện di chuyển ngay ngã tư giao với Nguyễn KhoáiGần chợ Nguyễn Tri Phương, sân bay, ĐH Duy Tân,… 2 năm trước",https://phongtro123.com/cho-thue-phong-tro-co-dieu-hoa-gan-san-bay-cho-dh-ngoai-ngu-da-nang-pr647601.html,2026-05-15T11:07:14
phongtro123,"Cho thuê trọ gần trường đại học Bách Khoa, ngay 68/11 Hà Bá Ôn, Liên Chiểu, Đà Nẵng",1.5 triệu/tháng,20,"Liên Chiểu, Đà Nẵng","Cho thuê trọ gần trường đại học Bách Khoa, ngay 68/11 Hà Bá Ôn, Liên Chiểu, Đà Nẵng 1.5 triệu/tháng 20 m 2 Liên Chiểu, Đà Nẵng Cho thuê trọ gần trường Đại học Bách KhoaKhông chung chủPhòng trọ sạch sẽ, mát mẻ, có gác cao thoángTường được ốp gạch đẹp, sạchĐịa chỉ:… 2 năm trước",https://phongtro123.com/cho-thue-tro-gan-truong-dai-hoc-bach-khoa-ngay-68-11-ha-ba-on-lien-chieu-da-nang-pr647599.html,2026-05-15T11:07:14
phongtro123,"Cho thuê phòng trọ 146/3 Phan Văn Định, Liên Chiểu gần KCN Hòa Khánh, ĐH Bách Khoa",1.5 triệu/tháng,20,"Liên Chiểu, Đà Nẵng","Cho thuê phòng trọ 146/3 Phan Văn Định, Liên Chiểu gần KCN Hòa Khánh, ĐH Bách Khoa 1.5 triệu/tháng 20 m 2 Liên Chiểu, Đà Nẵng Cho thuê trọ Liên Chiểu, Đà NẵngPhòng sạch sẽ, có gác, nhà vệ sinh riêngKhu vực giao thông thuận tiện, gần Khu công nghiệp Hòa Khánh và các trường như… 2 năm trước",https://phongtro123.com/cho-thue-phong-tro-146-3-phan-van-dinh-lien-chieu-gan-kcn-hoa-khanh-dh-bach-khoa-pr647550.html,2026-05-15T11:07:14
phongtro123,"Cho thuê phòng trọ mới xây có gác, ban công thoáng đường Nguyễn Hoàng, Thanh Khê, Đà Nẵng",2.5 triệu/tháng,20,"Thanh Khê, Đà Nẵng","Cho thuê phòng trọ mới xây có gác, ban công thoáng đường Nguyễn Hoàng, Thanh Khê, Đà Nẵng 2.5 triệu/tháng 20 m 2 Thanh Khê, Đà Nẵng Cho thuê phòng trọ thoáng máy, có ban công Thanh Khê, Đà NẵngTrống 1 phòng góc ngã tư KFC, đường Nguyễn Hoàng giao với đường Nguyễn Văn Linh Phòng mới… 2 năm trước",https://phongtro123.com/cho-thue-phong-tro-moi-xay-co-gac-ban-cong-thoang-duong-nguyen-hoang-thanh-khe-da-nang-pr647531.html,2026-05-15T11:07:14
phongtro123,"Cho thuê phòng gần đại học Ngoại Ngữ, Đông Á đường Nguyễn Hiến Lê, đối diện sân bóng đá Ông…",2.9 triệu/tháng,25,"Cẩm Lệ, Đà Nẵng","Cho thuê phòng gần đại học Ngoại Ngữ, Đông Á đường Nguyễn Hiến Lê, đối diện sân bóng đá Ông… 2.9 triệu/tháng 25 m 2 Cẩm Lệ, Đà Nẵng Địa chỉ : Nguyễn Hiến Lê, Hòa Xuân, Cẩm Lệ, Đà NẵngVị trí: đối diện sân bóng đá Ông Bầu, gần trường đại học như ĐH Ngoại Ngữ, Kiến Trúc,… 2 năm trước",https://phongtro123.com/cho-thue-phong-gan-dai-hoc-ngoai-ngu-dong-a-duong-nguyen-hien-le-doi-dien-san-bong-da-ong-bau-pr647529.html,2026-05-15T11:07:14
phongtro123,"Cho thuê phòng trọ rộng có gác lửng Nguyễn Sắc Kim, Cẩm Lệ, Đà Nẵng",2.5 triệu/tháng,40,"Cẩm Lệ, Đà Nẵng","Cho thuê phòng trọ rộng có gác lửng Nguyễn Sắc Kim, Cẩm Lệ, Đà Nẵng 2.5 triệu/tháng 40 m 2 Cẩm Lệ, Đà Nẵng Cho thuê phòng trọ có gác lửngDiện tích rộng 40m2, phù hợp cho gia đình ở lâu dàiGiờ giấc sinh hoạt tự do, thỏa máiGiá thuê: 2,5tr/ thángVui lòng liên… 2 năm trước",https://phongtro123.com/cho-thue-phong-tro-rong-co-gac-lung-nguyen-sac-kim-cam-le-da-nang-pr647524.html,2026-05-15T11:07:14
phongtro123,Phòng trọ 20m2 có điều hòa ngay Trần Đại Nghĩa gần bệnh viện Ngũ Hành Sơn,1.1 triệu/tháng,20,"Ngũ Hành Sơn, Đà Nẵng","Phòng trọ 20m2 có điều hòa ngay Trần Đại Nghĩa gần bệnh viện Ngũ Hành Sơn 1.1 triệu/tháng 20 m 2 Ngũ Hành Sơn, Đà Nẵng Phòng trọ có điều hòa mát mẻDiện tích 20m2Địa chỉ: 152 Trần Đại Nghĩa, Phường Hòa Hải, Quận Ngũ Hành Sơn, Đà NẵngGiá thuê +1,1 triệu/thángKhu… 2 năm trước",https://phongtro123.com/phong-tro-20m2-co-dieu-hoa-ngay-tran-dai-nghia-gan-benh-vien-ngu-hanh-son-pr647522.html,2026-05-15T11:07:14
phongtro123,Cho thuê phòng trọ 20m2 gần cảng cá Thọ Quang,1.6 triệu/tháng,20,"Sơn Trà, Đà Nẵng","Cho thuê phòng trọ 20m2 gần cảng cá Thọ Quang 1.6 triệu/tháng 20 m 2 Sơn Trà, Đà Nẵng Cho thuê phòng trọ 20m2 Sơn Trà, Đà NẵngVị trí: lô góc mặt tiền, nằm trên đường Vũng Thùng 5 giao với Lý Nhật QuangGiao thông thuận tiện: gần chợ… 2 năm trước",https://phongtro123.com/cho-thue-phong-tro-20m2-gan-cang-ca-tho-quang-pr647521.html,2026-05-15T11:07:14
phongtro123,"Cho thuê phòng trọ có gác lửng, chỗ nấu ăn đường Đinh Tiên Hoàng, gần Đại học Duy Tân",2.7 triệu/tháng,30,"Hải Châu, Đà Nẵng","Cho thuê phòng trọ có gác lửng, chỗ nấu ăn đường Đinh Tiên Hoàng, gần Đại học Duy Tân 2.7 triệu/tháng 30 m 2 Hải Châu, Đà Nẵng Cho thuê phòng có gác lửng, rộng rãi ngay đường Đinh Tiên HoàngKhông chung chủ, sinh hoạt giờ giấc thoải máiCó chỗ nấu ăn, phơi đồ riêng sạch sẽCó… 2 năm trước",https://phongtro123.com/cho-thue-phong-tro-co-gac-lung-cho-nau-an-duong-dinh-tien-hoang-gan-dai-hoc-duy-tan-pr647473.html,2026-05-15T11:07:14
phongtro123,"Cho thuê phòng trọ an ninh, có điều hòa, yên tĩnh, gác cao ngay K65/39 Tô Hiến Thành",2.5 triệu/tháng,25,"Sơn Trà, Đà Nẵng","Cho thuê phòng trọ an ninh, có điều hòa, yên tĩnh, gác cao ngay K65/39 Tô Hiến Thành 2.5 triệu/tháng 25 m 2 Sơn Trà, Đà Nẵng Cho thuê phòng trọ an ninh, có gác giá hợp lý ngay K65/39 Tô Hiến Thành, Sơn Trà.Giao thông thuận tiện, trên tuyến đường Trần Bạch Đằng - Hồ Nghinh kéo… 2 năm trước",https://phongtro123.com/cho-thue-phong-tro-an-ninh-co-dieu-hoa-yen-tinh-gac-cao-ngay-k65-39-to-hien-thanh-pr647448.html,2026-05-15T11:07:14
phongtro123,"Cho thuê căn hộ mini tầng 1 (phía sau) (P. Hòa Minh, Q. Liên Chiểu)",2.9 triệu/tháng,35.5,"Liên Chiểu, Đà Nẵng","Cho thuê căn hộ mini tầng 1 (phía sau) (P. Hòa Minh, Q. Liên Chiểu) 2.9 triệu/tháng 35.5 m 2 Liên Chiểu, Đà Nẵng Cho thuê căn hộ mini tầng 1 (phía sau, P 1.2) tại số nhà 80 đường Đinh Đức Thiện (sát ngã tư Hồ Tùng Mậu-Đinh Đức Thiện), P. Hòa Minh, Q. Liên Chiểu, TP… 2 năm trước",https://phongtro123.com/cho-thue-can-ho-mini-tang-1-phia-sau-p-hoa-minh-q-lien-chieu-pr647225.html,2026-05-15T11:07:14
phongtro123,Cho thuê phòng trọ quận thanh khê tp đà nẵng có thang máy,2.2 triệu/tháng,20,"Thanh Khê, Đà Nẵng","Cho thuê phòng trọ quận thanh khê tp đà nẵng có thang máy 2.2 triệu/tháng 20 m 2 Thanh Khê, Đà Nẵng Phòng trọ mới xây có thang máy, nhà để xe, gác lửng, ban công, cửa sổ thoáng mát, bếp, phòng vệ sinh kép kín...Khu an ninh tốt, ngay trung tâm thành… 2 năm trước",https://phongtro123.com/cho-thue-phong-tro-quan-thanh-khe-tp-da-nang-pr647223.html,2026-05-15T11:07:14
phongtro123,"Tôi cho thuê phòng trong nhà số 587/5 Đ. Hoàng Diệu, Phường Hòa Thuận Đông, ngay TT quận Hải Châu",4 triệu/tháng,25,"Hải Châu, Đà Nẵng","Tôi cho thuê phòng trong nhà số 587/5 Đ. Hoàng Diệu, Phường Hòa Thuận Đông, ngay TT quận Hải Châu 4 triệu/tháng 25 m 2 Hải Châu, Đà Nẵng Cần cho thuê phòng đẹp trong nhà tại Đường HoàngDiệu, đường 5m, gần Chợ Mới, cách chợ 40m, Hải Châu, Đà Nẵng Phòng master khépkín WCPhòng có toilet… 2 năm trước",https://phongtro123.com/cho-thue-phong-nha-587-5-hoang-dieu-duong-5m-sat-cho-moi-cach-cho-40m-trung-tam-quan-hai-chau-pr646939.html,2026-05-15T11:07:14
phongtro123,"Cho thuê phòng trọ giá rẻ, đầy đủ tiện nghi tại 150 Nguyễn Xuân Khoát, Sơn Trà, Đà Nẵng",2 triệu/tháng,25,"Sơn Trà, Đà Nẵng","Cho thuê phòng trọ giá rẻ, đầy đủ tiện nghi tại 150 Nguyễn Xuân Khoát, Sơn Trà, Đà Nẵng 2 triệu/tháng 25 m 2 Sơn Trà, Đà Nẵng Cho thuê phòng trọ giá rẻ Đầy đủ tiện nghi .Cho thuê phòng trọ mới xây, đầy đủ tiện nghi, giá rẻ tại đường Nguyễn Xuân Khoát, Sơn Trà, Đà… 2 năm trước",https://phongtro123.com/cho-thue-phong-tro-gia-re-day-du-tien-nghi-tai-150-d-nguyen-xuan-khoat-p-an-hai-bac-q-son-tra-da-nang-pr646849.html,2026-05-15T11:07:14
phongtro123,"Cho thuê phòng trọ - 16m2 - Đường Mai Lão Bạng, Thuận Phước, Đà Nẵng",1.5 triệu/tháng,16,"Hải Châu, Đà Nẵng","Cho thuê phòng trọ - 16m2 - Đường Mai Lão Bạng, Thuận Phước, Đà Nẵng 1.5 triệu/tháng 16 m 2 Hải Châu, Đà Nẵng Ưu tiên Sinh viênPhòng rộng 16m2, Thoáng mát, An ninh tốtGần trường học, chợ, bệnh việnLIÊN HỆ: 0908.70.99.30Đặt cọc trước: 500.000 2 năm trước",https://phongtro123.com/cho-thue-phong-tro-16m2-duong-mai-lao-bang-thuan-phuoc-da-nang-pr646714.html,2026-05-15T11:07:14
phongtro123,"Cho thuê phòng trọ đường trưng nữ vương, quận hải châu",1.5 triệu/tháng,18,"Hải Châu, Đà Nẵng","Cho thuê phòng trọ đường trưng nữ vương, quận hải châu 1.5 triệu/tháng 18 m 2 Hải Châu, Đà Nẵng Cho thuê phòng trọ 18m2Có toilet riêng , sân để xe , giờ giấc thoải mái , wifi miễn phíĐịa chỉ : đường trưng nữ vương , hải châu , đà nẵngGiá thuê… 2 năm trước",https://phongtro123.com/cho-thue-phong-tro-duong-trung-nu-vuong-quan-hai-chau-pr641919.html,2026-05-15T11:07:14
phongtro123,"Phòng trọ điều hoà, khép kín, an ninh tốt, wifi mạnh miễn phí 1.300.000",1.3 triệu/tháng,18,"Liên Chiểu, Đà Nẵng","Phòng trọ điều hoà, khép kín, an ninh tốt, wifi mạnh miễn phí 1.300.000 1.3 triệu/tháng 18 m 2 Liên Chiểu, Đà Nẵng Nhà mình còn trống 1 phòng trọ có nhu cầu cho thuê:- Diện tích khoảng 18m2, khép kín.- Phòng có sẵn điều hòa, giường, kệ bếp, giá treo đồ- Dãy trọ… 2 năm trước",https://phongtro123.com/phong-tro-dieu-hoa-khep-kin-an-ninh-tot-wifi-manh-mien-phi-1-300-000-pr629642.html,2026-05-15T11:07:14
phongtro123,"Cho thuê phòng trọ giá rẻ, chất lượng an toàn",2.2 triệu/tháng,18,"Sơn Trà, Đà Nẵng","Cho thuê phòng trọ giá rẻ, chất lượng an toàn 2.2 triệu/tháng 18 m 2 Sơn Trà, Đà Nẵng Phòng mới xây, 4 tầng, thoáng mátPhòng không ngập lụt, an ninh an toànGần chợ, trường học, khu dân cư đông đúcLiên hệ: 0986769468 2 năm trước",https://phongtro123.com/cho-thue-phong-tro-gia-re-chat-luong-an-toan-pr645216.html,2026-05-15T11:07:14
phongtro123,"Cho Thuê phòng giá rẻ, rộng rãi, sạch sẽ ngay trung tâm thành phố",3.5 triệu/tháng,45,"Hải Châu, Đà Nẵng","Cho Thuê phòng giá rẻ, rộng rãi, sạch sẽ ngay trung tâm thành phố 3.5 triệu/tháng 45 m 2 Hải Châu, Đà Nẵng Cho Thuê phòng rộng rãi, sạch sẽ, ngay trung tâm thành phố.Gần công viên, có bếp chung và sân vườn rộng rãiDiện tích: 45m2Giá thuê: 3.5tr/thángLiên hệ:… 2 năm trước",https://phongtro123.com/cho-thue-phong-gia-re-rong-rai-sach-se-ngay-trung-tam-thanh-pho-pr644901.html,2026-05-15T11:07:14
phongtro123,"Phòng trọ 40m2 tại đường Đào Công Soạn, Q. Liên Chiểu",2 triệu/tháng,40,"Liên Chiểu, Đà Nẵng","Phòng trọ 40m2 tại đường Đào Công Soạn, Q. Liên Chiểu 2 triệu/tháng 40 m 2 Liên Chiểu, Đà Nẵng Thông tin phòng trọ:Diện tích: 40m²Địa chỉ: Đường Đào Công Soạn, Phường Hòa Hiệp Nam, Quận Liên Chiểu.Đầy đủ phòng khách, phòng bếp, phòng… 2 năm trước",https://phongtro123.com/phong-tro-40m2-tai-duong-dao-cong-soan-q-lien-chieu-pr635717.html,2026-05-15T11:07:14
phongtro123,Phòng cho thuê ở khu vực Hoà Khánh Bắc,1.3 triệu/tháng,12,"Liên Chiểu, Đà Nẵng","Phòng cho thuê ở khu vực Hoà Khánh Bắc 1.3 triệu/tháng 12 m 2 Liên Chiểu, Đà Nẵng - Nhà hai tầng, mặt tiền, gồm 13 phòng.- 7 phòng tầng trên. 6 phòng tầng trệt.- Hiện tại có phòng trống: một ở tầng hai và một ở tầng dưới.- Có… 2 năm trước",https://phongtro123.com/phong-cho-thue-o-khu-vuc-hoa-khanh-bac-pr644011.html,2026-05-15T11:07:17
phongtro123,"Cho thuê căn hộ mới xây đường Trần Minh Tông, gần Ngã Ba Huế, ĐH Bách Khoa, ĐH TDTT,...",3.5 triệu/tháng,19,"Liên Chiểu, Đà Nẵng","Cho thuê căn hộ mới xây đường Trần Minh Tông, gần Ngã Ba Huế, ĐH Bách Khoa, ĐH TDTT,... 3.5 triệu/tháng 19 m 2 Liên Chiểu, Đà Nẵng Cho thuê căn hộ VỪA MỚI XÂY DỰNG ngay gần UBND quận Liên Chiểu,gần ngay Ngã Ba Huế, trường đại học Bách Khoa, trường đại học TDTT, bệnh viện Liên… 2 năm trước",https://phongtro123.com/cho-thue-phong-tro-moi-xay-duong-tran-minh-tong-gan-nga-ba-hue-dh-bach-khoa-dh-tdtt-pr642725.html,2026-05-15T11:07:17
phongtro123,"Cho thuê phòng trọ sạch sẽ, trung tâm thành phố",2.5 triệu/tháng,30,"Hải Châu, Đà Nẵng","Cho thuê phòng trọ sạch sẽ, trung tâm thành phố 2.5 triệu/tháng 30 m 2 Hải Châu, Đà Nẵng Cho thuê phòng trọ rộng rãi, sạch sẽƯu tiên người đi làm, giờ giấc tự do thoải máiKhu ở an ninh, lịch sự, khu ở của giáo viênGiá thuê:… 2 năm trước",https://phongtro123.com/cho-thue-phong-tro-sach-se-trung-tam-thanh-pho-pr643371.html,2026-05-15T11:07:17
phongtro123,Cho thuê phòng trọ(nữ) gần trường đại học Duy Tân,1.3 triệu/tháng,12,"Thanh Khê, Đà Nẵng","Cho thuê phòng trọ(nữ) gần trường đại học Duy Tân 1.3 triệu/tháng 12 m 2 Thanh Khê, Đà Nẵng Phòng trọ nằm ở khu dân cư an ninh, yên tĩnh. Cách trường ĐH Duy Tân khoảng 150m, gần chợ, siêu thị, ga, sân bay. Diện tích 12m2, phòng sạch sẽ, có toilet bên… 2 năm trước",https://phongtro123.com/cho-thue-phong-tro-nu-gan-truong-dai-hoc-duy-tan-pr305406.html,2026-05-15T11:07:17
phongtro123,Cho thuê phòng trọ theo tháng tại trung tâm thành phố,3.5 triệu/tháng,28,"Hải Châu, Đà Nẵng","Cho thuê phòng trọ theo tháng tại trung tâm thành phố 3.5 triệu/tháng 28 m 2 Hải Châu, Đà Nẵng KHÁCH SẠN NỮ HOÀNG nằm ở đường lớn lại gần các trường học sao lại không thuê️ĐỊA CHỈ: 41 NGUYỄN HỮU THỌ - HẢI CHÂU - ĐÀ NẴNGCHỈ 3.xxxK/… 2 năm trước",https://phongtro123.com/cho-thue-phong-tro-theo-thang-tai-trung-tam-thanh-pho-pr642559.html,2026-05-15T11:07:17
phongtro123,"Cho thuê phòng 35m2 đường Đào Duy Kỳ, Sơn Trà, Đà Nẵng",3.5 triệu/tháng,35,"Sơn Trà, Đà Nẵng","Cho thuê phòng 35m2 đường Đào Duy Kỳ, Sơn Trà, Đà Nẵng 3.5 triệu/tháng 35 m 2 Sơn Trà, Đà Nẵng Vị trí thuận tiện, gần trung tâm, gần sông Hàn, gần chợCăn hộ và nội thất mới 100%Diện tích: 35 m2Có cửa sổĐầy đủ nội thất: giường, tủ,… 2 năm trước",https://phongtro123.com/cho-thue-can-ho-35m2-duong-dao-duy-ky-son-tra-da-nang-2-pr642402.html,2026-05-15T11:07:17
phongtro123,"Cho Thuê Phòng Trọ thoáng mát sạch sẽ giá từ 1.900.000 Miễn phí điện, nước, wifi",1.9 triệu/tháng,900.000,"Hải Châu, Đà Nẵng","Cho Thuê Phòng Trọ thoáng mát sạch sẽ giá từ 1.900.000 Miễn phí điện, nước, wifi 1.9 triệu/tháng 30 m 2 Hải Châu, Đà Nẵng CHO NỮ THUÊ PHÒNG THOÁNG MÁT GIÁ TỪ 1.900.000 CÓ LỐI ĐI RIÊNG, CÓ ĐIỀU HÒA, NÓNG LẠNH, CÓ CHỖ NẤU ĂN……..ĐIỆN, NƯỚC, WIFI MIỄN PHÍ. ĐI BỘ KHOẢNG 5… 2 năm trước",https://phongtro123.com/cho-thue-phong-tro-thoang-mat-sach-se-gia-tu-1-900-000-mien-phi-dien-nuoc-wife-pr642358.html,2026-05-15T11:07:17
phongtro123,"Cho thuê phòng giá cả hợp lý, gần biển, gần chợ chiều, gần trường học",3.5 triệu/tháng,35,"Sơn Trà, Đà Nẵng","Cho thuê phòng giá cả hợp lý, gần biển, gần chợ chiều, gần trường học 3.5 triệu/tháng 35 m 2 Sơn Trà, Đà Nẵng Cho thuê phòng diện tích 30m2, 3.5 tr/tháng.Căn 35m2. 4.5 tr.Full nội thất.Nước 50k/ người.Điện 3.5k.Gần biển, gần chợ, gần trường học cap 1.… 2 năm trước",https://phongtro123.com/cho-thue-can-ho-gia-hop-ly-gan-bien-gan-cho-chieu-gan-truong-hoc-pr642303.html,2026-05-15T11:07:17
phongtro123,"Cho thuê phòng trọ mới xây cách biển 100m, ngay Võ Văn Kiệt - Sơn Trà - Đà Nẵng",2.5 triệu/tháng,100,"Sơn Trà, Đà Nẵng","Cho thuê phòng trọ mới xây cách biển 100m, ngay Võ Văn Kiệt - Sơn Trà - Đà Nẵng 2.5 triệu/tháng 20 m 2 Sơn Trà, Đà Nẵng Phòng được ốp gạch men sạch sẽ.co gác lửng rộng rãi chỗ phơi đồ và để xe thoải mái.wifi miên phí .co thể ở từ 1 đên 2 người..điện 3k chữ .nước… 2 năm trước",https://phongtro123.com/cho-thue-phong-tro-moi-xay-cach-bien-100-m-gan-truc-duong-lon-vo-van-kiet-gan-cau-rong-pr609671.html,2026-05-15T11:07:17
phongtro123,"Cho thuê phòng đủ nội thất Đà Nẵng, gần đại học Bách Khoa, Đại học Sư phạm, KCN Hòa Khánh -…",2.7 triệu/tháng,30,"Liên Chiểu, Đà Nẵng","Cho thuê phòng đủ nội thất Đà Nẵng, gần đại học Bách Khoa, Đại học Sư phạm, KCN Hòa Khánh -… 2.7 triệu/tháng 30 m 2 Liên Chiểu, Đà Nẵng Hệ thống cho thuê phòng đầy đủ nội thất- Địa chỉ: + 16 Đường Sử Hy Nhan, Phường Hòa Khánh Bắc, Quận Liên Chiểu, Đà Nẵng+ k97/51/4 Nguyễn… 2 năm trước",https://phongtro123.com/cho-thue-phong-tai-16-su-hy-nhan-hoa-khanh-bac-dn-pr639494.html,2026-05-15T11:07:17
phongtro123,Cho thuê phòng trọ gần đại học FPT Đà Nẵng,3.3 triệu/tháng,25,"Ngũ Hành Sơn, Đà Nẵng","Cho thuê phòng trọ gần đại học FPT Đà Nẵng 3.3 triệu/tháng 25 m 2 Ngũ Hành Sơn, Đà Nẵng Cho thuê căn hộ gần đại học FPT, đại học Phan Châu Trinh, Việt Hàn, FPT Complex.Nội thất đầy đủ: Giường tủ, ga gối, Điều hoà, tủ lạnh, máy giặt,… 2 năm trước",https://phongtro123.com/cho-thue-phong-tro-gan-dai-hoc-fpt-da-nang-pr640604.html,2026-05-15T11:07:17
phongtro123,Phòng trọ 304/7 Tôn Đản cho thuê,1.4 triệu/tháng,18,"Cẩm Lệ, Đà Nẵng","Phòng trọ 304/7 Tôn Đản cho thuê 1.4 triệu/tháng 18 m 2 Cẩm Lệ, Đà Nẵng Phòng trọ 304/7 Tôn Đản cho thuêKhu vực an ninh, không ngập lụt, không chung chủ.WC, bếp trong phòng.Free wifi, phí môi trường.Điện nước tính theo khung… 2 năm trước",https://phongtro123.com/phong-tro-304-7-ton-dan-cho-thue-pr640191.html,2026-05-15T11:07:17
phongtro123,Cho thuê phòng giá rẻ ngay trung tâm TP Đà Nẵng,2.2 triệu/tháng,20,"Thanh Khê, Đà Nẵng","Cho thuê phòng giá rẻ ngay trung tâm TP Đà Nẵng 2.2 triệu/tháng 20 m 2 Thanh Khê, Đà Nẵng Cho thuê phòng giá rẻ gần Nguyễn Văn Linh, Đà NẵngCho thuê phòng giá rẻ Lê Đình Lý, Thanh Khê, Đà NẵngDiện tích: 20m2, có ban côngCó điều hòa, giường… 2 năm trước",https://phongtro123.com/cho-thue-phong-gia-re-ngay-trung-tam-tp-da-nang-pr638579.html,2026-05-15T11:07:17
phongtro123,Phòng trọ cao cấp bên trường ĐH FPT,3.5 triệu/tháng,25,"Ngũ Hành Sơn, Đà Nẵng","Phòng trọ cao cấp bên trường ĐH FPT 3.5 triệu/tháng 25 m 2 Ngũ Hành Sơn, Đà Nẵng Cho thuê phòng trọ cao cấp mới hoàn thiệnGần ĐH FPT giá chỉ 3tr5Mô tả:- Nội thất cơ bản: điều hòa, nóng lạnh, kệ bếp- Thang máy- Nhà xe rộng-… 2 năm trước",https://phongtro123.com/phong-tro-cao-cap-ben-truong-dh-fpt-pr637787.html,2026-05-15T11:07:17
phongtro123,"Phòng trọ 346 Ngũ Hành Sơn, quận Ngũ Hành Sơn, Đà Nẵng",3 triệu/tháng,25,"Ngũ Hành Sơn, Đà Nẵng","Phòng trọ 346 Ngũ Hành Sơn, quận Ngũ Hành Sơn, Đà Nẵng 3 triệu/tháng 25 m 2 Ngũ Hành Sơn, Đà Nẵng Cho thuê phòng trọ giá từ 3 triệu, có thang máy gần trường đại học Kinh tếĐịa chỉ: 346 Ngũ Hành Sơn, quận Ngũ Hành Sơn, Đà Nẵng.Giá 3 triệu-->3,7… 2 năm trước",https://phongtro123.com/phong-tro-346-ngu-hanh-son-quan-ngu-hanh-son-da-nang-pr637489.html,2026-05-15T11:07:17
phongtro123,Chính chủ cho thuê phòng 18-50m2,2.5 triệu/tháng,50,"Ngũ Hành Sơn, Đà Nẵng","Chính chủ cho thuê phòng 18-50m2 2.5 triệu/tháng 50 m 2 Ngũ Hành Sơn, Đà Nẵng Cho thuê phòng trong nhà 3 tầngKhông chung chủ, giờ giấc thoải máiDiện tích có phòng tận 50m2 đến 18m2Giá tùy theo phong có nóng lạnh máy giặt khu an ninh… 2 năm trước",https://phongtro123.com/chinh-chu-cho-thue-phong-18-50m2-pr636735.html,2026-05-15T11:07:17
phongtro123,Cho Thuê Phòng Trọ GIÁ RẺ- DÀNH CHO HSSV VÀ NGƯỜI ĐI LÀM ĐỂU ĐƯỢC,2 triệu/tháng,35,"Liên Chiểu, Đà Nẵng","Cho Thuê Phòng Trọ GIÁ RẺ- DÀNH CHO HSSV VÀ NGƯỜI ĐI LÀM ĐỂU ĐƯỢC 2 triệu/tháng 35 m 2 Liên Chiểu, Đà Nẵng CHO THUÊ PHÒNG TRỌ SINH VIÊN GIÁ RẺĐịa chỉ: 380 Tôn Đức Thắng,P. Hòa Minh, Liên Chiểu, Đà NẵngMặt tiền của trục đường chính Tôn Đức Thắng, gần… 2 năm trước",https://phongtro123.com/cho-thue-phong-tro-gia-re-danh-cho-hssv-va-nguoi-di-lam-deu-duoc-pr636259.html,2026-05-15T11:07:17
phongtro123,"Cho thuê phòng ngày Cầu Tình Yêu, Chợ đêm",3.2 triệu/tháng,40,"Sơn Trà, Đà Nẵng","Cho thuê phòng ngày Cầu Tình Yêu, Chợ đêm 3.2 triệu/tháng 40 m 2 Sơn Trà, Đà Nẵng Cho Thuê Phòng Ngay Cầu Tình Yêu Or Chợ ĐêmĐường An Mỹ Phòng Đầy Đủ Nội Thất Giường Nệm, Tủ Quần Áo, nóng lạnh, Điều Hoà, Bàn Làm ViệcCó máy… 2 năm trước",https://phongtro123.com/cho-thue-phong-ngay-cau-tinh-yeu-cho-dem-pr635755.html,2026-05-15T11:07:17
phongtro123,"Phòng trọ 32m2 đầu đường Nguyễn Tất Thành,quận Hải Châu chỉ cho NỮ HOẶC GIA ĐÌNH THUÊ",2.6 triệu/tháng,32,"Hải Châu, Đà Nẵng","Phòng trọ 32m2 đầu đường Nguyễn Tất Thành,quận Hải Châu chỉ cho NỮ HOẶC GIA ĐÌNH THUÊ 2.6 triệu/tháng 32 m 2 Hải Châu, Đà Nẵng Cho thuê phòng trọĐịa chỉ: 09 Nguyễn Tất Thành,Thanh Bình,Hải Châu,Đà NẵngVị trí có ưu điểm: 1. Ở đường lớn,rộng rãi2. Khu vực ở đây là cán… 2 năm trước",https://phongtro123.com/phong-tro-32m2-dau-duong-nguyen-tat-thanh-quan-hai-chau-chi-cho-nu-hoac-gia-dinh-thue-pr634495.html,2026-05-15T11:07:17
phongtro123,Cho thuê phòng Khách Sạn tiêu chuẩn 3* mặt tiền đường Hồ Nghinh BAO ĐIỆN NƯỚC,3.7 triệu/tháng,20,"Sơn Trà, Đà Nẵng","Cho thuê phòng Khách Sạn tiêu chuẩn 3* mặt tiền đường Hồ Nghinh BAO ĐIỆN NƯỚC 3.7 triệu/tháng 20 m 2 Sơn Trà, Đà Nẵng Cho thuê Phòng Khách Sạn 3* mặt tiền đường Hồ Nghinh mới - đẹp - FULL nội thất, giá cả hợp lý, thanh toán linh hoạt !!!- Khu vực xung quanh nhiều tiện… 2 năm trước",https://phongtro123.com/cho-thue-phong-khach-san-tieu-chuan-3-mat-tien-duong-ho-nghinh-bao-dien-nuoc-pr629121.html,2026-05-15T11:07:17
phongtro123,"cho thuê Phòng trọ cho thuê đẹp, sạch, yên tĩnh",1.4 triệu/tháng,15,"Thanh Khê, Đà Nẵng","cho thuê Phòng trọ cho thuê đẹp, sạch, yên tĩnh 1.4 triệu/tháng 15 m 2 Thanh Khê, Đà Nẵng -Địa Chỉ: K123/H73/17 cù chính lan thanh khê đà nẵng (Gần siêu thị co.op mart đà nẵng)- Phòng trọ có diện tích sử dụng 15m2 ,thoáng mát rộng rãi. -… 2 năm trước",https://phongtro123.com/cho-thue-phong-tro-cho-thue-dep-sach-yen-tinh-pr633483.html,2026-05-15T11:07:22
phongtro123,"Phòng trọ tiêu chuẩn căn hộ đẹp, hiện đại 91 Hà Bồng - Hoà Xuân - Cẩm Lệ",2 triệu/tháng,20,"Cẩm Lệ, Đà Nẵng","Phòng trọ tiêu chuẩn căn hộ đẹp, hiện đại 91 Hà Bồng - Hoà Xuân - Cẩm Lệ 2 triệu/tháng 20 m 2 Cẩm Lệ, Đà Nẵng Phòng trọ mới xây nhà 3 tầng tiêu chuẩn dạng căn hộ studio 20m2 - Địa chỉ 91 Hà Bồng , Hòa Xuân, Cẩm lệ, Đà Nẵng. Khu vực an ninh, yên tĩnh.Phòng thoáng… 2 năm trước",https://phongtro123.com/phong-tro-tieu-chuan-can-ho-hien-dai-2-pr633373.html,2026-05-15T11:07:22
phongtro123,"Phòng trọ 20m2 đường Khái Tây 2, Hoà Quý, Ngũ Hành Sơn",2 triệu/tháng,20,"Ngũ Hành Sơn, Đà Nẵng","Phòng trọ 20m2 đường Khái Tây 2, Hoà Quý, Ngũ Hành Sơn 2 triệu/tháng 20 m 2 Ngũ Hành Sơn, Đà Nẵng CHO THUÊ PHÒNG TRỌ○ GẦN ĐẠI HỌC VIỆT HÀN, ĐẠI HỌC Y DƯỢC, ĐÔ THỊ FPT○ GẦN CHỢ, GẦN ĐƯỜNG MAI ĐĂNG CHƠN, GẦN ĐƯỜNG LƯU QUANG VŨ.○ Tổ 25,… 2 năm trước",https://phongtro123.com/phong-tro-20m2-duong-khai-tay-2-hoa-quy-ngu-hanh-son-pr633277.html,2026-05-15T11:07:22
phongtro123,"Phòng trọ sạch sẽ tiện nghi tại 648 Ngô Quyền, Phường An Hải Bắc, Quận Sơn Trà, Đà Nẵng",2 triệu/tháng,16,"Sơn Trà, Đà Nẵng","Phòng trọ sạch sẽ tiện nghi tại 648 Ngô Quyền, Phường An Hải Bắc, Quận Sơn Trà, Đà Nẵng 2 triệu/tháng 16 m 2 Sơn Trà, Đà Nẵng Cho thuê phòng trọ tại 648 Ngô Quyền, Phường An Hải Bắc, Quận Sơn Trà, Đà Nẵng.Phòng đầy đủ tiện nghi: máy lạnh, quạt, giường nệm, chỉ xách Vali… 2 năm trước",https://phongtro123.com/phong-tro-sach-se-tien-nghi-tai-648-ngo-quyen-phuong-an-hai-bac-quan-son-tra-da-nang-pr628476.html,2026-05-15T11:07:22
phongtro123,Cho thuê phòng trọ mới 100% full nội thất gần trường đại học kiến trúc đại học đông á,3.6 triệu/tháng,13,"Hải Châu, Đà Nẵng","Cho thuê phòng trọ mới 100% full nội thất gần trường đại học kiến trúc đại học đông á 3.6 triệu/tháng 13 m 2 Hải Châu, Đà Nẵng Cho thuê phòng trọ mới 100% số 27 đường Lê Văn Đức, gần trường đại học Đông Á, đại học kiến trúc.Phòng full nội thất: điều hòa, tủ lạnh, máy… 2 năm trước",https://phongtro123.com/cho-thue-phong-tro-moi-100-full-noi-that-gan-truong-dai-hoc-kien-truc-dai-hoc-dong-a-pr631719.html,2026-05-15T11:07:22
phongtro123,Cho thuê căn hộ đầy đủ nội thất Hải Châu Đà Nẵng,4.5 triệu/tháng,25,"Hải Châu, Đà Nẵng","Cho thuê căn hộ đầy đủ nội thất Hải Châu Đà Nẵng 4.5 triệu/tháng 25 m 2 Hải Châu, Đà Nẵng Còn 1 căn duy nhất giá: 4,x tr/thTOÀ NHÀ CĂN HỘ MINI CHO THUÊ QUẬN HẢI CHÂU - 39B Tạ Hiện - 076.386.9084ĐỊA CHỈ : 39B Tạ Hiện ( Cách tượng đài 2/9 200m… 2 năm trước",https://phongtro123.com/cho-thue-can-ho-day-du-noi-that-hai-chau-da-nang-2-pr631849.html,2026-05-15T11:07:22
phongtro123,Phòng trọ 17m2 K41/h08/3 đặng thùy trâm,2 triệu/tháng,17,"Hải Châu, Đà Nẵng","Phòng trọ 17m2 K41/h08/3 đặng thùy trâm 2 triệu/tháng 17 m 2 Hải Châu, Đà Nẵng Cho thuê 1 phòng trọ (giá rẻ) 17m²- 2 triệu/tháng (chưa kể điện nước), phòng rộng rãi thoải máiĐiều kiện: độc thân, 1 phòng chỉ 1 người ở, sạch… 2 năm trước",https://phongtro123.com/phong-tro-17m2-k41-h08-3-dang-thuy-tram-pr631586.html,2026-05-15T11:07:22
phongtro123,Phòng căn hộ mặt đường giá sinh viên,3.2 triệu/tháng,30,"Hải Châu, Đà Nẵng","Phòng căn hộ mặt đường giá sinh viên 3.2 triệu/tháng 30 m 2 Hải Châu, Đà Nẵng CHO THUÊ PHÒNG ĐẸP - GIÁ RẺ - VỊ TRÍ ĐỘC QUYỀN Vị trí: Mặt đường 2/9, gần Helio, Đại học Đông Á và nhiều tiện ích khác. Phòng đầy… 2 năm trước",https://phongtro123.com/phong-can-ho-mat-duong-gia-sinh-vien-pr630553.html,2026-05-15T11:07:22
phongtro123,"Cho thuê phòng trọ 20m2 địa chỉ 27 thanh lương 27, Hòa Xuân, Cẩm lệ, Đà Nẵng",2.5 triệu/tháng,20,"Cẩm lệ, Đà Nẵng","Cho thuê phòng trọ 20m2 địa chỉ 27 thanh lương 27, Hòa Xuân, Cẩm lệ, Đà Nẵng 2.5 triệu/tháng 20 m 2 Cẩm Lệ, Đà Nẵng Cho thuê phòng trọ 20m2 địa chỉ 27 thanh lương 27, Hòa Xuân, Cẩm lệ, Đà Nẵng SDT: 0795.567.260 nhà mới xây, Phòng thoáng mát, có giếng trời, không ở chung… 2 năm trước",https://phongtro123.com/cho-thue-phong-tro-20m2-dia-chi-27-thanh-luong-27-hoa-xuan-cam-le-da-nang-pr630437.html,2026-05-15T11:07:22
phongtro123,Cho thuê tầng 2 100m2 (2phong ngủ) trong nhà nguyên căn,1.5 triệu/tháng,100,"Hoà Vang, Đà Nẵng","Cho thuê tầng 2 100m2 (2phong ngủ) trong nhà nguyên căn 1.5 triệu/tháng 100 m 2 Hoà Vang, Đà Nẵng Tầng 2 100m2 có 2 phòng ngủ, 1wcSử dụng chung bếp tầng 1Đầy đủ tiện nghi đồ dùng (máy giặt, tủ lạnh, điều hoà, máy nước nóng, dụng cụ bếp,...)… 2 năm trước",https://phongtro123.com/cho-thue-tang-2-100m2-trong-nha-nguyen-can-pr630315.html,2026-05-15T11:07:22
phongtro123,Phòng trọ 30m2 đường Hoàng Thúc Trâm ngay trung tâm thành phố,2 triệu/tháng,30,"Hải Châu, Đà Nẵng","Phòng trọ 30m2 đường Hoàng Thúc Trâm ngay trung tâm thành phố 2 triệu/tháng 30 m 2 Hải Châu, Đà Nẵng Cho thuê phòng mới giá rẻ, quận Hải Châu, đến ở luônĐịa chỉ: số K69/6B Hoàng Thúc Trâm, P.Hòa Cường Bắc, Q.Hải Châu, Đà NẵngCách Đại học Ngoại… 2 năm trước",https://phongtro123.com/phong-tro-30m2-duong-hoang-thuc-tram-ngay-trung-tam-thanh-pho-pr630289.html,2026-05-15T11:07:22
phongtro123,Phòng trống tầng 3 12m2 gần chợ đống đa,1.8 triệu/tháng,12,"Hải Châu, Đà Nẵng","Phòng trống tầng 3 12m2 gần chợ đống đa 1.8 triệu/tháng 12 m 2 Hải Châu, Đà Nẵng Còn 2 phòng trống trong nhà1tr8/ngườiDiện tích 12m2Khu vực phơi đồChỗ để xeCamera an ninhWc chungGần chợ đống đaƯu tiên ít nấu ăn sạch sẽ… 2 năm trước",https://phongtro123.com/phong-trong-tang-3-12m2-gan-cho-dong-da-pr629238.html,2026-05-15T11:07:22
phongtro123,"Cho thuê phòng trọ mặt tiền tại 78 Nguyễn Xuân Hữu, Hoà Thọ Đông, Cẩm Lệ, Đà Naengx",2.5 triệu/tháng,20,"Cẩm Lệ, Đà Nẵng","Cho thuê phòng trọ mặt tiền tại 78 Nguyễn Xuân Hữu, Hoà Thọ Đông, Cẩm Lệ, Đà Naengx 2.5 triệu/tháng 20 m 2 Cẩm Lệ, Đà Nẵng Phòng trọ 20m2, có gác lửng, có khu vực bếp, có bình nóng lạnh, gạch ốp tới trần nên sạch sẽ và thoáng mát. Cả dãy trọ chỉ có 4 phòng, có sân phơi… 2 năm trước",https://phongtro123.com/cho-thue-phong-tro-tai-so-78-nguyen-xuan-huu-hoa-tho-dong-cam-le-da-nang-pr609883.html,2026-05-15T11:07:22
phongtro123,"Cho thuê phòng trọ giá rẻ trên đường Tôn Đức Thắng, Liên Chiểu",1.8 triệu/tháng,35,"Liên Chiểu, Đà Nẵng","Cho thuê phòng trọ giá rẻ trên đường Tôn Đức Thắng, Liên Chiểu 1.8 triệu/tháng 35 m 2 Liên Chiểu, Đà Nẵng Cho thuê phòng trọ giá rẻ Hòa Minh, Liên ChiểuĐịa chỉ: 380 Tôn Đức Thắng, P. Hòa Minh, Liên Chiểu, Đà NẵngMặt tiền của trục đường chính Tôn Đức… 2 năm trước",https://phongtro123.com/cho-thue-phong-tro-gia-re-tren-duong-ton-duc-thang-pr622486.html,2026-05-15T11:07:22
phongtro123,Cho thuê phòng trọ sinh viên nữ đường Đinh CÔng Tráng,2 triệu/tháng,25,"Hải Châu, Đà Nẵng","Cho thuê phòng trọ sinh viên nữ đường Đinh CÔng Tráng 2 triệu/tháng 25 m 2 Hải Châu, Đà Nẵng Phòng trọ giá hấp dẫn chỉ 2 triệu/tháng (dành riêng cho sinh viên nữ)Diện tích: 25m2Địa chỉ: 55 Đinh Công Tráng, Quận Hải Châu, Đà NẵngTiện… 2 năm trước",https://phongtro123.com/cho-thue-phong-tro-sinh-vien-nu-duong-dinh-cong-trang-pr628086.html,2026-05-15T11:07:22
phongtro123,"Trọ 40m2/phòng sát bên chợ, gần trường đại học",2.7 triệu/tháng,40,"Thanh Khê, Đà Nẵng","Trọ 40m2/phòng sát bên chợ, gần trường đại học 2.7 triệu/tháng 40 m 2 Thanh Khê, Đà Nẵng Cho thuê trọ sát chợ, gần trường đại học, phòng 40m2 rộng rãi, giờ giấc tự do, thoải mái, an ninh tốt 2 năm trước",https://phongtro123.com/tro-40m2-phong-sat-ben-cho-gan-truong-dai-hoc-pr628106.html,2026-05-15T11:07:22
phongtro123,Phòng trọ đầy đủ tiện nghi ngay trung tâm thành phố,3.5 triệu/tháng,20,"Cẩm Lệ, Đà Nẵng","Phòng trọ đầy đủ tiện nghi ngay trung tâm thành phố 3.5 triệu/tháng 20 m 2 Cẩm Lệ, Đà Nẵng Cho thuê phòng trọ đầy đủ tiện nghi, Phòng trọ đầy đủ tiện nghi, có điều hoà, máy giặt, tủ lạnh, bếp, WC riêng tư, Tủ áo quần, Giường Hàn Quốc,… 2 năm trước",https://phongtro123.com/phong-tro-day-du-tien-nghi-ngay-trung-tam-thanh-pho-pr628036.html,2026-05-15T11:07:22
phongtro123,Cho thuê phòng trọ vGần sân bay,1.3 triệu/tháng,18,"Hải Châu, Đà Nẵng","Cho thuê phòng trọ vGần sân bay 1.3 triệu/tháng 18 m 2 Hải Châu, Đà Nẵng Nhà còn 1 phòng cho thuê, gần sân bay, an toàn, vệ sinhƯu tiên sinh viên hoặc người đi làm sân bay.Phòng ở được 1 người. 2 năm trước",https://phongtro123.com/cho-thue-phong-tro-v-gan-san-bay-pr627732.html,2026-05-15T11:07:22
phongtro123,"Cho thuê phòng trọ 541/10 đường Núi Thành, Hòa Cường Nam, Hải Châu, TP Đà Nẵng",2.7 triệu/tháng,23,"Hải Châu, Đà Nẵng","Cho thuê phòng trọ 541/10 đường Núi Thành, Hòa Cường Nam, Hải Châu, TP Đà Nẵng 2.7 triệu/tháng 23 m 2 Hải Châu, Đà Nẵng PHÒNG TRỌ 541/10- Cách trường Đại Học Kiến Trúc Đà Nẵng 100m. cách trường Đại Học Đông Á 200m.... thuận tiện đi lại các quận.- Phòng có CỬA SỔ,… 2 năm trước",https://phongtro123.com/cho-thue-phong-tro-541-10-duong-nui-thanh-hoa-cuong-nam-hai-chau-tp-da-nang-pr627560.html,2026-05-15T11:07:22
phongtro123,Cho thuê phòng trọ mặt tiền bình hoà 1 wc kín siêu rẻ đầy đủ nội thất,2.5 triệu/tháng,40,"Cẩm Lệ, Đà Nẵng","Cho thuê phòng trọ mặt tiền bình hoà 1 wc kín siêu rẻ đầy đủ nội thất 2.5 triệu/tháng 40 m 2 Cẩm Lệ, Đà Nẵng CHO THUÊ PHÒNG RIÊNG BIỆT ĐẦY ĐỦ NỘI THẤT MẶT TIỀN ĐƯỜNG BÌNH HÒA 1, KHUÊ TRUNG, CẨM LỆ. Vị trí đẹp gần trường Kiến Trúc, Đông Á, Ngoại Ngữ,… 2 năm trước",https://phongtro123.com/cho-thue-phong-tro-mat-tien-binh-hoa-1-wc-kin-sieu-re-day-du-noi-that-pr626646.html,2026-05-15T11:07:22
phongtro123,"Còn 2 phòng cho thuê gần viện gia đình sân bay ,đại học duy tân",1.7 triệu/tháng,12,"Hải Châu, Đà Nẵng","Còn 2 phòng cho thuê gần viện gia đình sân bay ,đại học duy tân 1.7 triệu/tháng 12 m 2 Hải Châu, Đà Nẵng 1/6 có 2 phòng cho thuê lối đi riêng . Mỗi phòng 2 người ở, ko cho thuê gia đình và bồ bịch ở chung . Điện theo số đồng hồ ,nước wifi miễn phí .phòng có… 2 năm trước",https://phongtro123.com/con-2-phong-cho-thue-gan-vien-gia-dinh-san-bay-dai-hoc-duy-tan-pr625856.html,2026-05-15T11:07:25
phongtro123,Cho thuê phòng trọ tại 84 Nguyễn Chánh Liên Chiểu Đà Nẵng,1.5 triệu/tháng,16.3,"Liên Chiểu, Đà Nẵng","Cho thuê phòng trọ tại 84 Nguyễn Chánh Liên Chiểu Đà Nẵng 1.5 triệu/tháng 16.3 m 2 Liên Chiểu, Đà Nẵng - Thuê phòng trọ tại Đà Nẵng- Địa chỉ 84 Nguyễn Chánh, Liên Chiểu, Đà Nẵng- SĐT: 0777824725- Phòng rộng 16.3m2, có gác, sạch sẽ, thoáng mát, sân… 2 năm trước",https://phongtro123.com/cho-thue-phong-tro-tai-84-nguyen-chanh-lien-chieu-da-nang-pr625574.html,2026-05-15T11:07:25
phongtro123,"Phòng trọ 30m tại Nguyễn văn thoại,an Hải đông,Sơn trà",2.8 triệu/tháng,30,"Sơn Trà, Đà Nẵng","Phòng trọ 30m tại Nguyễn văn thoại,an Hải đông,Sơn trà 2.8 triệu/tháng 30 m 2 Sơn Trà, Đà Nẵng Cho thuê phòng trọ tại kiệt 145 Nguyễn văn thoại,dt 30m ,gần biển,chợ gần cầu Trần thị lý,giá cho thuê 2triệu 8/tháng LH 0936 441 755 2 năm trước",https://phongtro123.com/phong-tro-30m-tai-nguyen-van-thoai-an-hai-dong-son-tra-pr625545.html,2026-05-15T11:07:25
phongtro123,"CHO THUÊ PHÒNG TRỌ ĐẸP, TIỆN NGHI, SƠN TRÀ-ĐÀ NẴNG",3 triệu/tháng,25,"Sơn Trà, Đà Nẵng","CHO THUÊ PHÒNG TRỌ ĐẸP, TIỆN NGHI, SƠN TRÀ-ĐÀ NẴNG 3 triệu/tháng 25 m 2 Sơn Trà, Đà Nẵng Chỉ cần xách vali vào ở thôi nhé.Tòa nhà rộng đẹp 6 tầng có thang máy, nguyên là khách sạn 12 phòng ngay trung tâm thành phố, ra biển chỉ 5 phút, thuận… 2 năm trước",https://phongtro123.com/cho-thue-phong-tro-dep-tien-nghi-son-tra-da-nang-pr625262.html,2026-05-15T11:07:25
phongtro123,"Trọ Khu CN Hoà Cầm, phòng Mới giá rẻ",,18,"Cẩm Lệ, Đà Nẵng","Trọ Khu CN Hoà Cầm, phòng Mới giá rẻ 850.000 đồng/tháng 18 m 2 Cẩm Lệ, Đà Nẵng Địa chỉ: Gần khu công nghiệp Hòa Cầm.Tên google map: Khu Trọ Đạo ĐứcNhà trọ: Cách điểm mua đồ ăn sáng khoảng 50m.Cách quán cơm khoảng 300m.Cách… 2 năm trước",https://phongtro123.com/tro-khu-cn-hoa-cam-phong-moi-gia-re-pr305500.html,2026-05-15T11:07:25
phongtro123,Phòng trọ đường Hải Sơn quận Hải Châu Đaf Nẵng,1 triệu/tháng,15,"Hải Châu, Đà Nẵng","Phòng trọ đường Hải Sơn quận Hải Châu Đaf Nẵng 1 triệu/tháng 15 m 2 Hải Châu, Đà Nẵng Phòng trọ đường Hải Sơn quận Hải Châu Đaf NẵngGần trung tâm thành phố Đà NẵngGần chợ Đống Đa và các gần các siêu thị và khu mua… 2 năm trước",https://phongtro123.com/phong-tro-duong-hai-son-quan-hai-chau-daf-nang-pr624963.html,2026-05-15T11:07:25
phongtro123,Phòng trọ khu vực Chợ Thanh Vinh – Cạnh KCN Hòa Khánh,1.4 triệu/tháng,18,"Liên Chiểu, Đà Nẵng","Phòng trọ khu vực Chợ Thanh Vinh – Cạnh KCN Hòa Khánh 1.4 triệu/tháng 18 m 2 Liên Chiểu, Đà Nẵng Phòng trọ khu vực Chợ Thanh Vinh – Cạnh KCN Hòa KhánhPhòng trọ cho thuê khu vực Thanh Vinh 5 – Phòng còn mới, Bếp, WC vệ sinh sạch đẹpVị trí: Gần khu CN… 3 năm trước",https://phongtro123.com/phong-tro-khu-vuc-cho-thanh-vinh-canh-kcn-hoa-khanh-pr624920.html,2026-05-15T11:07:25
phongtro123,"Phòng trọ yên tĩnh, thoáng mát gần bến xe Đà Nẵng",1.5 triệu/tháng,20,"Cẩm Lệ, Đà Nẵng","Phòng trọ yên tĩnh, thoáng mát gần bến xe Đà Nẵng 1.5 triệu/tháng 20 m 2 Cẩm Lệ, Đà Nẵng Phòng trọ 20m2, toilet riêng, lối đi riêng, trần đúc hướng nam mát mẻ, sạch sẽ, yên tĩnh. Phòng mới thoáng, sạch. Anh, chị, em có nhu cầu liên hệ. 3 năm trước",https://phongtro123.com/phong-tro-yen-tinh-thoang-mat-gan-ben-xe-da-nang-pr624909.html,2026-05-15T11:07:25
phongtro123,"PHÒNG TRỌ 15 m VUÔNG - ĐƯỜNG PHAN ĐĂNG LƯU - HẢI CHÂU - SẠCH SẼ, THOÁNG MÁT - DANH CHO SV /NGƯỜI ĐI LÀM",1.5 triệu/tháng,15,"Hải Châu, Đà Nẵng","PHÒNG TRỌ 15 m VUÔNG - ĐƯỜNG PHAN ĐĂNG LƯU - HẢI CHÂU - SẠCH SẼ, THOÁNG MÁT - DANH CHO SV /NGƯỜI ĐI LÀM 1.5 triệu/tháng 15 m 2 Hải Châu, Đà Nẵng Phòng trọ cho sinh viên hoặc người đi làm, diện tích 15 m vuông, sạch sẽ, thoáng mát, khu an ninh, an toàn. Chủ nhà thân thiện, mến khách -Miễn phí điện,… 3 năm trước",https://phongtro123.com/phong-tro-15-m-vuong-sach-se-thoang-mat-danh-cho-sv-nguoi-di-lam-pr623664.html,2026-05-15T11:07:25
phongtro123,"Phòng trọ giá rẻ ngã tư Hoàng Diệu-Nguyễn Văn Linh, gần ĐH Duy Tân",1.6 triệu/tháng,16,"Hải Châu, Đà Nẵng","Phòng trọ giá rẻ ngã tư Hoàng Diệu-Nguyễn Văn Linh, gần ĐH Duy Tân 1.6 triệu/tháng 16 m 2 Hải Châu, Đà Nẵng Mình cần cho 1 nữ sinh viên thuê phòng đẹp dài hạn giá rẻ gần Đại học Duy Tân_đường Hoàng Diệu- Phòng chất lượng cao ở lầu 2 ( Nhà ở mái đúc 2… 3 năm trước",https://phongtro123.com/phong-tro-gia-re-nga-tu-hoang-dieu-nguyen-van-linh-pr599487.html,2026-05-15T11:07:25
phongtro123,PHÒNG TRỌ/CĂN HỘ CHO THUÊ (HOẠT ĐỘNG TỪ THÁNG 05/2023),1.5 triệu/tháng,20,"Hải Châu, Đà Nẵng","PHÒNG TRỌ/CĂN HỘ CHO THUÊ (HOẠT ĐỘNG TỪ THÁNG 05/2023) 1.5 triệu/tháng 20 m 2 Hải Châu, Đà Nẵng Địa chỉ: đường Hải Hồ, phường Thuận Phước.(Gần chợ Đống Đa, và trường Cao Đẳng Công Nghệ Đà Nẵng)——- Nhà vừa xây xong (đẹp, hiện… 3 năm trước",https://phongtro123.com/phong-tro-can-ho-cho-thue-hoat-dong-tu-thang-05-2023-pr624149.html,2026-05-15T11:07:25
phongtro123,Phòng trọ 25m2 đầy đủ tiện nghi,2.5 triệu/tháng,25,"Hải Châu, Đà Nẵng","Phòng trọ 25m2 đầy đủ tiện nghi 2.5 triệu/tháng 25 m 2 Hải Châu, Đà Nẵng Phòng trọ nguyên tầng 2(Tầng 1 chủ ở) đầy đủ tiện nghi, giờ giấc thoải mái:- 01 phòng ngủ có điều hòa- 01 phòng có máy giặt- 01 phòng WC có máy… 3 năm trước",https://phongtro123.com/phong-tro-25m2-day-du-tien-nghi-pr623938.html,2026-05-15T11:07:25
phongtro123,Cho Thuê Phòng Trọ thoáng mát sạch sẽ giá từ 1.500.000 - 2.000.000,1.5 triệu/tháng,40,"Hải Châu, Đà Nẵng","Cho Thuê Phòng Trọ thoáng mát sạch sẽ giá từ 1.500.000 - 2.000.000 1.5 triệu/tháng 40 m 2 Hải Châu, Đà Nẵng CHO NỮ THUÊ PHÒNG CHUNG CHỦ THOÁNG MÁT GIÁ TỪ 1.500.000 – 2.000.000 CÓ LỐI ĐI RIÊNG, CÓ ĐIỀU HÒA, NÓNG LẠNH, CÓ CHỖ NẤU ĂN…….. WIFI MIỄN PHÍ. ĐI BỘ… 3 năm trước",https://phongtro123.com/cho-thue-phong-tro-thoang-mat-sach-se-gia-tu-1-500-000-2-000-000-pr623612.html,2026-05-15T11:07:25
phongtro123,"Phòng trọ điều hoà, khép kín, an ninh tốt, wifi mạnh miễn phí 1.400.000",1.4 triệu/tháng,18,"Liên Chiểu, Đà Nẵng","Phòng trọ điều hoà, khép kín, an ninh tốt, wifi mạnh miễn phí 1.400.000 1.4 triệu/tháng 18 m 2 Liên Chiểu, Đà Nẵng Nhà mình còn 1 phòng trọ cần cho thuê:- Diện tích 18m2, vệ sinh khép kín, wifi mạnh dùng miễn phí- Phòng có điều hòa, giường, kệ bếp- Đồng hồ điện… 3 năm trước",https://phongtro123.com/phong-tro-dieu-hoa-khep-kin-an-ninh-tot-wifi-manh-mien-phi-1-400-000-pr623595.html,2026-05-15T11:07:25
phongtro123,"Phòng trọ giá rẻ ở liền ,thoáng ,gác cao",1.5 triệu/tháng,25,"Cẩm Lệ, Đà Nẵng","Phòng trọ giá rẻ ở liền ,thoáng ,gác cao 1.5 triệu/tháng 25 m 2 Cẩm Lệ, Đà Nẵng Cho thuê phòng tại cầu vượt Hoà Cầm , cạnh TTVH thể thao quận Cẩm lệ , đối diện cổng KCN Hoà Cầm, K12 Trường Sơn ️ Khu an ninh , ko chung chủ , khuôn viên… 3 năm trước",https://phongtro123.com/phong-tro-gia-re-o-lien-thoang-gac-cao-pr623258.html,2026-05-15T11:07:25
phongtro123,Cho thuê phòng trọ nữ nhà mặt tiền ngay trung tâm Đà Nẵng,1.8 triệu/tháng,30,"Thanh Khê, Đà Nẵng","Cho thuê phòng trọ nữ nhà mặt tiền ngay trung tâm Đà Nẵng 1.8 triệu/tháng 30 m 2 Thanh Khê, Đà Nẵng Cho thuê phòng trọ, diện tích 30m2, phòng thoáng mát có 3 cửa sỏ, có ban công, sân phơi, nhà mặt tiền 99 Hoàng Hoa Thám, giá: 1,8 trGần chợ, siêu thị big C,… 3 năm trước",https://phongtro123.com/cho-thue-phong-tro-nu-nha-mat-tien-ngay-trung-tam-da-nang-pr623191.html,2026-05-15T11:07:25
phongtro123,"Cho thuê trọ, 84 Nguyễn Chánh, Liên Chiểu, Đà Nẵng",,15.75,"Liên Chiểu, Đà Nẵng","Cho thuê trọ, 84 Nguyễn Chánh, Liên Chiểu, Đà Nẵng 800.000 đồng/tháng 15.75 m 2 Liên Chiểu, Đà Nẵng Cho thuê trọ ởDiện tích phòng ở 4,5x3,5mĐịa chỉ: 84 Nguyễn Chánh - Hòa Minh - Liên Chiểu Đà NẵngSĐT: Không - Bảy - Bảy - Bảy - Tám - Hải - Bốn… 3 năm trước",https://phongtro123.com/cho-thue-tro-84-nguyen-chanh-lien-chieu-da-nang-pr623143.html,2026-05-15T11:07:25
phongtro123,"Cho thuê dài hạn phòng trọ khép kín, trần betong, phía trên có thêm mái tôn, dt 23m2+8,5 m2 mê lửng",2.8 triệu/tháng,23,"Sơn Trà, Đà Nẵng","Cho thuê dài hạn phòng trọ khép kín, trần betong, phía trên có thêm mái tôn, dt 23m2+8,5 m2 mê lửng 2.8 triệu/tháng 31 m 2 Sơn Trà, Đà Nẵng Cho thuê dài hạn phòng trọ khép kín, trần betong, phía trên có thêm mái tôn, dt 23m2+8,5 m2 mê lửng+ 23m2 sân; cách bãi tắm biển khoảng 300m; Có máy điều hoà… 3 năm trước",https://phongtro123.com/cho-thue-dai-han-phong-tro-khep-kin-tran-betong-phia-tren-co-them-mai-ton-dt-23m2-8-5-m2-me-lung-pr622996.html,2026-05-15T11:07:25
phongtro123,"Cho thuê phòng trọ cho công nhân, sinh viên",1.5 triệu/tháng,15,"Cẩm Lệ, Đà Nẵng","Cho thuê phòng trọ cho công nhân, sinh viên 1.5 triệu/tháng 15 m 2 Cẩm Lệ, Đà Nẵng Phòng rộng 15m2, không chung chủ, phòng sạch sẽ, mát, đẹp, an ninh tốt. Khu vực dân cư yên tĩnh, gần nhà máy dệt hòa thọ 3 năm trước",https://phongtro123.com/cho-thue-phong-tro-cho-cong-nhan-sinh-vien-pr622056.html,2026-05-15T11:07:25
phongtro123,"Cho thuê phòng trọ ở 21 Lê Thị Hồng Gấm, Hải Châu, Đà Nẵng",3.5 triệu/tháng,35,"Hải Châu, Đà Nẵng","Cho thuê phòng trọ ở 21 Lê Thị Hồng Gấm, Hải Châu, Đà Nẵng 3.5 triệu/tháng 35 m 2 Hải Châu, Đà Nẵng Cho thuê phòng ở khu vực trung tâm thành phố Đà Nẵng (21 Lê Thị Hồng Gấm, quận Hải Châu). Gần chợ đầu mối Hoà Cường, trường ĐH Kiến Trúc, ĐH Đông… 3 năm trước",https://phongtro123.com/cho-thue-phong-tro-o-21-le-thi-hong-gam-hai-chau-da-nang-pr612281.html,2026-05-15T11:07:25
phongtro123,Cho thuê phòng trọ tại 346 Ngũ Hành Sơn,2.5 triệu/tháng,35,"Ngũ Hành Sơn, Đà Nẵng","Cho thuê phòng trọ tại 346 Ngũ Hành Sơn 2.5 triệu/tháng 35 m 2 Ngũ Hành Sơn, Đà Nẵng Cho thuê phòng trọ ở 346 Ngũ Hành Sơn quận Ngũ Hành Sơn Đà Nẵng.Giá 2,5--3,5 triệu/1phòng/1tháng, có nhà vệ sinh riêng hệ thống nóng lạnh từng phòng, có… 3 năm trước",https://phongtro123.com/cho-thue-phong-tro-van-phong-spa-tai-346-ngu-hanh-son-pr620954.html,2026-05-15T11:07:29
phongtro123,Cho thuê phòng trọ tại quận Ngũ Hành Sơn Đà Nẵng,1.5 triệu/tháng,20,"Ngũ Hành Sơn, Đà Nẵng","Cho thuê phòng trọ tại quận Ngũ Hành Sơn Đà Nẵng 1.5 triệu/tháng 20 m 2 Ngũ Hành Sơn, Đà Nẵng Cho thuê phòng trọ tại: 508 Lê Văn Hiến, Ngũ Hành Sơn Đà NẵngPhòng mới rộng rãi có cửa sổ ,thoáng mátNgay mặt tiền, tiện đi lạiCó bếp + WC riêng,… 3 năm trước",https://phongtro123.com/cho-thue-phong-tro-tai-quan-ngu-hanh-son-da-nang-pr621349.html,2026-05-15T11:07:29
phongtro123,"Cho thuê trọ, 96 Trần Quý Khoách, Liên Chiểu, Đà Nẵng",2 triệu/tháng,90,"Liên Chiểu, Đà Nẵng","Cho thuê trọ, 96 Trần Quý Khoách, Liên Chiểu, Đà Nẵng 2 triệu/tháng 90 m 2 Liên Chiểu, Đà Nẵng Cho thuê nhà ở, buôn bán, ...v.....v... Diện tích phòng ở 3x3,2m Sân có diện tích RxD = 5x11m Có bếp phía sau nhà, toilet kẹp hông nhà.Địa chỉ: 96 Trần… 3 năm trước",https://phongtro123.com/cho-thue-tro-96-tran-quy-khoach-lien-chieu-da-nang-pr620555.html,2026-05-15T11:07:29
phongtro123,"Cho thuê phòng trọ có gác lửng mới tại Hòa Khánh Nam, Liên Chiểu",1.1 triệu/tháng,35,"Liên Chiểu, Đà Nẵng","Cho thuê phòng trọ có gác lửng mới tại Hòa Khánh Nam, Liên Chiểu 1.1 triệu/tháng 35 m 2 Liên Chiểu, Đà Nẵng Cho thuê phòng trọ tại Quận Liên ChiểuVị trí: Đường Phạm Thị Lam Anh, phường Hòa Khánh Nam (gần Hoàng Văn Thái).Đặc điểm: Phòng rộng khoảng 35m2, có… 3 năm trước",https://phongtro123.com/cho-thue-phong-tro-co-gac-lung-moi-tai-hoa-khanh-nam-lien-chieu-pr620301.html,2026-05-15T11:07:29
phongtro123,Cho thuê phòng trọ khu vực Trần Cao Vân,1.7 triệu/tháng,25,"Thanh Khê, Đà Nẵng","Cho thuê phòng trọ khu vực Trần Cao Vân 1.7 triệu/tháng 25 m 2 Thanh Khê, Đà Nẵng Cho thuê phòng 1tr7 - ở tối đa 2 ngườiLiên hệ trực tiếp 0902341821Đầy đủ tiện nghi máy lạnh,tủ nhà vệ sinh kế bên 3 năm trước",https://phongtro123.com/cho-thue-phong-tro-khu-vuc-tran-cao-van-pr619886.html,2026-05-15T11:07:29
phongtro123,Cho thuê nhà trọ trong nhà nguyên căn,2.3 triệu/tháng,30,"Hải Châu, Đà Nẵng","Cho thuê nhà trọ trong nhà nguyên căn 2.3 triệu/tháng 30 m 2 Hải Châu, Đà Nẵng Cần cho thuê phòng trọ trong nhà nguyên căn, không gian riêng, phòng riêng có wc và điều hóa, nóng lạnh 3 năm trước",https://phongtro123.com/cho-thue-nha-tro-trong-nha-nguyen-can-pr619748.html,2026-05-15T11:07:29
phongtro123,"Còn 1 phòng trống sạch sẽ, có gác lững. Khu an ninh tốt",2.5 triệu/tháng,25,"Cẩm Lệ, Đà Nẵng","Còn 1 phòng trống sạch sẽ, có gác lững. Khu an ninh tốt 2.5 triệu/tháng 25 m 2 Cẩm Lệ, Đà Nẵng Còn 1 phòng trống thoáng mát, sạch sẽ, có gác lững rộng rãi.có điều hòa. chỗ để xe, camera an ninh đầy đủ. Wifi miễn phí, không chung chủ giờ tự doXung… 3 năm trước",https://phongtro123.com/con-1-phong-trong-sach-se-co-gac-lung-khu-an-ninh-tot-pr584497.html,2026-05-15T11:07:29
phongtro123,"***HOT***CHO THUÊ NHÀ NGUYÊN CĂN - ĐƯỜNG ÂU CƠ- ĐÀ NẴNG. 2P NGU, 1P KHÁCH, 1WC 60M2 VÀO Ở NGAY",2.8 triệu/tháng,60,"Liên Chiểu, Đà Nẵng","***HOT***CHO THUÊ NHÀ NGUYÊN CĂN - ĐƯỜNG ÂU CƠ- ĐÀ NẴNG. 2P NGU, 1P KHÁCH, 1WC 60M2 VÀO Ở NGAY 2.8 triệu/tháng 60 m 2 Liên Chiểu, Đà Nẵng Còn 1 Nhà Nguyên căn 60m2. Sạch sẽ, thoáng mát. An ninh tốt......... Vào ở ngayĐiện: 3000đ/1KwhNước: 10.000d/1m3 3 năm trước",https://phongtro123.com/nha-nguyen-can-60m2-an-ninh-tot-pr619405.html,2026-05-15T11:07:29
phongtro123,Cho thuê phòng trọ mặt tiền tại 78 Nguyễn Xuân Hữu,2.5 triệu/tháng,25,"Cẩm Lệ, Đà Nẵng","Cho thuê phòng trọ mặt tiền tại 78 Nguyễn Xuân Hữu 2.5 triệu/tháng 25 m 2 Cẩm Lệ, Đà Nẵng Cho thuê phòng mặt tiền tại 78 Nguyễn Xuân Hữu.Phòng trọ 25m2, có gác lửng, có khu vực bếp, có bình nóng lạnh, gạch ốp tới trần nên sạch sẽ và thoáng… 3 năm trước",https://phongtro123.com/cho-thue-phong-mat-tien-tai-78-nguyen-xuan-huu-pr618085.html,2026-05-15T11:07:29
phongtro123,"CĂN HỘ STUDIO CẨM LỆ, ĐÀ NẴNG MỚI TINH",4 triệu/tháng,26.3,"CẨM LỆ, ĐÀ NẴNG","CĂN HỘ STUDIO CẨM LỆ, ĐÀ NẴNG MỚI TINH 4 triệu/tháng 26.3 m 2 Cẩm Lệ, Đà Nẵng ️️Cho thuê căn studioĐc: 115-117 Đỗ Thúc Tịnh, Khuê Trung, Cẩm Lệ, Đà NẵngDt: 26,3 m2Nội Thất: Cơ BảnTiện ích:Thang MáyNhà để xeHồ BơiCó… 3 năm trước",https://phongtro123.com/can-ho-studio-cam-le-da-nang-moi-tinh-pr618861.html,2026-05-15T11:07:29
phongtro123,CHO THUÊ PHÒNG ĐƯỜNG BÙI HIỂN - CẨM LỆ,3 triệu/tháng,25,"Cẩm Lệ, Đà Nẵng","CHO THUÊ PHÒNG ĐƯỜNG BÙI HIỂN - CẨM LỆ 3 triệu/tháng 25 m 2 Cẩm Lệ, Đà Nẵng CHO THUÊ PHÒNG ĐƯỜNG BÙI HIỂN - CẨM LỆDT : 25m2 rộng rãiCăn hộ mini Full nội thất mới xây, tủ quần áo, tủ bếp, máy lạnh, nước nóng lạnh, máy giặt… 3 năm trước",https://phongtro123.com/cho-thue-phong-duong-bui-hien-cam-le-pr618694.html,2026-05-15T11:07:29
phongtro123,"Cho thuê phòng trọ giá rẻ phường An Hải Bắc, Sơn Trà, Đà Nẵng",1.5 triệu/tháng,18,"Sơn Trà, Đà Nẵng","Cho thuê phòng trọ giá rẻ phường An Hải Bắc, Sơn Trà, Đà Nẵng 1.5 triệu/tháng 18 m 2 Sơn Trà, Đà Nẵng Cho thuê phòng trọ giá rẻĐịa chỉ: Số nhà 199, Phố Phó Đức Chính, Phường An Hải Bắc, Quận Sơn Trà, Đà NẵngDiện tích: 18m2 khép kín, yên tĩnhĐiện… 3 năm trước",https://phongtro123.com/cho-thue-phong-tro-gia-re-phuong-an-hai-bac-son-tra-da-nang-pr618679.html,2026-05-15T11:07:29
phongtro123,"Cho thuê dãy phòng trọ mới xây, có gác lửng",3 triệu/tháng,30,"Ngũ Hành Sơn, Đà Nẵng","Cho thuê dãy phòng trọ mới xây, có gác lửng 3 triệu/tháng 30 m 2 Ngũ Hành Sơn, Đà Nẵng Dãy phòng trọ mới xây, có gác lửng, nhà vệ sinh trong, có khu vực bếp rộng rãi, sẵn hệ thống điện nước để lắp đặt máy giặt, tủ lạnh, diện tích… 3 năm trước",https://phongtro123.com/cho-thue-day-phong-tro-moi-xay-co-gac-lung-pr618419.html,2026-05-15T11:07:29
phongtro123,Cho thuê phòng trọ và kinh doanh,2.5 triệu/tháng,40,"Liên Chiểu, Đà Nẵng","Cho thuê phòng trọ và kinh doanh 2.5 triệu/tháng 40 m 2 Liên Chiểu, Đà Nẵng Diện tích: 40m2. Có gác lửng, thoáng mát, tiện nghi.Cho thuê phòng trọ hoặc mặt bằng kinh doanh.Liên hệ: 0825.64.55.78 Chú Sơn. 3 năm trước",https://phongtro123.com/cho-thue-phong-tro-va-kinh-doanh-pr617751.html,2026-05-15T11:07:29
phongtro123,Phòng trọ Sinh viên K1/40 Hoàng Văn Thái,1 triệu/tháng,20,"Liên Chiểu, Đà Nẵng","Phòng trọ Sinh viên K1/40 Hoàng Văn Thái 1 triệu/tháng 20 m 2 Liên Chiểu, Đà Nẵng Phòng trọ sinh viên nằm ở KIỆT 1, số nhà 40 , ĐƯỜNG HOÀNG VĂN THÁI , cạnh nhà May Long , phòng thoáng ,dân cư đông đúc vui vẻ, nằm gần chợ , cây xăng , khu… 3 năm trước",https://phongtro123.com/phong-tro-sinh-vien-k1-40-hoang-van-thai-pr617434.html,2026-05-15T11:07:29
phongtro123,"PHÒNG TRỌ MỚI XÂY SẠCH ĐẸP ĐƯỜNG HẢI PHÒNG - LÊ DUẨN, CHỈ TỪ 2TR6 - 3TR3",2.6 triệu/tháng,30,"Thanh Khê, Đà Nẵng","PHÒNG TRỌ MỚI XÂY SẠCH ĐẸP ĐƯỜNG HẢI PHÒNG - LÊ DUẨN, CHỈ TỪ 2TR6 - 3TR3 2.6 triệu/tháng 30 m 2 Thanh Khê, Đà Nẵng PHÒNG TRỌ MỚI, ĐẸP GẦN CÔNG VIÊN 29/3, GA ĐÀ NẴNG, BỆNH VIỆN ĐA KHOA, CHỢ SIÊU THỊ, CHỢ TÂN CHÍNH, CHỢ CỒN, BIG C. - Phòng nằm ngay trung tâm (xem hình… 3 năm trước",https://phongtro123.com/phong-tro-moi-xay-sach-dep-duong-hai-phong-le-duan-chi-tu-2tr6-3tr3-pr617112.html,2026-05-15T11:07:29
phongtro123,Cho thuê căn hộ mới xây đầy đủ tiện nghi cách cầu Rồng 150m,3.5 triệu/tháng,150,"Sơn Trà, Đà Nẵng","Cho thuê căn hộ mới xây đầy đủ tiện nghi cách cầu Rồng 150m 3.5 triệu/tháng 30 m 2 Sơn Trà, Đà Nẵng Cho thuê căn hộ mới xây xong đầy đủ tiện nghi sát Cầu Rồng.- Địa chỉ: K20/11/5 Hà Thị Thân (gần Cầu Rồng, cầu Tình Yêu)- Diện tích: 30m2 (cả… 3 năm trước",https://phongtro123.com/cho-thue-can-ho-moi-xay-day-du-tien-nghi-cach-cau-rong-150m-pr616864.html,2026-05-15T11:07:29
phongtro123,"Cho thuê phòng trọ khép kín trần laphong,dt 20m2+8 m2 mê lửng, Tân Trà, Hoà Hải, 1,5tr/ thg",1.5 triệu/tháng,20,"Sơn Trà, Đà Nẵng","Cho thuê phòng trọ khép kín trần laphong,dt 20m2+8 m2 mê lửng, Tân Trà, Hoà Hải, 1,5tr/ thg 1.5 triệu/tháng 28 m 2 Sơn Trà, Đà Nẵng Cho thuê phòng trọ khép kín trần laphong, 22+ 8m2+8,5 m2 mê lửng, gần bãi tắm biển Tân Trà,trong khuôn viên có cổng trước+ cổng sau, Ưu thuê nguyên căn ( cả… 3 năm trước",https://phongtro123.com/cho-thue-phong-tro-khep-kin-tran-laphong-dt-20m2-8-m2-me-lung-tan-tra-hoa-hai-1-5tr-thg-pr616698.html,2026-05-15T11:07:29
phongtro123,"Cho thuê phòng trọ tại 78 Nguyễn Xuân Hữu, Hoà Thọ Đông, Cẩm Lệ, Đà Nẵng",2 triệu/tháng,20,"Cẩm Lệ, Đà Nẵng","Cho thuê phòng trọ tại 78 Nguyễn Xuân Hữu, Hoà Thọ Đông, Cẩm Lệ, Đà Nẵng 2 triệu/tháng 20 m 2 Cẩm Lệ, Đà Nẵng Phòng trọ rộng 20 m2, có gác, có khu vực bếp nấu ăn, nhà vệ sinh riêng. Phòng sạch sẽ thoáng mát gạch ốp tới trần, có bình nóng lạnh sẵn, có chỗ để… 3 năm trước",https://phongtro123.com/cho-thue-phong-tro-tai-78-nguyen-xuan-huu-pr616440.html,2026-05-15T11:07:29
phongtro123,PHÒNG TRỌ NAM/NỮ CAO CẤP HENRY HOUSE,1.5 triệu/tháng,20,"Ngũ Hành Sơn, Đà Nẵng","PHÒNG TRỌ NAM/NỮ CAO CẤP HENRY HOUSE 1.5 triệu/tháng 20 m 2 Ngũ Hành Sơn, Đà Nẵng Ký túc xá cao cấp Đà Nẵng dành cho Nam và NữPhụ huynh ơi Đừng lo lắng, khi sắp xếp chỗ ở cho CON học tại các trường Đại học Đà NẵngHãy để… 3 năm trước",https://phongtro123.com/phong-tro-nam-nu-cao-cap-henry-house-pr615992.html,2026-05-15T11:07:29
phongtro123,PHÒNG 25m2. TRẦN QUANG KHẢI_ TRẦN DUY CHIẾN_ AN HẢI BẮC,2.2 triệu/tháng,25,"Sơn Trà, Đà Nẵng","PHÒNG 25m2. TRẦN QUANG KHẢI_ TRẦN DUY CHIẾN_ AN HẢI BẮC 2.2 triệu/tháng 25 m 2 Sơn Trà, Đà Nẵng PHÒNG 25m2 rộng thoáng.Free WifiGần chợ, siêu thị, gần trường học, biểnHiện tại: Điện 2,7k/1kw. Nước 6k/m3.Yêu cầu sống lịch sự văn minh, thân… 3 năm trước",https://phongtro123.com/phong-25m2-tran-quang-khai-tran-duy-chien-an-hai-bac-pr615592.html,2026-05-15T11:07:33
phongtro123,"CHO THUÊ PHÒNG TRỌ TIỆN NGHI, SƠN TRÀ, ĐÀ NẴNG",3.5 triệu/tháng,30,"SƠN TRÀ, ĐÀ NẴNG","CHO THUÊ PHÒNG TRỌ TIỆN NGHI, SƠN TRÀ, ĐÀ NẴNG 3.5 triệu/tháng 30 m 2 Sơn Trà, Đà Nẵng Chỉ cần xách vali vào ở thôi nhé.Phòng ở đầy đủ tiện nghi, nội thất sang trọng, có cửa sổ thoáng mát, không gian yên tĩnh, an ninh đảm bảo.Giờ… 3 năm trước",https://phongtro123.com/cho-thue-phong-tro-tien-nghi-son-tra-da-nang-pr615595.html,2026-05-15T11:07:33
phongtro123,Cho thuê phòng trọ khu vực quận Thanh Khê,2.7 triệu/tháng,20,"Thanh Khê, Đà Nẵng","Cho thuê phòng trọ khu vực quận Thanh Khê 2.7 triệu/tháng 20 m 2 Thanh Khê, Đà Nẵng Cho thuê phòng trọ mới xây đường Điện Biên Phủ, quận Thanh Khê. Phòng sạch, thoáng mát. Khu vực có an ninh tốt, gần chợ. Có đầy đủ điều hòa, nước… 3 năm trước",https://phongtro123.com/cho-thue-phong-tro-khu-vuc-quan-thanh-khe-pr615453.html,2026-05-15T11:07:33
phongtro123,Phòng trọ giá rẻ chỉ 1tr/ tháng,1 triệu/tháng,20,"Cẩm Lệ, Đà Nẵng","Phòng trọ giá rẻ chỉ 1tr/ tháng 1 triệu/tháng 20 m 2 Cẩm Lệ, Đà Nẵng Phòng to rộng rãi thoáng mát có wifi mạnh xóm dân cư hoà đồng lành mạnh. Dãy nhà trọ bên cạnh nhà máy nước cầu đỏ Tổ 1 Hoà Thọ Đông 3 năm trước",https://phongtro123.com/phong-tro-gia-re-chi-1tr-thang-pr615420.html,2026-05-15T11:07:33
phongtro123,Cho thuê nhà trọ Đường Tôn Đản,2 triệu/tháng,30,"Cẩm Lệ, Đà Nẵng","Cho thuê nhà trọ Đường Tôn Đản 2 triệu/tháng 30 m 2 Cẩm Lệ, Đà Nẵng Cho thuê trọ cho Nam(1-2 bạn) rộng rãi trong nhà nguyên cănDiện tích: 30 m2Nhà có sân rộng rãi, không gian thoãi mái 3 năm trước",https://phongtro123.com/cho-thue-nha-tro-duong-ton-dan-pr614414.html,2026-05-15T11:07:33
phongtro123,"Cho thuê căn hộ giá rẻ ở Sơn Trà, Đà Nẵng",3 triệu/tháng,40,"Sơn Trà, Đà Nẵng","Cho thuê căn hộ giá rẻ ở Sơn Trà, Đà Nẵng 3 triệu/tháng 40 m 2 Sơn Trà, Đà Nẵng Cho thuê căn hộ mới xây, diện tích từ 25m2 - 40m2, ngay trung tâm TP Đà Nẵng, tiện ích (gần chợ, trường học,...). Nội thất đầy đủ. Khu vực an ninh. Nằm… 3 năm trước",https://phongtro123.com/cho-thue-can-ho-gia-re-o-son-tra-da-nang-pr613062.html,2026-05-15T11:07:33
phongtro123,Còn 1 phòng mặt tiền tầng 2 thoát mát có ban công. Khu an ninh tốt,2.5 triệu/tháng,22,"Cẩm Lệ, Đà Nẵng","Còn 1 phòng mặt tiền tầng 2 thoát mát có ban công. Khu an ninh tốt 2.5 triệu/tháng 22 m 2 Cẩm Lệ, Đà Nẵng Phòng rộng thoáng mát, có chổ để xe an ninh tốt, Wifi miễn phí, Camera an ninh tốtGần trường, siêu thị. 3 năm trước",https://phongtro123.com/con-1-phong-tang-tret-trong-sach-se-co-gac-lung-khu-an-ninh-tot-pr604571.html,2026-05-15T11:07:33
phongtro123,Cho thuê phòng trọ VIP ở trung tâm thành phố,1.8 triệu/tháng,23,"Hải Châu, Đà Nẵng","Cho thuê phòng trọ VIP ở trung tâm thành phố 1.8 triệu/tháng 23 m 2 Hải Châu, Đà Nẵng Nhà trọ mới xây ở K40/27 Nguyễn Hữu Thọ, Hải Châu. Kiệt lớn, ô tô ra vào được. Phòng được trang bị nội thất đầy đủ, chỉ việc xách va li đến ở… 3 năm trước",https://phongtro123.com/tinh-thanh/da-nang/cho-thue-phong-tro-vip-o-trung-tam-thanh-pho.html,2026-05-15T11:07:33
phongtro123,cho thuê phòng trọ giá rẻ 1tr2,1.2 triệu/tháng,25,"Liên Chiểu, Đà Nẵng","cho thuê phòng trọ giá rẻ 1tr2 1.2 triệu/tháng 25 m 2 Liên Chiểu, Đà Nẵng phòng trọ rộng rãi thoáng mát giá rẻ.gần khu công nghiệp,cách chợ 200m,phòng mới xây và có sân vuờn rộng rãi. chỗ để xe thoải mái và an toàngiá 1tr2… 3 năm trước",https://phongtro123.com/cho-thue-phong-tro-gia-re-1tr2-pr614869.html,2026-05-15T11:07:33
phongtro123,Phòng trọ Lê Duẩn - TTTP - Cầu Sông Hàn,2.5 triệu/tháng,30,"Hải Châu, Đà Nẵng","Phòng trọ Lê Duẩn - TTTP - Cầu Sông Hàn 2.5 triệu/tháng 30 m 2 Hải Châu, Đà Nẵng [Phòng trọ nội thất cơ bản - Trung tâm TP ] Vị trí : 8/15 LÊ DUẨN ngay chân cầu Sông Hàn - Hải Châu I , gần ĐH Duy Tân cơ sở Quang Trung, Ngoại Ngữ, y… 3 năm trước",https://phongtro123.com/phong-tro-le-duan-tttp-cau-song-han-pr613991.html,2026-05-15T11:07:33
phongtro123,CHO THUÊ PHÒNG TRỌ ĐƯỜNG ĐẶNG THÁI THÂN,1.6 triệu/tháng,14,"Ngũ Hành Sơn, Đà Nẵng","CHO THUÊ PHÒNG TRỌ ĐƯỜNG ĐẶNG THÁI THÂN 1.6 triệu/tháng 14 m 2 Ngũ Hành Sơn, Đà Nẵng CHO THUÊ PHÒNG TRỌ ĐƯỜNG ĐẶNG THÁI THÂN (Máy giặt + Wifi Miễn phí) khu vực An ninh KO CHUNG CHỦ. GIỜ TỰ DO Chỗ để xe rộng rãi và thoải mái. Có camera… 3 năm trước",https://phongtro123.com/cho-thue-phong-tro-duong-dang-thai-than-pr613470.html,2026-05-15T11:07:33
phongtro123,Cho thuê nhà đầy đủ nội thất ngay trung tâm thành phố,3.8 triệu/tháng,30,"Hải Châu, Đà Nẵng","Cho thuê nhà đầy đủ nội thất ngay trung tâm thành phố 3.8 triệu/tháng 30 m 2 Hải Châu, Đà Nẵng Chính chủ cho thuê nhà trọ đầy đủ nội thất- Được trang bị đầy đủ đồ dùng gia đình: máy lạnh, máy giặt, tủ lạnh, nước nóng, tủ âm tường,… 3 năm trước",https://phongtro123.com/tinh-thanh/da-nang/cho-thue-phong-tro-day-du-noi-that-ngay-trung-tam-thanh-pho.html,2026-05-15T11:07:33
phongtro123,"Nhà một trệt, một lầu 30m2, đầy đủ nội thất ngay Quận Hải Châu",3.8 triệu/tháng,30,"Hải Châu, Đà Nẵng","Nhà một trệt, một lầu 30m2, đầy đủ nội thất ngay Quận Hải Châu 3.8 triệu/tháng 30 m 2 Hải Châu, Đà Nẵng Chính chủ cho thuê nhà trọ 1 trệt, 1 lầu 30m2 đầy đủ nội thất- Ngay kiệt 4 Duy Tân ( bên cạnh siêu thị điện máy Media )- Được trang bị đầy đủ… 3 năm trước",https://phongtro123.com/nha-mot-tret-mot-lau-30m2-day-du-noi-that-ngay-quan-hai-chau-pr585609.html,2026-05-15T11:07:33
phongtro123,CHO THUÊ PHÒNG TRỌ PHÒNG ĐẸP NHƯ KHÁCH SẠN FULL NỘI THẤT,2.8 triệu/tháng,25,"Sơn Trà, Đà Nẵng","CHO THUÊ PHÒNG TRỌ PHÒNG ĐẸP NHƯ KHÁCH SẠN FULL NỘI THẤT 2.8 triệu/tháng 25 m 2 Sơn Trà, Đà Nẵng ̂ ̀ ̆ ̣̂ ̣̂ ̛ ̀Mình cho thuê phòng ngay Phạm Thiều - Hồ Nghinh - Sơn trà - TP Đà Nẵng Cách biển vài bước chân 50 phạm Thiều - Sơn Trà- Tp Đà… 3 năm trước",https://phongtro123.com/cho-thue-phong-tro-phong-dep-nhu-khach-san-full-noi-that-pr610511.html,2026-05-15T11:07:33
phongtro123,Cho thuê Phòng dành cho sinh viên giá rẻ,1.2 triệu/tháng,25,"Cẩm Lệ, Đà Nẵng","Cho thuê Phòng dành cho sinh viên giá rẻ 1.2 triệu/tháng 25 m 2 Cẩm Lệ, Đà Nẵng Bên mk còn trống 1 phòng nằm ở mặt tiền Đ. Bùi Vịnh, Q. cẩm lệ. Phòng không ngập ún 1 triệu 2/1 tháng ( cho 1 người ở 2 người là 1 triệu 4 điện 3k/1… 3 năm trước",https://phongtro123.com/cho-thue-phong-danh-cho-sinh-vien-gia-re-pr612742.html,2026-05-15T11:07:33
phongtro123,CHO THUÊ PHÒNG TRỌ FULL NT KHÁCH SẠN,3.5 triệu/tháng,35,"Sơn Trà, Đà Nẵng","CHO THUÊ PHÒNG TRỌ FULL NT KHÁCH SẠN 3.5 triệu/tháng 35 m 2 Sơn Trà, Đà Nẵng ̂ ̀ ̣ ̣̂ ̂́ ̣̂ ̛ ̀ 50 phạm Thiều - Sơn Trà- Tp Đà NẵngPhòng đơn : 2tr8 - 3tr5/1 phòng Tiện ích xung quanh : Cách biển Biển vài bước chân . … 3 năm trước",https://phongtro123.com/cho-thue-phong-tro-full-nt-khach-san-pr612474.html,2026-05-15T11:07:33
phongtro123,Phòng trọ thoáng mát gần khu du lịch XUÂN THIỀU,1.3 triệu/tháng,17,"Liên Chiểu, Đà Nẵng","Phòng trọ thoáng mát gần khu du lịch XUÂN THIỀU 1.3 triệu/tháng 17 m 2 Liên Chiểu, Đà Nẵng Phòng trọ thoáng mát, giá cả hợp lí, không chung chủ, taxi đậu tận cửa. Gần KCN Hòa Khánh, đại học bách khoa, đại học sư phạm đn......Diện tích sử… 3 năm trước",https://phongtro123.com/phong-tro-thoang-mat-gan-khu-du-lich-xuan-thieu-pr611110.html,2026-05-15T11:07:33
phongtro123,Cho thuê căn hộ mini đầy đủ nội thất tại Cẩm Lệ,3 triệu/tháng,20,"Cẩm Lệ, Đà Nẵng","Cho thuê căn hộ mini đầy đủ nội thất tại Cẩm Lệ 3 triệu/tháng 20 m 2 Cẩm Lệ, Đà Nẵng Cho thuê Căn hộ mini đầy đủ nội thất khép kín. Giờ giấc tự do, không chung chủ, khu dân cư an ninh, yên tĩnh. Ngay trung tâm thành phố 3 năm trước",https://phongtro123.com/cho-thue-can-ho-mini-day-du-noi-that-tai-cam-le-pr611869.html,2026-05-15T11:07:33
phongtro123,Cho thuê trọ công nhân vs người lao động,1.5 triệu/tháng,25,"Liên Chiểu, Đà Nẵng","Cho thuê trọ công nhân vs người lao động 1.5 triệu/tháng 25 m 2 Liên Chiểu, Đà Nẵng Thoáng mát mùa hè, ấm áp mùa đông. Hạ tầng nội thất khép kín, điện nước giá nhà nước, wifi dùng thì chia. Gần chợ, quán ăn , coffee, trường đhsp- đhbk,… 3 năm trước",https://phongtro123.com/cho-thue-tro-cong-nhan-vs-nguoi-lao-dong-pr611867.html,2026-05-15T11:07:33
phongtro123,"CÒN 1 PHÒNG TRÔNG Ở KIỆT 246 TRẦN CAO VÂN Ở 2 NGƯỜI 1TR 8 , 1 NGƯỜI 1 TR 5",1.8 triệu/tháng,28,"Thanh Khê, Đà Nẵng","CÒN 1 PHÒNG TRÔNG Ở KIỆT 246 TRẦN CAO VÂN Ở 2 NGƯỜI 1TR 8 , 1 NGƯỜI 1 TR 5 1.8 triệu/tháng 28 m 2 Thanh Khê, Đà Nẵng CÒN 1 PHÒNG TRÔNG Ở KIỆT 246 TRẦN CAO VÂN Ở 2 NGƯỜI 1TR 8 , 1 NGƯỜI 1 TR 5 , PHÒNG THOÁNG MÁT YÊN TĨNH 3 năm trước",https://phongtro123.com/con-1-phong-trong-o-kiet-246-tran-cao-van-o-2-nguoi-1tr-8-1-nguoi-1-tr-5-pr611794.html,2026-05-15T11:07:33
phongtro123,Cho thuê phòng trọ đường ngô thế lân,1.5 triệu/tháng,20,"Cẩm Lệ, Đà Nẵng","Cho thuê phòng trọ đường ngô thế lân 1.5 triệu/tháng 20 m 2 Cẩm Lệ, Đà Nẵng Còn 2 phòng trống cần cho thuêPhòng sạch sẽ , thoáng mát, có bếp + nhà vs riêngNhà gần chợ, sau lưng bến xe trung tâmCó chổ để xe riêngLiên hệ cô 5 :… 3 năm trước",https://phongtro123.com/cho-thue-phong-tro-duong-ngo-the-lan-pr611738.html,2026-05-15T11:07:37
phongtro123,"Cho thuê tại ngã tư đường Vương Thừa Vũ _ Trần Duy Chiến, Phường An Hải Bắc, Quận Sơn Trà, Đà…",2.8 triệu/tháng,40,"Sơn Trà, Đà Nẵng","Cho thuê tại ngã tư đường Vương Thừa Vũ _ Trần Duy Chiến, Phường An Hải Bắc, Quận Sơn Trà, Đà… 2.8 triệu/tháng 40 m 2 Sơn Trà, Đà Nẵng Diện tích phòng: 40m2.Giá 2,8 triệu/ thángDiện tích 25m2Giá 2 triệu 200 /thángDiện tích 22m2Giá 2 triệu 100/ tháng.TỂT MỪNG 200K/ NĂMCách đường… 3 năm trước",https://phongtro123.com/cho-thue-tai-nga-tu-duong-vuong-thua-vu-tran-duy-chien-phuong-an-hai-bac-quan-son-tra-da-nang-pr602082.html,2026-05-15T11:07:37
phongtro123,Cho thuê phòng trọ mới xây khu vực quận Thanh Khê,2.5 triệu/tháng,18,"Thanh Khê, Đà Nẵng","Cho thuê phòng trọ mới xây khu vực quận Thanh Khê 2.5 triệu/tháng 18 m 2 Thanh Khê, Đà Nẵng Phòng trọ mới xây khu vực quận Thanh Khê. Đường kiệt thông rộng 4m. Phòng sạch, đẹp thoáng, gần 2 chợ, khu vực có an ninh tốt. Miễn phí Wifi. Liên hệ:… 3 năm trước",https://phongtro123.com/cho-thue-phong-tro-moi-xay-khu-vuc-quan-thanh-khe-pr610234.html,2026-05-15T11:07:37
phongtro123,Cần cho thuê 3 phòng trống tầng 2&3,2.8 triệu/tháng,24,"Sơn Trà, Đà Nẵng","Cần cho thuê 3 phòng trống tầng 2&3 2.8 triệu/tháng 24 m 2 Sơn Trà, Đà Nẵng Tại: An Trung Đông 7, An Hải Đông, Sơn Trà, Đà NẵngVị trí siêu thuận lợi, gần: Cầu Rồng, Biển, chợ An Hải Đông, siêu thị và các tiện ích khác:-… 3 năm trước",https://phongtro123.com/can-cho-thue-3-phong-trong-tang-2-3-pr609765.html,2026-05-15T11:07:37
phongtro123,Tìm bạn nữ ở ghép trong phòng trọ ở Hải Hồ - Thanh Bình - Hải Châu - Đà Nẵng,1.4 triệu/tháng,30,"Hải Châu, Đà Nẵng","Tìm bạn nữ ở ghép trong phòng trọ ở Hải Hồ - Thanh Bình - Hải Châu - Đà Nẵng 1.4 triệu/tháng 30 m 2 Hải Châu, Đà Nẵng - 2tr7/2 ; Điện+Nước+ Wifi + Rác 100k/người- Phòng rộng , sạch sẽ , an ninh tốt, có chỗ để xe rộng rãi , giờ giấc tự do, phòng vệ sinh riêng sạch sẽ,… 3 năm trước",https://phongtro123.com/goc-tim-nguoi-o-ghep-minh-can-tim-nu-o-ghep-cho-em-gai-pr609726.html,2026-05-15T11:07:37
phongtro123,Cho thuê phòng trọ khép kín trần bê tông thoáng mát ở Đinh Đạt - Sơn Trà - Đà Nẵng,2.5 triệu/tháng,46,"Sơn Trà, Đà Nẵng","Cho thuê phòng trọ khép kín trần bê tông thoáng mát ở Đinh Đạt - Sơn Trà - Đà Nẵng 2.5 triệu/tháng 46 m 2 Sơn Trà, Đà Nẵng Cho thuê phòng trọ khép kín trần betong, phía trên có thêm mái tôn, dt 23m2+8,5 m2 mê lửng+ 23m2 sân; cách bãi tắm biển khoảng 300m; trong khuôn viên có cổng… 3 năm trước",https://phongtro123.com/cho-thue-phong-tro-khep-kin-tran-betong-phia-tren-co-them-mai-ton-dt-23m2-8-5-m2-me-lung-23m2-san-pr609655.html,2026-05-15T11:07:37
phongtro123,"Cho thuê nhà trọ gần khu CN, chợ, đường Đặng Chiêm, Liên Chiểu, Đà Nẵng",1.3 triệu/tháng,20,"Liên Chiểu, Đà Nẵng","Cho thuê nhà trọ gần khu CN, chợ, đường Đặng Chiêm, Liên Chiểu, Đà Nẵng 1.3 triệu/tháng 20 m 2 Liên Chiểu, Đà Nẵng Phòng trọ 20m2, có gác, bếp và vệ sinh đầy đủ. Đường 5m. Không bị ngập nước. Gần khu CN, gần chợ. Có chỗ để xe an toàn. Giá: 1.3 triệu/thángLH cô… 3 năm trước",https://phongtro123.com/cho-thue-nha-tro-gan-khu-cn-gan-cho-pr608217.html,2026-05-15T11:07:37
phongtro123,"Cho thuê phòng trọ giá rẻ tại Phường Hòa Khê, Quận Thanh Khê, Đà Nẵng",1.8 triệu/tháng,30,"Thanh Khê, Đà Nẵng","Cho thuê phòng trọ giá rẻ tại Phường Hòa Khê, Quận Thanh Khê, Đà Nẵng 1.8 triệu/tháng 30 m 2 Thanh Khê, Đà Nẵng Vì lí do về quê sinh đẻ nên mình càn nhượng lại phòng trọ 30m2 (1tr8/1 tháng) cùng 1 số đồ gia dụng và nội thất bao gồm: 1 tủ quần áo gỗ thiết kế, 1… 3 năm trước",https://phongtro123.com/cho-thue-phong-tro-gia-re-pass-lai-toan-bo-do-gia-dung-pr607924.html,2026-05-15T11:07:37
phongtro123,Cho thuê phòng trọ tại 84 Nguyễn Chánh Liên Chiểu Đà Nẵng,2 triệu/tháng,20,"Liên Chiểu, Đà Nẵng","Cho thuê phòng trọ tại 84 Nguyễn Chánh Liên Chiểu Đà Nẵng 2 triệu/tháng 20 m 2 Liên Chiểu, Đà Nẵng - Thuê phòng trọ tại Đà Nẵng- Địa chỉ 84 Nguyễn Chánh, Liên Chiểu, Đà Nẵng- SĐT: 0777824725- Phòng rộng 20m2, có gác, sạch sẽ, thoáng mát, sân trước… 3 năm trước",https://phongtro123.com/cho-thue-phong-tro-tai-lien-chieu-da-nang-pr310995.html,2026-05-15T11:07:37
phongtro123,"Phòng trọ mới, có gác lửng gần KCN Hoà Khánh. Liên hệ: 0905070017",1.5 triệu/tháng,20,"Liên Chiểu, Đà Nẵng","Phòng trọ mới, có gác lửng gần KCN Hoà Khánh. Liên hệ: 0905070017 1.5 triệu/tháng 20 m 2 Liên Chiểu, Đà Nẵng Phòng trọ mới, có gác lửng. KCN Hoà Khánh+ Chi phí thuê từ 1.500.000 đ - 2.000.000 đVị trí gần KCN Hòa Khánh, Đại học Bách Khoa, Cao đẳng KT-KH, Đại học… 3 năm trước",https://phongtro123.com/phong-tro-moi-co-gac-lung-kcn-hoa-khanh-pr607698.html,2026-05-15T11:07:37
phongtro123,"Cho thuê phòng trọ gần biển tại Đường Nguyễn Văn Thoại, Phường Phước Mỹ, Quận Sơn Trà, Đà Nẵng",4.5 triệu/tháng,25,"Sơn Trà, Đà Nẵng","Cho thuê phòng trọ gần biển tại Đường Nguyễn Văn Thoại, Phường Phước Mỹ, Quận Sơn Trà, Đà Nẵng 4.5 triệu/tháng 25 m 2 Sơn Trà, Đà Nẵng APARTMENT FOR RENT: Giá 4 TR 500 / thángcho thuê phòng trọ Gần biển 50 m đi bô 5phút CÓ cửa sổ hình thật 100% Giá 4 tr 500 / thángGiờ giấc tự doSạch… 3 năm trước",https://phongtro123.com/apartment-for-rent-gia-4-tr-500-thang-pr607604.html,2026-05-15T11:07:37
phongtro123,"Cho thuê phòng trọ quận Liên Chiểu, Đà Nẵng. Liên hệ: 981535099 (Trung)",2.5 triệu/tháng,22,"Liên Chiểu, Đà Nẵng","Cho thuê phòng trọ quận Liên Chiểu, Đà Nẵng. Liên hệ: 981535099 (Trung) 2.5 triệu/tháng 22 m 2 Liên Chiểu, Đà Nẵng Thuận lợi:- Mặt tiền của trục đường chính Tôn Đức Thắng, gần trung tâm thành phố, gần chợ, siêu thị.- Gần các trường tiểu học- Gần trường… 3 năm trước",https://phongtro123.com/cho-thue-phong-tro-quan-lien-chieu-pr607466.html,2026-05-15T11:07:37
phongtro123,"Cho thuê phòng trọ giá rẻ tại quận Liên Chiểu, Đà Nẵng",1.2 triệu/tháng,25,"Liên Chiểu, Đà Nẵng","Cho thuê phòng trọ giá rẻ tại quận Liên Chiểu, Đà Nẵng 1.2 triệu/tháng 25 m 2 Liên Chiểu, Đà Nẵng Khu vực an ninh, thoáng mát, tiện nghi đầy đủ, gần các trường đại học sư phạm, bách khoa đà nẵng, Duy Tân 3 năm trước",https://phongtro123.com/cho-thue-phong-tro-gia-binh-re-pr607434.html,2026-05-15T11:07:37
phongtro123,Cho thuê phòng trọ 1tr5 (ưu tiên nữ),1.5 triệu/tháng,18,"Sơn Trà, Đà Nẵng","Cho thuê phòng trọ 1tr5 (ưu tiên nữ) 1.5 triệu/tháng 18 m 2 Sơn Trà, Đà Nẵng Đường Hoàng Sĩ Khải, phường An Hải Bắc, quận Sơn Trà (gần cầu sông Hàn)Phòng thoáng mát, vệ sinh riêng, không chung chủ.Liên lạc qua số điện thoại… 3 năm trước",https://phongtro123.com/cho-thue-phong-tro-1tr5-uu-tien-nu-pr607101.html,2026-05-15T11:07:37
phongtro123,CHO THUÊ PHÒNG TRỌ NGAY TRUNG TÂM THÀNH PHỐ GIÁ RẺ,1.5 triệu/tháng,20,"Hải Châu, Đà Nẵng","CHO THUÊ PHÒNG TRỌ NGAY TRUNG TÂM THÀNH PHỐ GIÁ RẺ 1.5 triệu/tháng 20 m 2 Hải Châu, Đà Nẵng - Nhà rộng 2 tầng sạch đẹp - Ngay trung tâm thành phố, gần chợ, trường học, đi bộ 5 phút đến khu vui chơi đường Như Nguyệt- Có thể dùng chung tủ… 3 năm trước",https://phongtro123.com/cho-thue-phong-tro-ngay-trung-tam-thanh-pho-gia-re-pr606729.html,2026-05-15T11:07:37
phongtro123,"Phòng trọ mới xây có gác lửng, ốp men sang, sạch sẽ, gần biển tại phường Nại Hiên Đông, quận…",2.4 triệu/tháng,20,"Sơn Trà, Đà Nẵng","Phòng trọ mới xây có gác lửng, ốp men sang, sạch sẽ, gần biển tại phường Nại Hiên Đông, quận… 2.4 triệu/tháng 20 m 2 Sơn Trà, Đà Nẵng ‼️‼️ PHÒNG TRỌ MỚI XÂYĐịa chỉ : 01 Đường Nguyễn Hiền- Nại Hiên Đông-Sơn TràAn ninh, gần chợ ( đi xe máy khoảng 3 phút), gần Vinmart, khu ăn uống… 3 năm trước",https://phongtro123.com/phong-tro-moi-xay-co-gac-lung-sach-se-dep-gan-bien-pr606560.html,2026-05-15T11:07:37
phongtro123,"Cho thuê phòng trọ phường Mỹ An, quận Ngũ Hành Sơn Đà Nẵng",1.2 triệu/tháng,18,"Ngũ Hành Sơn, Đà Nẵng","Cho thuê phòng trọ phường Mỹ An, quận Ngũ Hành Sơn Đà Nẵng 1.2 triệu/tháng 18 m 2 Ngũ Hành Sơn, Đà Nẵng - Phòng sạch sẽ thoáng mát, gần trường đại học kinh tế Đà Nẵng, trường văn hóa nghệ thuật quân đội, gần đường Phan Tứ, các resort ven biển đường… 3 năm trước",https://phongtro123.com/cho-thue-phong-tro-phuong-my-an-quan-ngu-hanh-son-da-nang-pr601526.html,2026-05-15T11:07:37
phongtro123,"CHO THUÊ PHÒNG TRỌ TẠI K388/2 NÚI THÀNH, ĐÀ NẴNG",3 triệu/tháng,30,"Hải Châu, Đà Nẵng","CHO THUÊ PHÒNG TRỌ TẠI K388/2 NÚI THÀNH, ĐÀ NẴNG 3 triệu/tháng 30 m 2 Hải Châu, Đà Nẵng Phòng nằm gần trung tâm Helio, các trường học và chợ nên thuận tiện đi lại và sinh hoạt.Với gác lửng rộng cũng như phòng thoáng mát sẽ tạo cảm giác… 3 năm trước",https://phongtro123.com/cho-thue-phong-tro-tai-k388-2-nui-thanh-da-nang-pr606326.html,2026-05-15T11:07:37
phongtro123,"Cho thuê phòng trọ (ưu tiên cho gia đình) giá 2 triệu/tháng, diện tích 30m2",2 triệu/tháng,30,"Liên Chiểu, Đà Nẵng","Cho thuê phòng trọ (ưu tiên cho gia đình) giá 2 triệu/tháng, diện tích 30m2 2 triệu/tháng 30 m 2 Liên Chiểu, Đà Nẵng Phòng trọ mới xây, diện tích 30m2, có gác lửng, bếp, rộng rãi, thoáng mát, thích hợp cho gia đình,an ninh tốt. 3 năm trước",https://phongtro123.com/cho-thue-phong-tro-uu-tien-cho-gia-dinh-pr308813.html,2026-05-15T11:07:37
phongtro123,"Phòng trọ thoáng mát, an toàn, giá 1.100.000",1.1 triệu/tháng,18,"Liên Chiểu, Đà Nẵng","Phòng trọ thoáng mát, an toàn, giá 1.100.000 1.1 triệu/tháng 18 m 2 Liên Chiểu, Đà Nẵng Nếu bạn thấy phù hợp, vui lòng liên lạc với mình để xem phòng theo số điện thoại: 0905 370 848 (Hảo), hoặc 0368 35 44 09 (chú Hiền).Nhà mình còn 2 phòng… 3 năm trước",https://phongtro123.com/phong-tro-thoang-mat-an-toan-gia-1-100-000-pr606208.html,2026-05-15T11:07:37
phongtro123,Cho thuê phòng trọ (ưu tiên sinh viên hoặc người lao động sống độc thân),,20,"Hải Châu, Đà Nẵng","Cho thuê phòng trọ (ưu tiên sinh viên hoặc người lao động sống độc thân) 800.000 đồng/tháng 20 m 2 Hải Châu, Đà Nẵng Cho thuê 2 phòng trọ tầng 2.Ưu tiên sinh viên1/ Phòng 1: 20m2, toilet trong, có bàn có thể nấu ăn- Giá 1.3 triệu/ tháng2/ Phòng 2: 10m2. Toilet riêng ở tầng… 3 năm trước",https://phongtro123.com/cho-thue-phong-tro-uu-tien-sinh-vien-hoac-nguoi-lao-dong-song-doc-than-pr605964.html,2026-05-15T11:07:42
phongtro123,"CHO THUÊ PHÒNG TRỌ ĐẢM BẢO AN NINH, GIÁ RẺ",1 triệu/tháng,25,"Hải Châu, Đà Nẵng","CHO THUÊ PHÒNG TRỌ ĐẢM BẢO AN NINH, GIÁ RẺ 1 triệu/tháng 25 m 2 Hải Châu, Đà Nẵng - Diện tích sử dụng: 25m2, WC khép kín- Khu dân cư bộ đội, công chức, an ninh, yên tĩnh- Gần chợ, trường học, bệnh viện, thuận tiện cho sinh hoạt-… 3 năm trước",https://phongtro123.com/cho-thue-phong-tro-dam-bao-an-ninh-gia-re-pr316038.html,2026-05-15T11:07:42
phongtro123,"Phòng trọ đầy đủ chức năng, ở được 2 người trở lên",3 triệu/tháng,25,"Cẩm Lệ, Đà Nẵng","Phòng trọ đầy đủ chức năng, ở được 2 người trở lên 3 triệu/tháng 25 m 2 Cẩm Lệ, Đà Nẵng Cho thuê phòng trọ, đầy đủ tiện nghi, điều hoà, máy nước nóng, máy giặt, bếp, tủ áo quần, giường. Thích hợp ở 2 người trở lên 3 năm trước",https://phongtro123.com/phong-tro-day-du-chuc-nang-o-duoc-2-nguoi-tro-len-pr604892.html,2026-05-15T11:07:42
phongtro123,"Cho thuê phòng trọ bao điện nước tại Đường Võ Chí Công, Phường Hòa Quý, Quận Ngũ Hành Sơn, Đà…",1.5 triệu/tháng,12,"Ngũ Hành Sơn, Đà Nẵng","Cho thuê phòng trọ bao điện nước tại Đường Võ Chí Công, Phường Hòa Quý, Quận Ngũ Hành Sơn, Đà… 1.5 triệu/tháng 12 m 2 Ngũ Hành Sơn, Đà Nẵng Phòng mới tầng 2 đầy đủ đồ quạt,giường,chăn ga gối đệm,tủ qa,bàn trang điểm...có phòng vệ sinh riêngỞ chung chủ(thân thiện,dễ tính,tiếp xúc sẽ… 3 năm trước",https://phongtro123.com/cho-thue-phong-dep-bao-dien-nuoc-vo-chi-cong-pr604656.html,2026-05-15T11:07:42
phongtro123,"Cho thuê phòng diện tích 24M2 riêng biệt độc lập tại 584/6 Trần Cao Vân, Phường Xuân Hà, Quận Thanh…",2 triệu/tháng,24,"Thanh Khê, Đà Nẵng","Cho thuê phòng diện tích 24M2 riêng biệt độc lập tại 584/6 Trần Cao Vân, Phường Xuân Hà, Quận Thanh… 2 triệu/tháng 24 m 2 Thanh Khê, Đà Nẵng Cho thuê phòng diện tích 24M2 riêng biệt độc lập tại 584/6 Trần Cao Vân, Phường Xuân Hà, Quận Thanh Khê, Đà NẵngGiá thuê 2 Triệu/ThángGẦN BIỂN 50M ,… 3 năm trước",https://phongtro123.com/cho-thue-phong-tro-24m2-doc-lap-pr604503.html,2026-05-15T11:07:42
phongtro123,"Cho thuê phòng trọ tại Hoàng Văn Thái, Phường Hòa Minh, Quận Liên Chiểu gần nhiều trường Đại Học",2.5 triệu/tháng,20,"Liên Chiểu, Đà Nẵng","Cho thuê phòng trọ tại Hoàng Văn Thái, Phường Hòa Minh, Quận Liên Chiểu gần nhiều trường Đại Học 2.5 triệu/tháng 20 m 2 Liên Chiểu, Đà Nẵng + CHO NỮ THUÊ PHÒNG TRỌ LIÊN CHIỂU+ PHÒNG CÓ NÓNG LẠNH, TỦ LẠNH MINI, MÁY GIẶT ( + ĐIỀU HOÀ 3TRIỆU/1 THÁNG )+ GẦN CÁC TRƯỜNG ĐH DUY TÂN, SƯ PHẠM, BÁCH… 3 năm trước",https://phongtro123.com/phong-tro-lien-chieu-gan-cac-truong-dai-hoc-pr604127.html,2026-05-15T11:07:42
phongtro123,"Cho thuê phòng trọ mới xây full nội thất tại An Thượng 9, Phường Khuê Mỹ, Quận Ngũ Hành Sơn, Đà…",10 triệu/tháng,60,"Ngũ Hành Sơn, Đà Nẵng","Cho thuê phòng trọ mới xây full nội thất tại An Thượng 9, Phường Khuê Mỹ, Quận Ngũ Hành Sơn, Đà… 10 triệu/tháng 60 m 2 Ngũ Hành Sơn, Đà Nẵng Cho thuê phòng trọ mới xây full nội thất tại An Thượng 9, Phường Khuê Mỹ, Quận Ngũ Hành Sơn, Đà Nẵng- Cọc nhà 1 tháng, trả tiền đầu tháng.-… 3 năm trước",https://phongtro123.com/phong-tro-moi-xay-noi-that-day-du-pr604105.html,2026-05-15T11:07:42
phongtro123,"Phòng trọ đường Bàu Mạc 15, Hoà Khánh, Liên Chiểu",1.4 triệu/tháng,22,"Liên Chiểu, Đà Nẵng","Phòng trọ đường Bàu Mạc 15, Hoà Khánh, Liên Chiểu 1.4 triệu/tháng 22 m 2 Liên Chiểu, Đà Nẵng Mình còn trống duy nhất 1 phòng trọ tại đường Bàu Mạc 15 (gần đường Nguyễn Chánh), đối diện cổng chính KCN Hoà Khánh. Vị trí thoáng mát, sạch sẽ, an… 3 năm trước",https://phongtro123.com/phong-tro-duong-bau-mac-15-hoa-khanh-lien-chieu-pr604054.html,2026-05-15T11:07:42
phongtro123,"Cho thuê phòng trọ, giá 1200k, Cách Mạng Tháng 8, Cẩm Lệ",1.2 triệu/tháng,25,"Cẩm Lệ, Đà Nẵng","Cho thuê phòng trọ, giá 1200k, Cách Mạng Tháng 8, Cẩm Lệ 1.2 triệu/tháng 25 m 2 Cẩm Lệ, Đà Nẵng - Phòng rộng rãi thoáng mát, nằm trong khu dân cư yên tĩnh, an ninh, đầu kiệt có camera giám sát.- Lối đi riêng, không chung chủ, giờ giấc tự do.- Gần các… 3 năm trước",https://phongtro123.com/cho-thue-phong-tro-gia-1200k-cach-mang-thang-8-cam-le-pr603871.html,2026-05-15T11:07:42
phongtro123,"Cho thuê phòng trọ trên đường Nguyễn Tri Phương, Quận Hải Châu gần sân bay và Đại Học Duy Tân",1.7 triệu/tháng,12,"Hải Châu, Đà Nẵng","Cho thuê phòng trọ trên đường Nguyễn Tri Phương, Quận Hải Châu gần sân bay và Đại Học Duy Tân 1.7 triệu/tháng 12 m 2 Hải Châu, Đà Nẵng Phòng trọ cho 2 người ở (ko cho thuê gia đình)gần chợ tân lập, Đại Học Duy Tân , sân bay ,viện 17 lối đi riêng vệ sinh trong phòng có gác , bếp , wiffi,… 3 năm trước",https://phongtro123.com/cho-thue-phong-tro-gan-san-bay-dhoc-duy-tan-pr603793.html,2026-05-15T11:07:42
phongtro123,"Cho thuê phòng trọ mới xây tại Đường Nguyễn Công Trứ, Phường An Hải Đông, Quận Sơn Trà, Đà Nẵng",2.5 triệu/tháng,45,"Sơn Trà, Đà Nẵng","Cho thuê phòng trọ mới xây tại Đường Nguyễn Công Trứ, Phường An Hải Đông, Quận Sơn Trà, Đà Nẵng 2.5 triệu/tháng 45 m 2 Sơn Trà, Đà Nẵng Phòng mới xây mát mẻ rộng rãi. Phòng ở tầng 3 có 3 cửa sổ gió mát rượiGiờ giấc tự do không chung chủ.Điện 3.5k nước 30k wifi miễn phíCọc 500k… 3 năm trước",https://phongtro123.com/cho-thue-phong-tro-nguyen-cong-tru-moi-xay-pr603628.html,2026-05-15T11:07:42
phongtro123,"Nhà và Phòng cho thuê - Quận Sơn Trà, Đà Nẵng",3 triệu/tháng,40,"Sơn Trà, Đà Nẵng","Nhà và Phòng cho thuê - Quận Sơn Trà, Đà Nẵng 3 triệu/tháng 40 m 2 Sơn Trà, Đà Nẵng - Còn phòng mặt tiền đường lớn 15m rộng bằng nhà cấp 4 có gác 40m2. mới xây. Giá 3.000.000/tháng. Mặt bằng rẻ để kinh doanh. - Và 1 phòng nhỏ 20m2 giá… 3 năm trước",https://phongtro123.com/nha-va-phong-cho-thue-quan-son-tra-da-nang-pr603590.html,2026-05-15T11:07:42
phongtro123,"Phòng trọ 12m2, 1 nữ/ phòng, Lê Lợi- Lý Tự Trọng",1.1 triệu/tháng,12,"Hải Châu, Đà Nẵng","Phòng trọ 12m2, 1 nữ/ phòng, Lê Lợi- Lý Tự Trọng 1.1 triệu/tháng 12 m 2 Hải Châu, Đà Nẵng Phòng trọ khu an ninh, yên tĩnh, trí thức, sạch sẽ. Ngay khu trung tâm, gần chợ, bệnh viện, trường học, chùa, nhà thờ. Có sân phơi đồ nắng. Phòng có cửa… 3 năm trước",https://phongtro123.com/phong-tro-12m2-1-nu-phong-le-loi-ly-tu-trong-pr603229.html,2026-05-15T11:07:42
phongtro123,"Cho thuê 2 phòng trọ lắp đầy đủ đường dây dây chờ nóng lạnh,wc riêng và bếp, lối đi riêng với…",1.8 triệu/tháng,12,"Hải Châu, Đà Nẵng","Cho thuê 2 phòng trọ lắp đầy đủ đường dây dây chờ nóng lạnh,wc riêng và bếp, lối đi riêng với… 1.8 triệu/tháng 12 m 2 Hải Châu, Đà Nẵng Cho thuê 2 phòng trọ lắp đầy đủ đường dây dây chờ nóng lạnh,wc riêng và bếp, lối đi riêng với gia chủ.Giá thuê tầm giá từ 1.800.000 đến… 3 năm trước",https://phongtro123.com/cho-thue-2-phong-tro-lap-day-du-duong-day-day-cho-nong-lanh-wc-rieng-va-bep-loi-di-rieng-voi-gia-chu-tam-gia-tu-1-800-pr602615.html,2026-05-15T11:07:42
phongtro123,"Nhà biệt thự còn dư nhiều phòng cho thuê lâu dài gần Goldern bay, Khúc Hạo, Ngô Quyền, Chu Huy Mân.",3 triệu/tháng,25,"Sơn Trà, Đà Nẵng","Nhà biệt thự còn dư nhiều phòng cho thuê lâu dài gần Goldern bay, Khúc Hạo, Ngô Quyền, Chu Huy Mân. 3 triệu/tháng 25 m 2 Sơn Trà, Đà Nẵng Nhà biệt thự có sân vườn và sân thượng rộng rãi, view Goldernbay , núi Sơn Trà, gần sông , gần Biển, thông Khúc Hạo, Ngô Quyền, Trần Hưng Đạo, Chu Huy… 3 năm trước",https://phongtro123.com/nha-biet-thu-con-du-nhieu-phong-cho-thue-lau-dai-gan-goldern-bay-khuc-hao-ngo-quyen-chu-huy-man-pr602355.html,2026-05-15T11:07:42
phongtro123,"Cho thuê phòng trọ đường Tôn Đức Thắng, Liên Chiểu, Đà Nẵng",1.3 triệu/tháng,20,"Liên Chiểu, Đà Nẵng","Cho thuê phòng trọ đường Tôn Đức Thắng, Liên Chiểu, Đà Nẵng 1.3 triệu/tháng 20 m 2 Liên Chiểu, Đà Nẵng - Địa chỉ: 408/4 Tôn Đức Thắng, Hòa Minh, Liên Chiểu, Đà Nẵng- Cho Thuê Phòng Trọ 20 m2, có máy nước nóng (cứu cánh mùa lạnh vài tháng của miền… 3 năm trước",https://phongtro123.com/cho-thue-phong-tro-duong-ton-duc-thang-lien-chieu-da-nang-pr602257.html,2026-05-15T11:07:42
phongtro123,"Cho thuê phòng trọ full nội thất đẹp. Giá: từ 3,2Tr đến 3,3Tr tuỳ phòng",3.2 triệu/tháng,40,"Liên Chiểu, Đà Nẵng","Cho thuê phòng trọ full nội thất đẹp. Giá: từ 3,2Tr đến 3,3Tr tuỳ phòng 3.2 triệu/tháng 40 m 2 Liên Chiểu, Đà Nẵng Cho thuê các phòng dạng căn hộ mặt tiền 493 đường Tôn Đức Thắng, Liên ChiểuVị trí thuận tiện gần các trường đại học, chợ Hoà Khánh, trung tâm y… 3 năm trước",https://phongtro123.com/cho-thue-phong-tro-full-noi-that-dep-pr602055.html,2026-05-15T11:07:42
phongtro123,"Cho thuê phòng trọ tại K45 Lê Độ, Phường Tam Thuận, Quận Thanh Khê, Đà Nẵng",2 triệu/tháng,12,"Thanh Khê, Đà Nẵng","Cho thuê phòng trọ tại K45 Lê Độ, Phường Tam Thuận, Quận Thanh Khê, Đà Nẵng 2 triệu/tháng 12 m 2 Thanh Khê, Đà Nẵng - Nhà có 5 phòng cho thuê, lắp máy lạnh, phòng tắm và vệ sinh từng phòng, diện tích 1 phòng 12 đến 14m2, ở 2 người- Khu vự an ninh, trật tự- Giá thuê từ… 3 năm trước",https://phongtro123.com/phong-tro-k45-le-do-tam-thuan-thanh-khe-da-nang-pr601782.html,2026-05-15T11:07:42
phongtro123,"Cho thuê Nhà Nguyên Căn Đường Mộc Sơn 4, Quận Ngũ Hành Sơn",3 triệu/tháng,50,"Ngũ Hành Sơn, Đà Nẵng","Cho thuê Nhà Nguyên Căn Đường Mộc Sơn 4, Quận Ngũ Hành Sơn 3 triệu/tháng 50 m 2 Ngũ Hành Sơn, Đà Nẵng CHO THUÊ PHÒNG TRỌ NGUYÊN CĂN TẠI Đường Mộc Sơn 4, Quận Ngũ Hành SơnGIÁ PHÒNG TRỌ : 3.000.000 VNĐPhòng rộng rãi, sạch sẽ thông thoáng mát mẽKhu an ninh,… 3 năm trước",https://phongtro123.com/cho-thue-nha-nguyen-can-duong-moc-son-4-pr601665.html,2026-05-15T11:07:42
phongtro123,Phòng trọ mới gần 500m Chợ Hòa Khánh giá tốt,1.8 triệu/tháng,500,"Liên Chiểu, Đà Nẵng","Phòng trọ mới gần 500m Chợ Hòa Khánh giá tốt 1.8 triệu/tháng 25 m 2 Liên Chiểu, Đà Nẵng Cho thuê phòng trọ mới xây tại K151/34 Âu Cơ, Phường Hòa Khánh Bắc, Quận Liên Chiểu, TP Đà Nẵng, gần 500m Chợ Hòa Khánh, Đại Học Bách Khoa thuận tiện cho… 3 năm trước",https://phongtro123.com/phong-tro-moi-gan-500m-cho-hoa-khanh-gia-tot-pr601594.html,2026-05-15T11:07:42
phongtro123,Phòng cho thuê rộng rãi thoáng mát từ 2tr5/tháng,2.5 triệu/tháng,40,"Thanh Khê, Đà Nẵng","Phòng cho thuê rộng rãi thoáng mát từ 2tr5/tháng 2.5 triệu/tháng 40 m 2 Thanh Khê, Đà Nẵng CHO THUÊ PHÒNG XEM LÀ THÍCH Phòng 30m2 toilet trong, giá 2,5tr Phòng 40m2 rộng thoáng mát, mới, sạch sẽ có ban công, toilet trong, nấu ăn, giá 2,8tr ở 3-4 người… 3 năm trước",https://phongtro123.com/phong-cho-thue-rong-rai-thoang-mat-tu-2tr5-thang-pr601517.html,2026-05-15T11:07:45
phongtro123,"Cho thuê phòng trọ đường Ông Ích Khiêm giá chỉ 1,8 Triệu/Tháng. Điện thoại: 0777287114 (Chú Hưởng)","1,8 Triệu/Tháng",35,"Hải Châu, Đà Nẵng","Cho thuê phòng trọ đường Ông Ích Khiêm giá chỉ 1,8 Triệu/Tháng. Điện thoại: 0777287114 (Chú Hưởng) 1.8 triệu/tháng 35 m 2 Hải Châu, Đà Nẵng Cho thuê phòng trọ trên tầng gồm 2 phòng ngủ thoáng mát, có nơi nấu ăn, toilet riêng, phù hợp hộ gia đình.Phòng sạch sẽ rộng rãi, thoáng mát, khu an ninh… 3 năm trước",https://phongtro123.com/cho-thue-phong-tro-duong-ong-ich-khiem-pr601435.html,2026-05-15T11:07:45
phongtro123,"Cho thuê phòng trọ khu trung tâm gần khu vui chơi Helio, siêu thị Lotte",1.8 triệu/tháng,20,"Hải Châu, Đà Nẵng","Cho thuê phòng trọ khu trung tâm gần khu vui chơi Helio, siêu thị Lotte 1.8 triệu/tháng 20 m 2 Hải Châu, Đà Nẵng Cho thuê phòng trọ khu trung tâm gần khu vui chơi Helio, siêu thị Lotte. Phòng rộng thoáng, có ban công, nhiều view với cửa sổ eoọng, thoáng mát, có chổ để xe… 4 năm trước",https://phongtro123.com/phong-tro-khu-trung-tam-gan-helio-lotte-mart-pr599912.html,2026-05-15T11:07:45
phongtro123,Cần tìm 1 hoặc 2 bạn nữ sinh viên ở ghép phòng riêng trong nhà nguyên căn chỉ 1 Triệu/Tháng,1 Triệu/Tháng,70,"Cẩm Lệ, Đà Nẵng","Cần tìm 1 hoặc 2 bạn nữ sinh viên ở ghép phòng riêng trong nhà nguyên căn chỉ 1 Triệu/Tháng 1 triệu/tháng 70 m 2 Cẩm Lệ, Đà Nẵng Cần 1 hoạc 2 sinh viên nữ ở ghép cùng có phòng riêng trong nhà nguyên căn tại 39 Đường Bùi Xương Tự, Phường Hòa Thọ Đông, Quận Cẩm Lệ, Đà NẵngVì… 4 năm trước",https://phongtro123.com/can-2-ban-nu-sinh-vien-hoac-1-o-ghep-nha-pr599774.html,2026-05-15T11:07:45
phongtro123,"Cho thuê phòng trọ tại 139 Đường Ngô Quyền, Phường Thọ Quang, Quận Sơn Trà, Đà Nẵng",1 triệu/tháng,20,"Sơn Trà, Đà Nẵng","Cho thuê phòng trọ tại 139 Đường Ngô Quyền, Phường Thọ Quang, Quận Sơn Trà, Đà Nẵng 1 triệu/tháng 20 m 2 Sơn Trà, Đà Nẵng Cho thuê phòng trọ 139 Đường Ngô Quyền, Phường Thọ Quang, Quận Sơn Trà, Đà NẵngPhòng rộng 20m2,có sân để xe, gần trung tâm, wifi free, giờ giấc tự… 4 năm trước",https://phongtro123.com/139-ngo-quyen-cho-thue-phong-tro-pr599780.html,2026-05-15T11:07:45
phongtro123,Cho thuê phòng quận Hải Châu đầy đủ tiện nghi. Giá 2tr5/tháng,2.5 triệu/tháng,15,"Hải Châu, Đà Nẵng","Cho thuê phòng quận Hải Châu đầy đủ tiện nghi. Giá 2tr5/tháng 2.5 triệu/tháng 15 m 2 Hải Châu, Đà Nẵng - Cho thuê phòng tại trung tâm quận Hải Châu , địa chỉ 06 Tống Phước Phổ , Hải Châu, Đà Nẵng- Diện tích 12m2 với đầy đủ toalet riêng, tivi , máy lạnh… 4 năm trước",https://phongtro123.com/cho-thue-phong-quan-hai-chau-day-du-tien-nghi-pr599387.html,2026-05-15T11:07:45
phongtro123,"Cần cho thuê tại Ngã tư đường Vương Thừa Vũ + Trần Duy Chiến, Phường An Hải Bắc, Quận Sơn Trà,…",1.2 triệu/tháng,18,"Sơn Trà, Đà Nẵng","Cần cho thuê tại Ngã tư đường Vương Thừa Vũ + Trần Duy Chiến, Phường An Hải Bắc, Quận Sơn Trà,… 1.2 triệu/tháng 18 m 2 Sơn Trà, Đà Nẵng Hiện tại chú có phòng trọ cần cho thuê tại Ngã tư đường Vương Thừa Vũ + Trần Duy Chiến, Phường An Hải Bắc, Quận Sơn Trà, Đà NẵngCó Phòng từ… 4 năm trước",https://phongtro123.com/can-cho-thue-tai-nga-tu-duong-vuong-thua-vu-tran-duy-chien-phuong-an-hai-bac-quan-son-tra-da-nang-pr597568.html,2026-05-15T11:07:45
phongtro123,Cho thuê căn hộ có ban công khu vực trung tâm,4.5 triệu/tháng,35,"Hải Châu, Đà Nẵng","Cho thuê căn hộ có ban công khu vực trung tâm 4.5 triệu/tháng 35 m 2 Hải Châu, Đà Nẵng 1. Vị trí: Ỷ Lan Nguyên Phi, phường Hòa Cường Bắc, quận Hải Châu, Thành Phố Đà Nẵng- Đối trường tiểu học Núi Thành- Gần các nhà hàng , khu ăn… 4 năm trước",https://phongtro123.com/cho-thue-can-ho-co-ban-cong-khu-vuc-trung-tam-pr599359.html,2026-05-15T11:07:45
phongtro123,"Cho thuê phòng trọ sạch đẹp, khu an ninh tốt. Phòng rộng 24m2, Giá thuê 2,7 Triệu/Tháng","2,7 Triệu/Tháng",24,"Hải Châu, Đà Nẵng","Cho thuê phòng trọ sạch đẹp, khu an ninh tốt. Phòng rộng 24m2, Giá thuê 2,7 Triệu/Tháng 2.7 triệu/tháng 24 m 2 Hải Châu, Đà Nẵng - Phòng trọ 24 m2, kiệt 4,5m đường Nguyễn Hữu Thọ (đầu kiệt là ngã tư Nguyễn Hữu Thọ - Trưng Nữ Vương)- Trần bê đúc, phòng trọ tách riêng nhà chủ,… 4 năm trước",https://phongtro123.com/cho-thue-phong-tro-sach-dep-khu-an-ninh-tot-pr599128.html,2026-05-15T11:07:45
phongtro123,"Cho thuê phòng trọ 30m2, có gác lững. Các bạn quan tâm có thể gọi điện hoặc zalo cho mình qua : 0933424057",2 triệu/tháng,30,"Hải Châu, Đà Nẵng","Cho thuê phòng trọ 30m2, có gác lững. Các bạn quan tâm có thể gọi điện hoặc zalo cho mình qua : 0933424057 2 triệu/tháng 30 m 2 Hải Châu, Đà Nẵng PHÒNG TRỌ HIỆN VẪN CÒN PHÒNG ( giá mùa covid )Địa chỉ bên hong trường đại học kiến trúc chỉ cách một phút đi bộDiện tích 30m2 , có gác lửngVí… 4 năm trước",https://phongtro123.com/cho-thue-phong-tro-hien-van-con-phong-pr599039.html,2026-05-15T11:07:45
phongtro123,"Phòng trọ giá rẻ Phường Hòa Hiệp Nam, Quận Liên Chiểu, Đà Nẵng gần KCN Hoà Khánh",,20,"Liên Chiểu, Đà Nẵng","Phòng trọ giá rẻ Phường Hòa Hiệp Nam, Quận Liên Chiểu, Đà Nẵng gần KCN Hoà Khánh 700.000 đồng/tháng 20 m 2 Liên Chiểu, Đà Nẵng Phòng trọ thoáng mát rộng rãi sạch sẽTại Phường Hòa Hiệp Nam, Quận Liên Chiểu, Đà Nẵng gần KCN Hoà Khánh Khu trọ rất an ninh, phòng có laphon, tiện… 4 năm trước",https://phongtro123.com/phong-tro-gia-re-gan-kcn-hoa-khanh-pr598940.html,2026-05-15T11:07:45
phongtro123,"Cho thuê phòng trọ giá quá rẻ , điện nước tự trả, phòng sạch, an ninh tốt,",,18,"Liên Chiểu, Đà Nẵng","Cho thuê phòng trọ giá quá rẻ , điện nước tự trả, phòng sạch, an ninh tốt, 900.000 đồng/tháng 18 m 2 Liên Chiểu, Đà Nẵng Còn phòng trọ cho các em sinh viên tại khu vực Phường Hòa Minh, Quận Liên Chiểu, Đà NẵngGiá rẻ bình dân chỉ từ 900k/thángmặt tiền thuận lợi đi lại,… 4 năm trước",https://phongtro123.com/cho-thue-phong-tro-gia-qua-re-dien-nuoc-tu-tra-phong-sach-an-ninh-tot-pr598843.html,2026-05-15T11:07:45
phongtro123,"Cho thuê mặt tiền 32 Dương Thị Xuân Quý, Phường Mỹ An, Quận Ngũ Hành Sơn, Đà Nẵng",5 triệu/tháng,42,"Ngũ Hành Sơn, Đà Nẵng","Cho thuê mặt tiền 32 Dương Thị Xuân Quý, Phường Mỹ An, Quận Ngũ Hành Sơn, Đà Nẵng 5 triệu/tháng 42 m 2 Ngũ Hành Sơn, Đà Nẵng Địa chỉ 32 Dương Thị Xuân Quý, Mỹ An, Đà Nẵng Hiện trạng : Nhà cấp 4, có 3 phòng, đang trong quá trình hoàn thiện, chuẩn bị khai thácPhòng 1 : ~42m2… 4 năm trước",https://phongtro123.com/cho-thue-mat-tien-32-duong-thi-xuan-quy-pr598691.html,2026-05-15T11:07:45
phongtro123,Phòng trọ đường Hoàng Diệu cho nữ thuê dài hạn giá rẻ gần Đại học Duy Tân,1.4 triệu/tháng,16,"Hải Châu, Đà Nẵng","Phòng trọ đường Hoàng Diệu cho nữ thuê dài hạn giá rẻ gần Đại học Duy Tân 1.4 triệu/tháng 16 m 2 Hải Châu, Đà Nẵng Mình cần cho thuê 2 phòng chất lượng cao ở lầu 2 ( Nhà ở tầng 1, tầng 2 cho thuê) lối đi riêng, cho nữ thuê lâu dài tại K266 H14/19 Hoàng Diệu, (đi thẳng… 4 năm trước",https://phongtro123.com/phong-tro-duong-hoang-dieu-cho-nu-thue-dai-han-gia-re-gan-dai-hoc-duy-tan-pr590735.html,2026-05-15T11:07:45
phongtro123,"Phòng trọ mặt tiền cho thuê khu vực Lotte Mart, trường Đại Việt, Kiến Trúc, Đông Á",3 triệu/tháng,30,"Hải Châu, Đà Nẵng","Phòng trọ mặt tiền cho thuê khu vực Lotte Mart, trường Đại Việt, Kiến Trúc, Đông Á 3 triệu/tháng 30 m 2 Hải Châu, Đà Nẵng Phòng mặt tiền đường Nguyễn Thành Ý đã có nội thất cơ bản, khu vực gần Lotte mart, Helio, trường Skyline, Cao đẳng Đại Việt, ĐH Kiến Trúc và Đông Á.… 4 năm trước",https://phongtro123.com/phong-tro-mat-tien-cho-thue-khu-vuc-lotte-mart-truong-dai-viet-kien-truc-dong-a-pr598535.html,2026-05-15T11:07:45
phongtro123,"Đ/C: K94/55 Lê Hữu Trác, Q. Sơn Trà, kiệt rộng và thoáng khu an ninh tốt, xung quanh gần chợ và cửa…",1 triệu/tháng,16,"Sơn Trà, Đà Nẵng","Đ/C: K94/55 Lê Hữu Trác, Q. Sơn Trà, kiệt rộng và thoáng khu an ninh tốt, xung quanh gần chợ và cửa… 1 triệu/tháng 16 m 2 Sơn Trà, Đà Nẵng Đ/C: K94/55 Lê Hữu Trác, Q. Sơn Trà, kiệt rộng và thoáng khu an ninh tốt, xung quanh gần chợ và cửa hàng bách hóa, thuận tiện cho mọi sinh hoạt Nhà thoáng,… 4 năm trước",https://phongtro123.com/d-c-k94-55-le-huu-trac-q-son-tra-kiet-rong-va-thoang-khu-an-ninh-tot-xung-quanh-gan-cho-va-cua-hang-bach-hoa-pr598420.html,2026-05-15T11:07:45
phongtro123,"Cho thuê phòng trọ rộng rãi tại K264 Tô Hiệu, Phường Hòa Minh, Quận Liên Chiểu, Đà Nẵng. Lh chính…",1.1 triệu/tháng,20,"Liên Chiểu, Đà Nẵng","Cho thuê phòng trọ rộng rãi tại K264 Tô Hiệu, Phường Hòa Minh, Quận Liên Chiểu, Đà Nẵng. Lh chính… 1.1 triệu/tháng 20 m 2 Liên Chiểu, Đà Nẵng Chính chủ cho thuê phòng trọ tại K264 Tô Hiệu, Phường Hòa Minh, Quận Liên Chiểu, Đà NẵngPhòng rộng rãi thoáng mát, sạch sẽKhu trọ an ninh tốt, sinh… 4 năm trước",https://phongtro123.com/cho-thue-phong-tro-rong-rai-sdt-0905249183-pr598064.html,2026-05-15T11:07:45
phongtro123,Cho thuê phòng trọ mặt tiền đường kiệt rộng 5m. Liên hệ 0905688827 để trao đổi và xem phòng,2.2 triệu/tháng,5,"Cẩm Lệ, Đà Nẵng","Cho thuê phòng trọ mặt tiền đường kiệt rộng 5m. Liên hệ 0905688827 để trao đổi và xem phòng 2.2 triệu/tháng 30 m 2 Cẩm Lệ, Đà Nẵng Cho thuê phòng trọ mặt tiền đường kiệt 5m 523/5 Đường Cách Mạng Tháng Tám, Phường Hòa Thọ Đông, Quận Cẩm Lệ, Đà NẵngRộng 30m2 có gác lững thích… 4 năm trước",https://phongtro123.com/cho-thue-phong-tro-mat-tien-duong-kiet-rong-5m-pr598083.html,2026-05-15T11:07:45
phongtro123,Phòng trọ cho thuê gần KCN Hòa Khánh ( Mê Linh),,15,"Liên Chiểu, Đà Nẵng","Phòng trọ cho thuê gần KCN Hòa Khánh ( Mê Linh) 800.000 đồng/tháng 15 m 2 Liên Chiểu, Đà Nẵng Cho thuê phòng trọ gần KCN Hòa Khánh ( Đường Mê Linh - Võ Duy Dương )- Phòng mát mẻ, tolet riêng- Liên hệ : Nhật - 0905744189 (zalo ) hoặc 0935595322 4 năm trước",https://phongtro123.com/phong-tro-cho-thue-gan-kcn-hoa-khanh-me-linh-pr597985.html,2026-05-15T11:07:45
phongtro123,Cho Thuê Phòng Trọ Nữ Sát Đại Học Kinh Tế Đà Nẵng,2 triệu/tháng,20,"Ngũ Hành Sơn, Đà Nẵng","Cho Thuê Phòng Trọ Nữ Sát Đại Học Kinh Tế Đà Nẵng 2 triệu/tháng 20 m 2 Ngũ Hành Sơn, Đà Nẵng Cho Thuê Phòng Trọ Nữ Bên Cạnh Trường Đại Học Kinh Tế Đà NẵngCho thuê Phòng Trọ Nữ Sinh viên; nữ nhân viên làm việc văn phòng; tại địa chỉ: 35 Phan… 4 năm trước",https://phongtro123.com/cho-thue-phong-tro-nu-sat-dai-hoc-kinh-te-da-nang-pr597936.html,2026-05-15T11:07:45
phongtro123,"Mặt tiền phòng trọ cho thuê khu vực Lotte Mart, trường Skyline",3 triệu/tháng,30,"Hải Châu, Đà Nẵng","Mặt tiền phòng trọ cho thuê khu vực Lotte Mart, trường Skyline 3 triệu/tháng 30 m 2 Hải Châu, Đà Nẵng Mặt tiền có nội thất cơ bản, khu vực gần Lotte mart, Helio, trường Skyline, Cao đẳng Đại Việt và mẫu giáo ABC. Khu vực đông sinh viên, thoáng mát. 4 năm trước",https://phongtro123.com/mat-tien-phong-tro-cho-thue-khu-vuc-lotte-mart-truong-skyline-pr597915.html,2026-05-15T11:07:49
phongtro123,"Cần cho thuê phòng trọ tại 92 Đống Đa, Phường Thuận Phước, Quận Hải Châu, Đà Nẵng. Giá chỉ…",1.5 triệu/tháng,18,"Hải Châu, Đà Nẵng","Cần cho thuê phòng trọ tại 92 Đống Đa, Phường Thuận Phước, Quận Hải Châu, Đà Nẵng. Giá chỉ… 1.5 triệu/tháng 18 m 2 Hải Châu, Đà Nẵng Cần cho thuê phòng trọPhòng rộng rãi, sạch sẽ, thoáng mát, yên tĩnhĐịa chỉ: 92 Đống Đa, Phường Thuận Phước, Quận Hải Châu, Đà NẵngKhu trọ an… 4 năm trước",https://phongtro123.com/can-cho-thue-phong-tro-tai-92-dong-da-phuong-thuan-phuoc-quan-hai-chau-da-nang-gia-chi-tu-1-5tr-den-2tr-pr597608.html,2026-05-15T11:07:49
phongtro123,"Tại đây cho thuê đa dạng các loại phòng khác nhau 155 Đường Yên Khê 2, Phường Thanh Khê Đông, Quận…",1.5 triệu/tháng,30,"Thanh Khê, Đà Nẵng","Tại đây cho thuê đa dạng các loại phòng khác nhau 155 Đường Yên Khê 2, Phường Thanh Khê Đông, Quận… 1.5 triệu/tháng 30 m 2 Thanh Khê, Đà Nẵng CHO THUÊ PHÒNG TRỌ, CÓ PHÒNG NGỦ, PHÒNG BẾP VÀ KHÁCH RIÊNG. PHÙ HỢP CHO CẶP VỢ CHỒNG CÓ CON NHỎ HOẶC CÓ THỂ Ở 3 SINH VIÊNĐịa chỉ: 155 Đường Yên Khê… 4 năm trước",https://phongtro123.com/cho-thue-phong-tro-nhieu-loai-phong-khac-nhau-pr597575.html,2026-05-15T11:07:49
phongtro123,"Cho thuê phòng trọ tại 12 Đường Hoàng Đức Lương, Phường An Hải Bắc, Quận Sơn Trà, Đà Nẵng",1.2 triệu/tháng,16,"Sơn Trà, Đà Nẵng","Cho thuê phòng trọ tại 12 Đường Hoàng Đức Lương, Phường An Hải Bắc, Quận Sơn Trà, Đà Nẵng 1.2 triệu/tháng 16 m 2 Sơn Trà, Đà Nẵng Cần cho thuê phòng trọ tại 12 Đường Hoàng Đức Lương, Phường An Hải Bắc, Quận Sơn Trà, Đà NẵngPhòng giá rẻ phù hợp với tất cả mọi người,… 4 năm trước",https://phongtro123.com/cho-thue-tro-tuy-cac-doi-tuong-pr597446.html,2026-05-15T11:07:49
phongtro123,Cho thuê phòng trọ hơn 40m2 ( Gần như nhà ở) Giá thuê chỉ 2 Triệu/Tháng,2 Triệu/Tháng,40,"Sơn Trà, Đà Nẵng","Cho thuê phòng trọ hơn 40m2 ( Gần như nhà ở) Giá thuê chỉ 2 Triệu/Tháng 2 triệu/tháng 40 m 2 Sơn Trà, Đà Nẵng Phòng trọ hơn 40m2, có 1 phòng ngủ rộng , 1 phòng khách rộng rãi, khu vực bếp riêng tolet riêng, có đường luồng để phơi đồ, có sân để xe được 3 xe máy.… 4 năm trước",https://phongtro123.com/cho-thue-phong-tro-hon-40m2-gan-nhu-nha-o-gia-2trieu-2-pr597377.html,2026-05-15T11:07:49
phongtro123,"Nhà trọ mới sau bến xe trung tâm TP Đà Nẵng ( Nhơn hoà 7 , đường 5,5)",1.5 triệu/tháng,22,"Cẩm Lệ, Đà Nẵng","Nhà trọ mới sau bến xe trung tâm TP Đà Nẵng ( Nhơn hoà 7 , đường 5,5) 1.5 triệu/tháng 22 m 2 Cẩm Lệ, Đà Nẵng Mình đang còn trống 1 phòng trọ do chủ cũ về quê. Phòng mới, rộng trên 20m2, có gác lửng, Wc khép kính, có phòng riêng để xe, phơi đồ ( không kể đường… 4 năm trước",https://phongtro123.com/nha-tro-moi-sau-ben-xe-trung-tam-tp-da-nang-nhon-hoa-7-duong-5-5-pr596042.html,2026-05-15T11:07:49
phongtro123,Cho Thuê Phòng Trọ Sinh Viên Đại Học,,30,"Thanh Khê, Đà Nẵng","Cho Thuê Phòng Trọ Sinh Viên Đại Học 900.000 đồng/tháng 30 m 2 Thanh Khê, Đà Nẵng Vị Trí Gần công viên 29/3, chợ Đà Nẵng, Gần ga Đà Nẵng, Đại Học Duy Tân và Bệnh viện Hoàn Mỹ 1km.Liên hệ: CHị loan(0905026000), Anh Tại(0905104412) 4 năm trước",https://phongtro123.com/cho-thue-phong-tro-sinh-vien-dai-hoc-pr597101.html,2026-05-15T11:07:49
phongtro123,Cho thuê phòng trọ giành cho sinh viên (1-2 người). Giá phòng giao động 1-2 triệu./tháng,2 triệu/tháng,60,"Thanh Khê, Đà Nẵng","Cho thuê phòng trọ giành cho sinh viên (1-2 người). Giá phòng giao động 1-2 triệu./tháng 2 triệu/tháng 60 m 2 Thanh Khê, Đà Nẵng Cho thuê phòng trọ địa chỉ tại 322/48 Đường Hải Phòng, Phường Chính Gián, Quận Thanh Khê, Đà NẵngVị trí gần công viên 29/3, Chợ siêu thị Đà Nẵng,… 4 năm trước",https://phongtro123.com/cho-thue-phong-tro-gianh-cho-sinh-vien-1-2-nguoi-pr596627.html,2026-05-15T11:07:49
phongtro123,"Cho thuê phòng trọ giá rẻ giá sinh viên tại Kiệt 169/10 Ngô Quyền, Phường Thọ Quang, Quận Sơn Trà,…",1 triệu/tháng,18,"Sơn Trà, Đà Nẵng","Cho thuê phòng trọ giá rẻ giá sinh viên tại Kiệt 169/10 Ngô Quyền, Phường Thọ Quang, Quận Sơn Trà,… 1 triệu/tháng 18 m 2 Sơn Trà, Đà Nẵng CHO THUÊ PHÒNG TRỌ tại Kiệt 169/10 Ngô Quyền, Phường Thọ Quang, Quận Sơn Trà, Đà NẵngKhông chung chủ, lối đi riêng, giờ giấc tự doĐiện nước… 4 năm trước",https://phongtro123.com/cho-thue-phong-tro-gia-re-gia-sinh-vien-pr596467.html,2026-05-15T11:07:49
phongtro123,Cho thuê phòng trọ hơn 40m2 như nhà ở rộng rãi. Giá thuê chỉ 2 Triệu/tháng,2 Triệu/tháng,40,"Sơn Trà, Đà Nẵng","Cho thuê phòng trọ hơn 40m2 như nhà ở rộng rãi. Giá thuê chỉ 2 Triệu/tháng 2 triệu/tháng 40 m 2 Sơn Trà, Đà Nẵng Cho thuê phòng hơn 40m2 ( gần như nhà) giá 2trieu,rất rẻ tại 894 Ngô Quyền vào ket 50mPhòng khách,ngủ,bếp,tole sân để xe đầy đủGần chợ ,tạp hoá, gần… 4 năm trước",https://phongtro123.com/cho-thue-phong-tro-hon-40m2-gan-nhu-nha-o-gia-2trieu-pr596396.html,2026-05-15T11:07:49
phongtro123,"Cho thuê phòng trọ, nhà trọ tại 211 An Nông, Phường Khuê Mỹ, Quận Ngũ Hành Sơn",1 triệu/tháng,20,"Ngũ Hành Sơn, Đà Nẵng","Cho thuê phòng trọ, nhà trọ tại 211 An Nông, Phường Khuê Mỹ, Quận Ngũ Hành Sơn 1 triệu/tháng 20 m 2 Ngũ Hành Sơn, Đà Nẵng Cho thuê phòng trọ địa chỉ: kiệt đường 211 Nguyễn Đình Chiểu, Quận Ngũ Hành Sơn, Đà Nẵng. Nhà mới đẹp mát mẻ đọc lập gồm: có nhà vệ sinh khép… 4 năm trước",https://phongtro123.com/cho-thue-phong-tro-nha-tro-my-khue-danang-pr596258.html,2026-05-15T11:07:49
phongtro123,"Phòng trọ Studio khu vực Hải Châu, gần trung tâm thành phố, ĐH Duy Tân",3 triệu/tháng,30,"Hải Châu, Đà Nẵng","Phòng trọ Studio khu vực Hải Châu, gần trung tâm thành phố, ĐH Duy Tân 3 triệu/tháng 30 m 2 Hải Châu, Đà Nẵng Hi mọi người, chủ mình không rành công nghệ nên nhờ mình đăng hộ. Cho thuê phòng có điều hòa và nội thất gần chợ Đống Đa. Giá phòng nhỏ 3tr và phòng… 4 năm trước",https://phongtro123.com/phong-tro-studio-khu-vuc-hai-chau-gan-trung-tam-thanh-pho-dh-duy-tan-pr596257.html,2026-05-15T11:07:49
phongtro123,"Cho thuê phòng trọ trung tâm Ngũ Hành Sơn, gần bệnh viện",1 triệu/tháng,15,"Ngũ Hành Sơn, Đà Nẵng","Cho thuê phòng trọ trung tâm Ngũ Hành Sơn, gần bệnh viện 1 triệu/tháng 15 m 2 Ngũ Hành Sơn, Đà Nẵng Cho thuê phòng trọ 15 Trần Văn Đán bên cạnh Trung tâm hành chính quận ngũ hành sơn, gần chợ, biển. Nhà mới xây thoáng mát có toilet riêng, có chỗ để xe,… 4 năm trước",https://phongtro123.com/tinh-thanh/da-nang/cho-thue-phong-tro-trung-tam-ngu-hanh-son-gan-benh-vien.html,2026-05-15T11:07:49
phongtro123,Cho thuê phòng trọ ngay trung tâm đường trần phú gần cầu rồng,1.5 triệu/tháng,14,"Hải Châu, Đà Nẵng","Cho thuê phòng trọ ngay trung tâm đường trần phú gần cầu rồng 1.5 triệu/tháng 14 m 2 Hải Châu, Đà Nẵng Cho thuê phòng trọ gần cầu rồng, toilet riêng, wifi miễn phí, có chỗ để xe rộng rãi, khu an ninh, gần chợ, diện tích 14m2, thoáng mát. Giá tầm 1,5 triệu liên… 4 năm trước",https://phongtro123.com/tinh-thanh/da-nang/cho-thue-phong-tro-trung-tam-duong-tran-phu-gan-cau-rong.html,2026-05-15T11:07:49
phongtro123,Cho thuê phòng trọ Quận Hải Châu Phường Bình Hiên. Phòng 19m2 giá thuê 2tr2/tháng,2.2 triệu/tháng,19,"Hải Châu, Đà Nẵng","Cho thuê phòng trọ Quận Hải Châu Phường Bình Hiên. Phòng 19m2 giá thuê 2tr2/tháng 2.2 triệu/tháng 19 m 2 Hải Châu, Đà Nẵng Mình còn phòng tại Kiệt 8 Hoàng Diệu (sát với đường Nguyễn Hoàng). Mọi người cần thì liên lạc nhaDiện tích: 19m2Giá: 2.2TriệuƯu tiên Nữ Sinh viên… 4 năm trước",https://phongtro123.com/cho-thue-phong-tro-quan-hai-chau-phuong-binh-hien-pr596052.html,2026-05-15T11:07:49
phongtro123,"Giáp Thanh Khê vs Liên Chiểu...Khu an ninh, phòng sạch sẽ thoáng....",1.4 triệu/tháng,20,"Liên Chiểu, Đà Nẵng","Giáp Thanh Khê vs Liên Chiểu...Khu an ninh, phòng sạch sẽ thoáng.... 1.4 triệu/tháng 20 m 2 Liên Chiểu, Đà Nẵng Cách đại học thể thao 1,5km...Thiền Viện 500m...cách biển 1km...Ngã Ba Huế vs Mẹ Nhu 2km....phòng có mê lững, tolet trong, điện nước giá nhà nước(công tơ… 4 năm trước",https://phongtro123.com/giap-thanh-khe-vs-lien-chieu-khu-an-ninh-phong-sach-se-thoang-pr595987.html,2026-05-15T11:07:49
phongtro123,"Cho thuê nhà trọ, cho thuê nhà trọ tại 09 Tây Sơn, Phường Hòa Quý, Quận Ngũ Hành Sơn, Đà Nẵng",1.6 triệu/tháng,24,"Ngũ Hành Sơn, Đà Nẵng","Cho thuê nhà trọ, cho thuê nhà trọ tại 09 Tây Sơn, Phường Hòa Quý, Quận Ngũ Hành Sơn, Đà Nẵng 1.6 triệu/tháng 24 m 2 Ngũ Hành Sơn, Đà Nẵng Cho thuê nhà trọ tại địa chỉ 09 Tây Sơn, Phường Hòa Quý, Quận Ngũ Hành Sơn, Đà NẵngGần đại học FPT diện tích 24m2, có gác lững, KHU VỰC AN NINH, LỐI… 4 năm trước",https://phongtro123.com/cho-thue-nha-tro-cho-thue-nha-tro-pr595932.html,2026-05-15T11:07:49
phongtro123,"Về quê cần nên sang phòng trọ 1tr/tháng tại Lê Thạch, Phường Hòa An, Quận Cẩm Lệ",1 triệu/tháng,16,"Cẩm Lệ, Đà Nẵng","Về quê cần nên sang phòng trọ 1tr/tháng tại Lê Thạch, Phường Hòa An, Quận Cẩm Lệ 1 triệu/tháng 16 m 2 Cẩm Lệ, Đà Nẵng Do ko ở ĐN nữa nên cần sang lại phòng trọ với 1 số đồ dùng. Phòng trọ sạch sẽ có gác lửng chủ trọ dễ gần vui vẻ. Time thoải máiKhu trọ an ninh,… 4 năm trước",https://phongtro123.com/ve-que-can-nen-sang-phong-tro-1tr-thang-pr595886.html,2026-05-15T11:07:49
phongtro123,Cho thuê phòng trọ/ nhà nguyên căn Thanh Khê-Đà Nẵng,2 triệu/tháng,12,"Thanh Khê, Đà Nẵng","Cho thuê phòng trọ/ nhà nguyên căn Thanh Khê-Đà Nẵng 2 triệu/tháng 12 m 2 Thanh Khê, Đà Nẵng Cho thuê phòng riêng (10-14m2) hoặc nhà nguyên căn 5 phòng ngủvị trí thoáng mát, sạch sẽ. ngay trung tâm tiện đi lại 4 năm trước",https://phongtro123.com/cho-thue-phong-tro-nha-nguyen-can-4-pr595761.html,2026-05-15T11:07:49
phongtro123,"Tìm bạn nữ đi học ở ghép phong trọ gần đh đông á, đà nẵng",1.2 triệu/tháng,30,"Hải Châu, Đà Nẵng","Tìm bạn nữ đi học ở ghép phong trọ gần đh đông á, đà nẵng 1.2 triệu/tháng 30 m 2 Hải Châu, Đà Nẵng Tìm bạn nữ đi học ở ghép phong trọ gần đh đông á, đà nẵngGiá 1tr2/1ng phòng rộng rãi, thoáng mát, sạch sẽ 4 năm trước",https://phongtro123.com/tim-ban-nu-di-hoc-o-ghep-phong-tro-gan-dh-dong-a-da-nang-pr595728.html,2026-05-15T11:07:49
phongtro123,"Cho thuê căn hộ mini, đầy đủ nội thất, Hải Châu",3.5 triệu/tháng,30,"Hải Châu, Đà Nẵng","Cho thuê căn hộ mini, đầy đủ nội thất, Hải Châu 3.5 triệu/tháng 30 m 2 Hải Châu, Đà Nẵng Chính chủ cho thuê căn hộ mini tầng trệt ️Kiệt 4 Duy Tân, kiệt 5.5m️Giá chỉ 3tr5/tháng️Thanh toán 2 tháng, cọc 1 tháng️ Diện tích: 30m2️ Mô tả… 4 năm trước",https://phongtro123.com/cho-thue-can-ho-mini-day-du-noi-that-hai-chau-pr593518.html,2026-05-15T11:07:53
phongtro123,"Phòng trọ và phòng mặt tiền kinh doanh khu trung tâm giữa các trường học gần Helio, Lotte",1.8 triệu/tháng,350,"Hải Châu, Đà Nẵng","Phòng trọ và phòng mặt tiền kinh doanh khu trung tâm giữa các trường học gần Helio, Lotte 1.8 triệu/tháng 350 m 2 Hải Châu, Đà Nẵng PHÒNG TRỌ VÀ PHÒNG MẶT TIỀN KINH DOANH KHU TRUNG TÂM GIỮA CÁC TRƯỜNG HỌC GẦN HELIO, LOTTECho thuê phòng trọ khu trung tâm ở giữa các trường Đại học Kiến… 4 năm trước",https://phongtro123.com/phong-tro-va-phong-mat-tien-kinh-doanh-khu-trung-tam-giua-cac-truong-hoc-gan-helio-lotte-pr594305.html,2026-05-15T11:07:53
phongtro123,Phòng trọ gần ĐH Ngoại Ngữ ĐH Kiến trúc phòng rộng 15m2 ưu đãi mùa dịch giá chỉ 1tr3/tháng,1.3 triệu/tháng,15,"Cẩm Lệ, Đà Nẵng","Phòng trọ gần ĐH Ngoại Ngữ ĐH Kiến trúc phòng rộng 15m2 ưu đãi mùa dịch giá chỉ 1tr3/tháng 1.3 triệu/tháng 15 m 2 Cẩm Lệ, Đà Nẵng Cho thuê phòng tại 112 Hồ Nguyên Trừng, Phường Khuê Trung, Quận Cẩm Lệ, Đà NẵngPhòng trọ 15m2, thoáng mát sạch sẽ, không ở chung chủ.Phòng vệ sinh,… 4 năm trước",https://phongtro123.com/phong-tro-gan-dh-ngoai-ngu-dh-kien-truc-pr595201.html,2026-05-15T11:07:53
phongtro123,"Cho Thuê phòng trọ mới xây, sạch sẽ, thoáng tại 03 Mạc Thị Bưởi, Hòa Cường Nam, Quận Hải Châu",2 triệu/tháng,03,"Hải Châu, Đà Nẵng","Cho Thuê phòng trọ mới xây, sạch sẽ, thoáng tại 03 Mạc Thị Bưởi, Hòa Cường Nam, Quận Hải Châu 2 triệu/tháng 15 m 2 Hải Châu, Đà Nẵng Cho thuê phòng trọ mới, sạch sẽ, thoáng mát, an ninh, yên tĩnh, giờ giấc tự do,…giá từ 2tr đến 2tr4, giảm giá tháng đầu tiên ạ!Đ/C 03 Mạc Thị… 4 năm trước",https://phongtro123.com/cho-thue-phong-tro-moi-xay-sach-se-thoang-pr595135.html,2026-05-15T11:07:53
phongtro123,"Phòng trọ 18m2 tại Trưng Nữ Vương, Phường Hòa Thuận Tây, Quận Hải Châu, Đà Nẵng",1.8 triệu/tháng,18,"Hải Châu, Đà Nẵng","Phòng trọ 18m2 tại Trưng Nữ Vương, Phường Hòa Thuận Tây, Quận Hải Châu, Đà Nẵng 1.8 triệu/tháng 18 m 2 Hải Châu, Đà Nẵng PHÒNG TRỌ 18m2 có gác lửng, nhà vệ sinh, điện nước, lối đi riêng không chung chủ.Gần sân bay, bệnh viện, siêu thị, xung quanh khu bộ đội, an ninh, yên… 4 năm trước",https://phongtro123.com/phong-tro-18m2-trung-nu-vuong-hai-chau-pr595071.html,2026-05-15T11:07:53
phongtro123,"Phòng trọ 16m2 tại 541/17 Núi Thành, Phường Hòa Cường Nam, Quận Hải Châu, Đà Nẵng",1.7 triệu/tháng,16,"Hải Châu, Đà Nẵng","Phòng trọ 16m2 tại 541/17 Núi Thành, Phường Hòa Cường Nam, Quận Hải Châu, Đà Nẵng 1.7 triệu/tháng 16 m 2 Hải Châu, Đà Nẵng * CÓ ĐIỀU HÒA, MÁY NÓNG LẠNH.* VỆ SINH RIÊNG, SẠCH MỚI, BẾP RIÊNG, PHƠI ĐỒ RIÊNG KHÉP KÍN, SÁNG, THOÁNG, MÁT.* WIFI MIỄN PHÍ, NHÀ XE RỘNG RÃI, CAMERA GIÁM… 4 năm trước",https://phongtro123.com/phong-tro-duong-nui-thanh-quan-hai-chau-16m2-pr594690.html,2026-05-15T11:07:53
phongtro123,Cho thuê phòng trọ Trung Tâm Đà Nẵng,2 triệu/tháng,20,"Hải Châu, Đà Nẵng","Cho thuê phòng trọ Trung Tâm Đà Nẵng 2 triệu/tháng 20 m 2 Hải Châu, Đà Nẵng Cho thuê phòng trọ cao cấp đầy đủ tiện nghi:Ở mặt tiền đường 10,5m Nguyễn Sơn Trà(gần ks Minh Toàn Galaxy),khu vực an ninh,dân trí tốt.Phòng… 4 năm trước",https://phongtro123.com/cho-thue-phong-tro-trung-tam-da-nang-1-pr310352.html,2026-05-15T11:07:53
phongtro123,"Có phòng trọ trống cho thuê ở đường bình an 7, phường Hòa Cường Bắc",1.8 triệu/tháng,36,"Hải Châu, Đà Nẵng","Có phòng trọ trống cho thuê ở đường bình an 7, phường Hòa Cường Bắc 1.8 triệu/tháng 36 m 2 Hải Châu, Đà Nẵng có các phòng trọ ở mặt tiền đường rộng 7m , số 133 Bình An 7, có thể kinh doanh buôn bán, trần bê tông, mát mẻ, sạch sẽ, ở tầng 1, rộng 27m, gác gỗ… 4 năm trước",https://phongtro123.com/co-phong-tro-trong-cho-thue-o-duong-binh-an-7-phuong-hoa-cuong-bac-pr594426.html,2026-05-15T11:07:53
phongtro123,"Phòng trọ 25m2 số 1172 Đường Trường Chinh, Phường Hòa Phát, Quận Cẩm Lệ, Đà Nẵng",1.7 triệu/tháng,25,"Cẩm Lệ, Đà Nẵng","Phòng trọ 25m2 số 1172 Đường Trường Chinh, Phường Hòa Phát, Quận Cẩm Lệ, Đà Nẵng 1.7 triệu/tháng 25 m 2 Cẩm Lệ, Đà Nẵng Phòng trọ mới xây dựng xong, tại số 1172 Trường Chinh (ngã 3 Lê Đại Hành - Trường Chinh).- Diện tích: 25 m2 ( Có gác lửng )- Tầng trệt, rộng rãi, thoáng… 4 năm trước",https://phongtro123.com/phong-tro-25m2-so-1172-truong-chinh-cam-le-pr592139.html,2026-05-15T11:07:53
phongtro123,Phòng trọ ngay trung tâm Thành Phố gần các trường Đại Học. Giá 2.200.000đ/Tháng,2.2 triệu/tháng,15,"Hải Châu, Đà Nẵng","Phòng trọ ngay trung tâm Thành Phố gần các trường Đại Học. Giá 2.200.000đ/Tháng 2.2 triệu/tháng 15 m 2 Hải Châu, Đà Nẵng Khu vực sân phơi riêngCó bảo vệ và camera 24 / 24Có nhân viên bảo trị thiết bị và sửa chữa nhanhKhu để xe rộng rãiGiờ giấc tự doĐiện 3,3/kwh,… 4 năm trước",https://phongtro123.com/phong-tro-trung-tam-tp-gan-cac-truong-dh-gia-2-200-000-pr594387.html,2026-05-15T11:07:53
phongtro123,"Cho thuê phòng trọ cách đại học sư phạm chỉ 2,5km, mặt tiền 7m",2 triệu/tháng,7,"Liên Chiểu, Đà Nẵng","Cho thuê phòng trọ cách đại học sư phạm chỉ 2,5km, mặt tiền 7m 2 triệu/tháng 50 m 2 Liên Chiểu, Đà Nẵng CHO THUÊ PHÒNG TRỌ⭐ Phòng cách ĐHSP 2,5km ,mặt tiền 7m,phòng thoáng mát sạch sẽ.⭐ Có nhà để xe riêng,toilet + bếp riêng, điều hòa,máy nóng lạnh,máy… 4 năm trước",https://phongtro123.com/cho-thue-phong-tro-cach-dai-hoc-su-pham-chi-2-5km-mat-tien-7m-pr594299.html,2026-05-15T11:07:53
phongtro123,"Phòng trọ giá rẻ Phước Lý 20, phường Hòa Minh",1.6 triệu/tháng,15,"Liên Chiểu, Đà Nẵng","Phòng trọ giá rẻ Phước Lý 20, phường Hòa Minh 1.6 triệu/tháng 15 m 2 Liên Chiểu, Đà Nẵng Phòng trọ mới xây, khu vực yên tĩnh, an ninh tốt (gần Quân đội), wifi miễn phí, điều hòa, máy nước nóng lạnh đầy đủ, khóa cổng bằng dấu vân tay. 4 năm trước",https://phongtro123.com/phong-tro-gia-re-phuoc-ly-20-phuong-hoa-minh-pr594164.html,2026-05-15T11:07:53
phongtro123,"Phòng trọ mới xây 100% - rộng 20m2 có gác lửng, sau ĐH Sư Phạm Đà Nẵng, Gần chợ, Gần trường Đh…",1.5 triệu/tháng,20,"Liên Chiểu, Đà Nẵng","Phòng trọ mới xây 100% - rộng 20m2 có gác lửng, sau ĐH Sư Phạm Đà Nẵng, Gần chợ, Gần trường Đh… 1.5 triệu/tháng 20 m 2 Liên Chiểu, Đà Nẵng - Nhà trọ chủ trọ mới xây mới 100%,được chủ trọ hổ trợ chỉ thu tiền trọ vào cuối tháng, các bạn có nhu cầu tìm trọ sạch sẽ, có không gian thoáng,… 4 năm trước",https://phongtro123.com/phong-tro-moi-xay-100-rong-20m2-co-gac-lung-sau-dh-su-pham-da-nang-gan-cho-gan-truong-dh-bach-khoa-dh-duy-tan-pr594107.html,2026-05-15T11:07:53
phongtro123,"Cho thuê phòng 15m2 sạc sẽ có wc riêng, tại k158/69a Đường Trần Cao Vân giá chỉ 1.5tr/tháng",1.5 triệu/tháng,15,"Thanh Khê, Đà Nẵng","Cho thuê phòng 15m2 sạc sẽ có wc riêng, tại k158/69a Đường Trần Cao Vân giá chỉ 1.5tr/tháng 1.5 triệu/tháng 15 m 2 Thanh Khê, Đà Nẵng Hiện tại mình còn 1 phòng trọ cho thuê giá 1tr5, tại 158/69A trần cao vân cách chợ mấy bước chân, trung tâm tp thuận tiện đi lại và làm việc.Phòng rộng… 4 năm trước",https://phongtro123.com/cho-thue-phong-15m2-sac-se-co-wc-rieng-tai-k158-69a-duong-tran-cao-van-gia-chi-1-5tr-thang-pr593915.html,2026-05-15T11:07:53
phongtro123,"Cho thuê dãy 4 phòng trọ mới xây tại K46 Đường Nguyễn Đăng, Phường An Khê, Quận Thanh Khê, Đà Nẵng",2 triệu/tháng,20,"Thanh Khê, Đà Nẵng","Cho thuê dãy 4 phòng trọ mới xây tại K46 Đường Nguyễn Đăng, Phường An Khê, Quận Thanh Khê, Đà Nẵng 2 triệu/tháng 20 m 2 Thanh Khê, Đà Nẵng * Phòng mới xây, sàn đúc, trần đóng thạch cao, sạch sẽ, nhà mê kiên cố* Có gác lửng rộng rãi tiện sử dụng* Diện tích 20m²* Phòng có kệ bếp, bồn… 4 năm trước",https://phongtro123.com/cho-thue-day-4-phong-tro-moi-xay-quan-thanh-khe-pr593889.html,2026-05-15T11:07:53
phongtro123,"Nhà trọ 35m2, diện tích sử dụng 50m2 48 Đường K20, Phường Khuê Mỹ, Quận Ngũ Hành Sơn, Đà Nẵng",2.5 triệu/tháng,35,"Ngũ Hành Sơn, Đà Nẵng","Nhà trọ 35m2, diện tích sử dụng 50m2 48 Đường K20, Phường Khuê Mỹ, Quận Ngũ Hành Sơn, Đà Nẵng 2.5 triệu/tháng 35 m 2 Ngũ Hành Sơn, Đà Nẵng 2 phòng ngủ, chỗ nấu ăn rộng rãi, nhà vệ sinh sạch sẽ, gác lửng để đồ, có chỗ phơi quần áo, kiệt ô tô sau lưng nhà mặt tiền. Thiết bị có 1 điều… 4 năm trước",https://phongtro123.com/nha-tro-35m2-dien-tich-su-dung-50m2-pr593823.html,2026-05-15T11:07:53
phongtro123,"Phòng trọ có gác 1.2tr sạch sẽ,an ninh Bình Kỳ ĐN",1.2 triệu/tháng,24,"Ngũ Hành Sơn, Đà Nẵng","Phòng trọ có gác 1.2tr sạch sẽ,an ninh Bình Kỳ ĐN 1.2 triệu/tháng 24 m 2 Ngũ Hành Sơn, Đà Nẵng Tôi còn 1 phòng trống trong dãy trọ chỉ có 5 phòng.Gía hõ trợ đến hết covid phòng 3 là: 1.2tr/tháng.Tháng đầu tiên đến ở được giảm 50%.Trả trước… 4 năm trước",https://phongtro123.com/phong-tro-co-gac-tu-1-4tr-sach-se-an-ninh-binh-ky-dn-pr589649.html,2026-05-15T11:07:53
phongtro123,"Cho thuê phòng trọ tại Đường Võ Chí Công, Phường Hòa Quý, Quận Ngũ Hành Sơn, Đà Nẵng",1.45 triệu/tháng,25,"Ngũ Hành Sơn, Đà Nẵng","Cho thuê phòng trọ tại Đường Võ Chí Công, Phường Hòa Quý, Quận Ngũ Hành Sơn, Đà Nẵng 1.45 triệu/tháng 25 m 2 Ngũ Hành Sơn, Đà Nẵng Phòng ở chung chủ,phòng lớn ở tầng 2,địa điểm gần :- Cách 200m đến cầu Khuê Đông- Cách 100m đến cây xăng Tân Thanh ToànPhòng đầy đủ bao điện… 4 năm trước",https://phongtro123.com/cho-thue-phong-tro-vo-chi-cong-pr593790.html,2026-05-15T11:07:53
phongtro123,"Phòng trọ 20m2 cho thuê kiện Điện Biên Phủ - 1,5 triệu",1.5 triệu/tháng,20,"Thanh Khê, Đà Nẵng","Phòng trọ 20m2 cho thuê kiện Điện Biên Phủ - 1,5 triệu 1.5 triệu/tháng 20 m 2 Thanh Khê, Đà Nẵng Cho thuê phòng 20m2 có gác lửng, giá 1, 5 tr / tháng. Điện 3k/ kwh. Nước 30k. Kiệt rộng 3 m. Có chỗ để xe. K260 Điện Biên phủ. Không chung chủGiờ giấc tự… 4 năm trước",https://phongtro123.com/phong-tro-20m2-cho-thue-kien-dien-bien-phu-1-5-trieu-pr593722.html,2026-05-15T11:07:53
phongtro123,"Phòng trọ mới tại 224 Lê Thanh Nghị, Phường Hòa Cường Nam trung tâm quận Hải Châu",1.5 triệu/tháng,20,"Hải Châu, Đà Nẵng","Phòng trọ mới tại 224 Lê Thanh Nghị, Phường Hòa Cường Nam trung tâm quận Hải Châu 1.5 triệu/tháng 20 m 2 Hải Châu, Đà Nẵng Phòng trọ nằm trên trục đường trung tâm, gần ngay các trường đại học Phương Đông, đại học Ngoại ngữ, Đông Á, Kiến Trúc (đi bộ đến các trường… 4 năm trước",https://phongtro123.com/phong-tro-moi-trung-tam-quan-hai-chau-pr593489.html,2026-05-15T11:07:53
phongtro123,"Phòng trọ không chung chủ, diện tích 25m2, giá 1500000",1.5 triệu/tháng,25,"Cẩm Lệ, Đà Nẵng","Phòng trọ không chung chủ, diện tích 25m2, giá 1500000 1.5 triệu/tháng 25 m 2 Cẩm Lệ, Đà Nẵng Cho thuê phòng trọ tại 7 Bàu Gia Thượng 1, Phường Hòa Thọ Đông, Quận Cẩm Lệ, Đà NẵngDiện tích 25m2Phòng trọ không chung chủ,Có nhà vệ sinh… 4 năm trước",https://phongtro123.com/phong-tro-khong-chung-chu-dien-tich-25m2-gia-1500000-pr593433.html,2026-05-15T11:07:57
phongtro123,"Nhà trọ 50 Trần Quý Khoách, Hòa Minh, Liên Chiểu, Đà Nẵng. Giá từ 1.8tr - 2.5tr",1.9 triệu/tháng,20,"Liên Chiểu, Đà Nẵng","Nhà trọ 50 Trần Quý Khoách, Hòa Minh, Liên Chiểu, Đà Nẵng. Giá từ 1.8tr - 2.5tr 1.9 triệu/tháng 20 m 2 Liên Chiểu, Đà Nẵng Nhà trọ 2 tầng gần biển, trường Đại học Bách Khoa, Sư phạm, trường cấp 1,2,3 và nhiều mẫu giáo.- Phòng lót gạch men toàn bộ, gác lửng, 2 cửa sổ,… 4 năm trước",https://phongtro123.com/nha-tro-50-tran-quy-khoach-hoa-minh-lien-chieu-da-nang-gia-tu-1-8tr-2-5tr-pr317919.html,2026-05-15T11:07:57
phongtro123,CHO THUÊ PHÒNG TRỌ TRUNG TÂM THÀNH PHỐ ĐÀ NẴNG,2.3 triệu/tháng,20,"Hải Châu, Đà Nẵng","CHO THUÊ PHÒNG TRỌ TRUNG TÂM THÀNH PHỐ ĐÀ NẴNG 2.3 triệu/tháng 20 m 2 Hải Châu, Đà Nẵng Phòng rộng rãi thoáng mát, gác lửng tiện lợi Toilet , bếp từng phòng Không gian sinh hoạt chung: sân phơi sau nhà Đầy đủ tiện ích xung… 4 năm trước",https://phongtro123.com/cho-thue-phong-tro-trung-ta-m-thanh-pho-da-na-ng-pr310407.html,2026-05-15T11:07:57
phongtro123,"Phòng mới đẹp, sạch sẽ gần Đh Kiến Trúc, Đông Á và Tâm Trí. Giá từ: 2 triệu - 2 triệu 3",2 triệu/tháng,16,"Cẩm Lệ, Đà Nẵng","Phòng mới đẹp, sạch sẽ gần Đh Kiến Trúc, Đông Á và Tâm Trí. Giá từ: 2 triệu - 2 triệu 3 2 triệu/tháng 16 m 2 Cẩm Lệ, Đà Nẵng CHO THUÊ PHÒNG TRỌ (Tháng 11)GẦN ĐẠI HỌC KIẾN TRÚC - GIÀNH CHO NGƯỜI ĐI LÀMĐịa chỉ: 18 Bình hoà 10, Khuê trung, Cẩm Lệ‍️ Giá từ: 2 triệu - 2 triệu… 4 năm trước",https://phongtro123.com/phong-moi-gan-dh-kien-truc-dong-a-bv-tam-tri-pr593092.html,2026-05-15T11:07:57
phongtro123,Cho thuê phòng trọ gia một triệu,1 triệu/tháng,15,"Hải Châu, Đà Nẵng","Cho thuê phòng trọ gia một triệu 1 triệu/tháng 15 m 2 Hải Châu, Đà Nẵng Cho thuê phòng trọ 15m2 tại 81 Nguyễn Sơn. Giá mùa dịch nên rất rẻ. Vị trí gần các trường Đại học kiến trúc và Đông Á . gần chợ truyền thống khoảng… 4 năm trước",https://phongtro123.com/cho-thue-phong-tro-gia-mot-trieu-pr593014.html,2026-05-15T11:07:57
phongtro123,"Phòng trọ đường tại 398 Đường Kinh Dương Vương, Phường Hòa Minh, Quận Liên Chiểu, Đà Nẵng",1.8 triệu/tháng,15,"Liên Chiểu, Đà Nẵng","Phòng trọ đường tại 398 Đường Kinh Dương Vương, Phường Hòa Minh, Quận Liên Chiểu, Đà Nẵng 1.8 triệu/tháng 15 m 2 Liên Chiểu, Đà Nẵng Cho thuê phòng trọ 398 Đường Kinh Dương Vương, Phường Hòa Minh, Quận Liên Chiểu, Đà NẵngDiện tích rộng rãi: 15m2Giá thuê 1tr8/thangCó đầy đủ tiện… 4 năm trước",https://phongtro123.com/phong-tro-duong-kinh-duong-vuong-pr592870.html,2026-05-15T11:07:57
phongtro123,"Phòng trọ 25m2 tại 65 Bàu Gia Thượng 3, Phường Hòa Thọ Đông, Quận Cẩm Lệ, Đà Nẵng",1.5 triệu/tháng,25,"Cẩm Lệ, Đà Nẵng","Phòng trọ 25m2 tại 65 Bàu Gia Thượng 3, Phường Hòa Thọ Đông, Quận Cẩm Lệ, Đà Nẵng 1.5 triệu/tháng 25 m 2 Cẩm Lệ, Đà Nẵng Mình cần cho thuê phòng trọ trong chung cư mini cao 5 tầng với các thông tin chi tiết như sauPhòng trọ cho thuê giá rẻ bất ngờ ở 65 Bầu Gia Thượng 3 , P Hòa… 4 năm trước",https://phongtro123.com/phong-tro-25-m2-cam-le-cho-thue-pr592709.html,2026-05-15T11:07:57
phongtro123,"Phòng Trọ tại 65/5 Đường Đinh Tiên Hoàng, Phường Thanh Bình, Quận Hải Châu. Diện tích từ 20m2 đến…",2.2 triệu/tháng,20,"Hải Châu, Đà Nẵng","Phòng Trọ tại 65/5 Đường Đinh Tiên Hoàng, Phường Thanh Bình, Quận Hải Châu. Diện tích từ 20m2 đến… 2.2 triệu/tháng 20 m 2 Hải Châu, Đà Nẵng Cho thuê trọ khu vực Đinh Tiên HoàngDiện tích: 20m2- 25m2, có gác lửng thuận tiện cho việc sắp xếp đồ đạc hoặc để ngủ;Phòng có sẵn kệ bếp, WC,… 4 năm trước",https://phongtro123.com/phong-tro-khu-vuc-hai-chau-2tr2-pr592676.html,2026-05-15T11:07:57
phongtro123,Cho thuê nhà trọ trung tâm mặt tiền Lotte Helio phòng 25m2 giá thuê 2 Triệu/tháng,2 Triệu/tháng,25,"Hải Châu, Đà Nẵng","Cho thuê nhà trọ trung tâm mặt tiền Lotte Helio phòng 25m2 giá thuê 2 Triệu/tháng 2 triệu/tháng 25 m 2 Hải Châu, Đà Nẵng Cho thuê phòng trọ khu trung tâm gần khu vui chơi Helio, siêu thị Lotte. Phòng rộng thoáng, có ban công, nhiều view, có chổ để xe rộng rãi, wifi mạnh miễn phí,… 4 năm trước",https://phongtro123.com/cho-thue-nha-tro-trung-tam-mat-tien-lotte-helio-pr592588.html,2026-05-15T11:07:57
phongtro123,"Cho Nam Thuê Phòng Trọ tại 28 Hồ Biểu Chánh, Phường Hòa Cường Nam, Quận Hải Châu, Đà Nẵng",1 triệu/tháng,13,"Hải Châu, Đà Nẵng","Cho Nam Thuê Phòng Trọ tại 28 Hồ Biểu Chánh, Phường Hòa Cường Nam, Quận Hải Châu, Đà Nẵng 1 triệu/tháng 13 m 2 Hải Châu, Đà Nẵng - Diện tích: 13m2 Gọn gàng, sạch sẽ, có cửa sổ- Có Wifi miễn phí, nước nóng lạnh, bến nấu ăn, tủ lạnh, camera an ninh tốt, có chỗ để xe.- Gần các… 4 năm trước",https://phongtro123.com/cho-nam-thue-phong-tro-tai-da-nang-pr592228.html,2026-05-15T11:07:57
phongtro123,"Cho thuê phòng trọ cho hộ gia đình và sinh viên tại Phạm Văn Bạch, Hòa Cường Nam, Quận Hải Châu,…",3 triệu/tháng,30,"Hải Châu, Đà Nẵng","Cho thuê phòng trọ cho hộ gia đình và sinh viên tại Phạm Văn Bạch, Hòa Cường Nam, Quận Hải Châu,… 3 triệu/tháng 30 m 2 Hải Châu, Đà Nẵng Gần trường học ,chợ,siêu thị và các tiện ích khácsông , biển không khí trong lành , an ninh thuận tiện cho đi làm và đi học ,con cái có chổ vui chơi không… 4 năm trước",https://phongtro123.com/cho-thue-phong-tro-cho-ho-gia-dinh-va-sinh-vien-pr592137.html,2026-05-15T11:07:57
phongtro123,Phòng trọ Ngũ Hành Sơn có gác lửng,1.5 triệu/tháng,16,"Ngũ Hành Sơn, Đà Nẵng","Phòng trọ Ngũ Hành Sơn có gác lửng 1.5 triệu/tháng 16 m 2 Ngũ Hành Sơn, Đà Nẵng 2 phòng trọ sau Trung tâm y tế Ngũ Hành Sơn. Diện tích 16m2 và 21m2, có gác lửng, có bình nước nóng, 1 phòng có điều hòa. Khu vực an ninh tốt, gần đường Lê… 4 năm trước",https://phongtro123.com/phong-tro-ngu-hanh-son-co-gac-lung-pr592130.html,2026-05-15T11:07:57
phongtro123,phong trọ mát mẽ sạch sẽ đầy đủ tiện nghi,2 triệu/tháng,20,"Liên Chiểu, Đà Nẵng","phong trọ mát mẽ sạch sẽ đầy đủ tiện nghi 2 triệu/tháng 20 m 2 Liên Chiểu, Đà Nẵng HOT HOT HOTphòng mới tâng trang, đẹp lung linh ,sạch sẽ , thoáng mát, tiện nghiĐịa chỉ : 398 Kinh Dương Vương ,Thanh Khê,Đà NẵngCăn hộ cao cấp tiện nghi… 4 năm trước",https://phongtro123.com/phong-tro-mat-me-sach-se-day-du-tien-nghi-pr314069.html,2026-05-15T11:07:57
phongtro123,Phòng trọ gần ĐH Sư Phạm bến xe khu hành chính quận. Diện tích 25m2 giá thuê 1tr/tháng,1 triệu/tháng,25,"Liên Chiểu, Đà Nẵng","Phòng trọ gần ĐH Sư Phạm bến xe khu hành chính quận. Diện tích 25m2 giá thuê 1tr/tháng 1 triệu/tháng 25 m 2 Liên Chiểu, Đà Nẵng Cho thuê phòng trọ giá rẻ tại địa chỉ: 27 Phố Nguyễn Khắc Nhu, Phường Hòa Minh, Quận Liên Chiểu, Đà NẵngDiện tích: 25m2Giá thuê: 1 triệu/thángPhòng… 4 năm trước",https://phongtro123.com/phong-tro-gan-dh-su-pham-ben-xe-khu-hanh-chinh-quan-pr591549.html,2026-05-15T11:07:57
phongtro123,"Căn Hộ Hồ Bơi mặt tiền Lê Văn Hiến, Quận Ngũ Hành Sơn, Đà Nẵng. Diện tích 35m2. Lh : 0702084310 (…",2.5 triệu/tháng,35,"Ngũ Hành Sơn, Đà Nẵng","Căn Hộ Hồ Bơi mặt tiền Lê Văn Hiến, Quận Ngũ Hành Sơn, Đà Nẵng. Diện tích 35m2. Lh : 0702084310 (… 2.5 triệu/tháng 30 m 2 Ngũ Hành Sơn, Đà Nẵng ‼‼Căn Hộ 1PN - 2 PN Cao Cấp Ở Ngũ Hành Sơn – Giảm Giá ngay 40% cho khách mới trong tháng 10/2021 chỉ từ 2tr5Mô tả:Tọa lạc tại mặt tiền Lê Văn Hiến… 4 năm trước",https://phongtro123.com/can-ho-ho-boi-mat-tien-le-van-hien-pr591377.html,2026-05-15T11:07:57
phongtro123,"Nhà cho thuê nguyên căn, có gác lửng tại K249/H83/19 Đường Hà Huy Tập, Phường Hòa Khê, Quận Thanh Khê",3 triệu/tháng,30,"Thanh Khê, Đà Nẵng","Nhà cho thuê nguyên căn, có gác lửng tại K249/H83/19 Đường Hà Huy Tập, Phường Hòa Khê, Quận Thanh Khê 3 triệu/tháng 30 m 2 Thanh Khê, Đà Nẵng Nhà cho thuê nguyên căn tại K249/H83/19 Đường Hà Huy Tập, Phường Hòa Khê, Quận Thanh KhêNhà mới, sạch sẽ có gác lửng, sân để xe.Trong kiệt 2m đường… 4 năm trước",https://phongtro123.com/nha-cho-thue-nguyen-can-co-gac-lung-pr591009.html,2026-05-15T11:07:57
phongtro123,"Trọ vip cho gia đình người đi làm giá mùa dịch tại 172/55/16 Đường Nam Trân, Phường Hòa Minh, Quận…",1.8 triệu/tháng,35,"Liên Chiểu, Đà Nẵng","Trọ vip cho gia đình người đi làm giá mùa dịch tại 172/55/16 Đường Nam Trân, Phường Hòa Minh, Quận… 1.8 triệu/tháng 35 m 2 Liên Chiểu, Đà Nẵng Chỉ cách bến xe Đà Nẵng 700m cách chợ Hòa Mỹ 600m cách công viên 100m cách chùa Bồ Đề 300m phòng rộng có gác lửng có bếp có tolet cư dân thân thiện phòng… 4 năm trước",https://phongtro123.com/tro-vip-cho-gia-dinh-nguoi-di-lam-gia-mua-dich-pr590844.html,2026-05-15T11:07:57
phongtro123,"Cho thuê phòng trọ giá rẻ, gần trường đại học,gần chợ,trung tâm thành phố đà nẵng",1.2 triệu/tháng,25,"Thanh Khê, Đà Nẵng","Cho thuê phòng trọ giá rẻ, gần trường đại học,gần chợ,trung tâm thành phố đà nẵng 1.2 triệu/tháng 25 m 2 Thanh Khê, Đà Nẵng Cho thuê phòng trọ tại đ/c K306/3 Đường Nguyễn Hoàng, Phường Vĩnh Trung, Quận Thanh Khê, Đà NẵngDiện tích sử dụng phòng: 25m2Giá thuê chỉ:… 4 năm trước",https://phongtro123.com/cho-thue-phong-tro-gia-re-gan-truong-dai-hoc-gan-cho-trung-tam-thanh-pho-da-nang-pr590825.html,2026-05-15T11:07:57
phongtro123,"Cho thuê phòng tại 18 Bình Hoà 10, Cẩm Lệ gần ĐH Kiến Trúc, Đông Á, gần bệnh viên Tâm Trí.",2 triệu/tháng,18,"Cẩm Lệ, Đà Nẵng","Cho thuê phòng tại 18 Bình Hoà 10, Cẩm Lệ gần ĐH Kiến Trúc, Đông Á, gần bệnh viên Tâm Trí. 2 triệu/tháng 18 m 2 Cẩm Lệ, Đà Nẵng Tiêu chí: Sạch sẽ - Gọn gàng - Mát mẻGần Chợ, Siêu thị, Trường ĐH Kiến Trúc, Dân trí Cao - An ninh tốt.Có chỗ để xe máy - xe ô tôPhòng ở tầng 2,… 4 năm trước",https://phongtro123.com/cho-thue-phong-gan-dh-kien-truc-dong-a-doi-dien-benh-vien-tam-tri-pr590731.html,2026-05-15T11:07:57
phongtro123,"Phòng trọ cao cấp giá hỗ trợ dịch có tại 172/55 Nam Trân, Phường Hòa Minh, Quận Liên Chiểu",1.8 triệu/tháng,35,"Liên Chiểu, Đà Nẵng","Phòng trọ cao cấp giá hỗ trợ dịch có tại 172/55 Nam Trân, Phường Hòa Minh, Quận Liên Chiểu 1.8 triệu/tháng 35 m 2 Liên Chiểu, Đà Nẵng Gần bến xe chỉ cách 700m nhà gần chợ Hòa Mỹ trong phòng có gác lửng có bếp có tolet và nhà xe riêng phòng rộng ở được nhiều người nhà có nhiều hướng… 4 năm trước",https://phongtro123.com/phong-tro-cao-cap-gia-ho-tro-dich-pr590655.html,2026-05-15T11:07:57
phongtro123,"Phòng trọ cao cấp cho gia đình gần bến xe ĐN tại 172/55/18 Tô Hiệu, Phường Hòa Minh, Quận Liên…",1.9 triệu/tháng,35,"Liên Chiểu, Đà Nẵng","Phòng trọ cao cấp cho gia đình gần bến xe ĐN tại 172/55/18 Tô Hiệu, Phường Hòa Minh, Quận Liên… 1.9 triệu/tháng 35 m 2 Liên Chiểu, Đà Nẵng phòng rộng mới ở được nhiều người phòng gần bên xe ĐN trong phòng có bếp tolet gác lửng phòng có điều hòa từ Nam Trân vào Bầu Năng 14 thẳng vào k06… 4 năm trước",https://phongtro123.com/phong-tro-cao-cap-cho-gia-dinh-gan-ben-xe-dn-pr590529.html,2026-05-15T11:08:01
phongtro123,"Cho thuê trọ phía sau trường Thái Phiên. đ/c 759/21 Trần Cao Vân, Phường Thanh Khê Đông, Quận Thanh Khê,…",2 triệu/tháng,40,"Thanh Khê, Đà Nẵng","Cho thuê trọ phía sau trường Thái Phiên. đ/c 759/21 Trần Cao Vân, Phường Thanh Khê Đông, Quận Thanh Khê,… 2 triệu/tháng 40 m 2 Thanh Khê, Đà Nẵng Trọ còn mới cho thuê giá sinh viên chỉ 2 triệu/tháng phòng mới, sạch sẽ, thoáng mátKhu an ninh, yên tĩnh, Phòng rộng 40m2Đ/c tại 759/21 Trần Cao Vân,… 4 năm trước",https://phongtro123.com/cho-thue-tro-phia-sau-truong-thai-phien-pr590509.html,2026-05-15T11:08:01
phongtro123,Cho nữ sinh viên/đã đi làm thuê trọ ngay trung tâm chỉ từ 1tr5 đến 2tr/tháng,1.5 triệu/tháng,20,"Hải Châu, Đà Nẵng","Cho nữ sinh viên/đã đi làm thuê trọ ngay trung tâm chỉ từ 1tr5 đến 2tr/tháng 1.5 triệu/tháng 20 m 2 Hải Châu, Đà Nẵng Cho thuê phòng trọ ngay khu trung tâm thành phố:- Nằm ở Hoàng Diệu, thông ra Nguyễn Hoàng, Lê Đình Lý, không gian yên tĩnh, thoáng đãng- Phòng ốc mới và… 4 năm trước",https://phongtro123.com/cho-nu-sinh-vien-da-di-lam-thue-phong-tro-ngay-trung-tam-pr590442.html,2026-05-15T11:08:01
phongtro123,"Cho thuê phòng trọ bà chính đ/c tại K160 Đường Tống Duy Tân, Phường Hòa Minh, Quận Liên Chiểu",1.2 triệu/tháng,15,"Liên Chiểu, Đà Nẵng","Cho thuê phòng trọ bà chính đ/c tại K160 Đường Tống Duy Tân, Phường Hòa Minh, Quận Liên Chiểu 1.2 triệu/tháng 15 m 2 Liên Chiểu, Đà Nẵng Cho thuê phòng trọ tại K160 Đường Tống Duy Tân, Phường Hòa Minh, Quận Liên Chiểu, Đà NẵngPhòng trọ thoáng mát,Có gác lửng rộng rãi, sinh hoạt thoải… 4 năm trước",https://phongtro123.com/cho-thue-phong-tro-ba-chinh-pr590420.html,2026-05-15T11:08:01
phongtro123,Căn hộ Có Hồ Bơi Bao Điện Nước - Ngay Trường ĐH Kinh Tế Đà Nẵng - Chỉ 4.5tr/Tháng,4.5 triệu/tháng,45,"Ngũ Hành Sơn, Đà Nẵng","Căn hộ Có Hồ Bơi Bao Điện Nước - Ngay Trường ĐH Kinh Tế Đà Nẵng - Chỉ 4.5tr/Tháng 4.5 triệu/tháng 45 m 2 Ngũ Hành Sơn, Đà Nẵng Phòng Căn Hộ Cao Cấp - giá ưu đãi cho Sinh Viên, Người đi làm và Hộ gia đình nhỏ: - Phòng ngủ : + Hạng: 1 phòng ngủ có 2 giường lớn cỡ Queen+ Hạng: 1… 4 năm trước",https://phongtro123.com/can-ho-co-ho-boi-bao-dien-nuoc-ngay-truong-dh-kinh-te-da-nang-chi-4-5tr-thang-pr590363.html,2026-05-15T11:08:01
phongtro123,"Phòng Căn Hộ Cao Cấp Giá Sinh Viên - Q.Ngũ Hành Sơn- Chỉ 4.5 triệu/tháng- Miễn Phí Điện,Nước,Wifi",4.5 triệu/tháng,45,"Ngũ Hành Sơn, Đà Nẵng","Phòng Căn Hộ Cao Cấp Giá Sinh Viên - Q.Ngũ Hành Sơn- Chỉ 4.5 triệu/tháng- Miễn Phí Điện,Nước,Wifi 4.5 triệu/tháng 45 m 2 Ngũ Hành Sơn, Đà Nẵng [HOT] Ezihome -Cho Thuê Dài Hạn Phòng/ Căn Hộ Giá Rẻ Đà Nẵng ĐẶC BIỆT: PHÒNG/CĂN HỘ CAO CẤP- GIÁ SINH VIÊN MIỄN PHÍ… 4 năm trước",https://phongtro123.com/phong-can-ho-cao-cap-gia-sinh-vien-q-ngu-hanh-son-chi-4-5-trieu-thang-mien-phi-dien-nuoc-wifi-pr590271.html,2026-05-15T11:08:01
phongtro123,Cần tìm phòng trọ cho sinh viên khu vực Mẹ Nhu hoặc Điện Biên Phủ,,0,"Thanh Khê, Đà Nẵng","Cần tìm phòng trọ cho sinh viên khu vực Mẹ Nhu hoặc Điện Biên Phủ Thỏa thuận 0 m 2 Thanh Khê, Đà Nẵng Cần tìm trọ khu vực gần mẹ nhu hoặc điện biên phủPhòng giá tầm 2 triệu trở lạiPhòng sạch sẽ an ninh tốt không chung chủ nam nữ ở được 4 năm trước",https://phongtro123.com/can-tim-phong-tro-cho-sinh-vien-pr590233.html,2026-05-15T11:08:01
phongtro123,"Cho thuê phòng trọ tại 18 Chơn tâm 3 (gần đường Nguyễn Khuyến), Hòa khành Nam, Liên Chiểu, Đà nẵng",1.7 triệu/tháng,15,"Liên Chiểu, Đà nẵng","Cho thuê phòng trọ tại 18 Chơn tâm 3 (gần đường Nguyễn Khuyến), Hòa khành Nam, Liên Chiểu, Đà nẵng 1.7 triệu/tháng 15 m 2 Liên Chiểu, Đà Nẵng Hiện tại mình còn 01 phòng trọ đang trống : Phòng rộng 15m2, có gác lửng và có sân phơi đồ và cổng để đảm bảo an toàn cho người thuê phòng. Phòng trọ… 4 năm trước",https://phongtro123.com/cho-thue-phong-tro-tai-18-chon-tam-3-gan-duong-nguyen-khuyen-hoa-khanh-nam-lien-chieu-da-nang-pr311721.html,2026-05-15T11:08:01
phongtro123,"Phòng trọ gần Đại học Đông Á, và Ngoại Ngữ. Hiện còn trống phòng từ 20m2. Liên hệ: 0908709712…",1.2 triệu/tháng,20,"Cẩm Lệ, Đà Nẵng","Phòng trọ gần Đại học Đông Á, và Ngoại Ngữ. Hiện còn trống phòng từ 20m2. Liên hệ: 0908709712… 1.2 triệu/tháng 20 m 2 Cẩm Lệ, Đà Nẵng Trọ 4 tầng 2 mặt tiền mới xây hiện đại, vệ sinh riêng từng phòng, phòng thoáng mát với cửa kính, rèm, có kệ bếp, nước nóng lạnh.Tiện ích: Tầng 1… 4 năm trước",https://phongtro123.com/phong-tro-gan-dh-dong-a-ngoai-ngu-pr590050.html,2026-05-15T11:08:01
phongtro123,"Căn hộ mini kiểu Studio có gác diện tích 25m2, full nội thất - Gần TTTP",3.5 triệu/tháng,25,"Thanh Khê, Đà Nẵng","Căn hộ mini kiểu Studio có gác diện tích 25m2, full nội thất - Gần TTTP 3.5 triệu/tháng 25 m 2 Thanh Khê, Đà Nẵng - Phòng ở gần trung tâm thành phố, vị trí ở giữa gần cả 2 cơ sở trường đại học Duy Tân, di chuyển cực thuận tiện, khu dân trí an ninh & sạch sẽ,… 4 năm trước",https://phongtro123.com/can-ho-mini-kieu-studio-co-gac-full-noi-that-gan-tttp-pr590000.html,2026-05-15T11:08:01
phongtro123,"Cho Thuê 3 Phòng trọ gần đại học kiến trúc, đông á. Sđt liên hệ: 0906544772 (Chú Hùng)",2 triệu/tháng,40,"Hải Châu, Đà Nẵng","Cho Thuê 3 Phòng trọ gần đại học kiến trúc, đông á. Sđt liên hệ: 0906544772 (Chú Hùng) 2 triệu/tháng 40 m 2 Hải Châu, Đà Nẵng Mình còn 3 phòng trọ mới xây. Sạch sẽ thoáng mát*Giờ giấc tự do*An ninh tốt*Không chung chủ*Có máy giặt và sân phơi*Có nhà để xe*Gần trường… 4 năm trước",https://phongtro123.com/cho-thue-3-phong-tro-gan-dai-hoc-kien-truc-dong-a-pr589956.html,2026-05-15T11:08:01
phongtro123,"Phòng trọ gần tượng mẹ Nhu đường Bàu Trảng 4, có gác lửng, thoáng mát.",1.6 triệu/tháng,20,"Thanh Khê, Đà Nẵng","Phòng trọ gần tượng mẹ Nhu đường Bàu Trảng 4, có gác lửng, thoáng mát. 1.6 triệu/tháng 20 m 2 Thanh Khê, Đà Nẵng Địa chỉ: 28 Đường Bàu Trảng 4, Phường Thanh Khê Tây, Quận Thanh Khê, Đà NẵngDiện tích: 20m2Giá thuê chỉ 1tr6/thángPhòng trọ không chung chủ.Nhà vệ… 4 năm trước",https://phongtro123.com/phong-tro-gan-tuong-me-nhu-duong-bau-trang-4-co-gac-lung-thoang-mat-pr589884.html,2026-05-15T11:08:01
phongtro123,"Phòng trọ giá rẻ tại 410 Đường Văn Tiến Dũng, Phường Hòa Xuân, Quận Cẩm Lệ, Đà Nẵng",2 triệu/tháng,20,"Cẩm Lệ, Đà Nẵng","Phòng trọ giá rẻ tại 410 Đường Văn Tiến Dũng, Phường Hòa Xuân, Quận Cẩm Lệ, Đà Nẵng 2 triệu/tháng 20 m 2 Cẩm Lệ, Đà Nẵng Chính chủ cho thuê phòng trọ tại số 410 văn tiến dũng. Phường Hòa Xuân . Quận Cẩm Lệ . Tp Đà Nẵng1. Vị trí:- Gần các chợ , sân vận động , trường… 4 năm trước",https://phongtro123.com/410-van-tien-dung-p-hoa-xuan-q-cam-le-tp-da-nang-pr589876.html,2026-05-15T11:08:01
phongtro123,"Cho thuê phòng mới xây Tôn Đản. Diện tích 24m2, giá thuê 2tr4/tháng",2.4 triệu/tháng,24,"Cẩm Lệ, Đà Nẵng","Cho thuê phòng mới xây Tôn Đản. Diện tích 24m2, giá thuê 2tr4/tháng 2.4 triệu/tháng 24 m 2 Cẩm Lệ, Đà Nẵng Cho thuê phòng trọ kiệt thông K408 Tôn Đản (K83 Bùi Hiển) mới xâyDiện tích:24m2Giá thuê: 2tr4Giá điện: 3.500đ/1 chữGiá nước:50k/1 ngườiBên em hỗ… 4 năm trước",https://phongtro123.com/cho-thue-phong-moi-xay-ton-dan-pr589872.html,2026-05-15T11:08:01
phongtro123,"Phòng trọ đường Lương Văn Can, Khuê Trung, Cẩm Lệ",3.1 triệu/tháng,30,"Cẩm Lệ, Đà Nẵng","Phòng trọ đường Lương Văn Can, Khuê Trung, Cẩm Lệ 3.1 triệu/tháng 30 m 2 Cẩm Lệ, Đà Nẵng KHAI TRƯƠNG PHÒNG TRỌ CAO CẤP ( ĐIỀU HOÀ, NÓNG LẠNH, BẾP TỪ ) ------Vị trí: Đường Lương Văn Can, Khuê Trung, Cẩm LệGẦN: Chợ đầu mối Hoà Cường,… 4 năm trước",https://phongtro123.com/phong-tro-duong-luong-van-can-khue-trung-cam-le-pr589871.html,2026-05-15T11:08:01
phongtro123,"Phòng trọ mới 100% gần ĐH Ngoại Ngữ, Kiến Trúc, Đông Á. Giá hạt dẻ chỉ từ 2.700.000đ",2.7 triệu/tháng,25,"Cẩm Lệ, Đà Nẵng","Phòng trọ mới 100% gần ĐH Ngoại Ngữ, Kiến Trúc, Đông Á. Giá hạt dẻ chỉ từ 2.700.000đ 2.7 triệu/tháng 25 m 2 Cẩm Lệ, Đà Nẵng KHAI TRƯƠNG PHÒNG TRỌ CAO CẤP ( ĐIỀU HOÀ, NÓNG LẠNH, BẾP TỪ )Giá hạt dẻ chỉ từ 3.100.000đ ------Vị trí: Đường Lương Văn Can, Khuê Trung, Cẩm… 4 năm trước",https://phongtro123.com/phong-tro-moi-100-gan-truong-dh-ngoai-ngu-kien-truc-dong-a-pr588503.html,2026-05-15T11:08:01
phongtro123,Phòng trọ giá rẽ tại Cẩm Lệ Đà Nẵng,2 triệu/tháng,120,"Cẩm Lệ, Đà Nẵng","Phòng trọ giá rẽ tại Cẩm Lệ Đà Nẵng 2 triệu/tháng 120 m 2 Cẩm Lệ, Đà Nẵng “ BÌNH HOUSE” – PHÒNG TRỌ CAO CẤP GIÁ TỐT - Với hệ thống hơn 24 phòng - Toà nhà mới xây gần cầu Hoà Xuân, gần Đông Á, Kiến Trúc, Đại Việt,… 4 năm trước",https://phongtro123.com/phong-tro-gia-re-tai-cam-le-da-nang-pr589765.html,2026-05-15T11:08:01
phongtro123,Cho thuê phòng ở đường Lý Triện - quận Thanh Khê,2.5 triệu/tháng,22,"Thanh Khê, Đà Nẵng","Cho thuê phòng ở đường Lý Triện - quận Thanh Khê 2.5 triệu/tháng 22 m 2 Thanh Khê, Đà Nẵng Cho thuê phòng ở mới, sạch sẽ, có gác lửng đã trang bị giường, tủ quần áo, TV, tủ lạnh, máy giặt. Phòng có đồng hồ điện nước riêng và tính theo… 4 năm trước",https://phongtro123.com/cho-thue-phong-o-duong-ly-trien-quan-thanh-khe-pr311326.html,2026-05-15T11:08:01
phongtro123,Cho thuê phòng trọ quận Hải châu 12m2,1.5 triệu/tháng,12,"Hải Châu, Đà Nẵng","Cho thuê phòng trọ quận Hải châu 12m2 1.5 triệu/tháng 12 m 2 Hải Châu, Đà Nẵng Cho thuê 02 phòng tại địa chỉ k08/25 #HÀN #MẶC #TỬ vị trí gần CHỢ ĐỐNG ĐA. các phòng có cửa sổ thoáng mát có 1 phòng có tủ đồ Khu vực an ninh… 4 năm trước",https://phongtro123.com/cho-thue-phong-tro-quan-hai-chau-12m2-pr589815.html,2026-05-15T11:08:01
phongtro123,"Phòng trọ giá rẽ cho sv/người đi làm, liên hệ 0762577434 xem phòng",1.8 triệu/tháng,20,"Sơn Trà, Đà Nẵng","Phòng trọ giá rẽ cho sv/người đi làm, liên hệ 0762577434 xem phòng 1.8 triệu/tháng 20 m 2 Sơn Trà, Đà Nẵng Phòng trọ sạch sẽ đường Nguyễn Công TrứKhu dân cư an ninh.Có sân để xe,bv 24/24.Phòng dt 20m2, vs trong.Wifi miễn phí, tốc độ cao.Phòng có cửa… 4 năm trước",https://phongtro123.com/phong-tro-gia-re-cho-sv-nguoi-di-lam-pr589781.html,2026-05-15T11:08:01
phongtro123,"Cho thuê tầng trệt nhà dt 5×25. Nằm khu Trung Nam Golden Hill, liên hệ 0909996250",3.5 triệu/tháng,125,"Liên Chiểu, Đà Nẵng","Cho thuê tầng trệt nhà dt 5×25. Nằm khu Trung Nam Golden Hill, liên hệ 0909996250 3.5 triệu/tháng 125 m 2 Liên Chiểu, Đà Nẵng Em cần cho thuê tầng trệt căn nhà Nằm trong khu Trung Nam Golden Hill.( ae làm công trình ở thời vụ cũng ok)Ngang 5×25m .Có sân để xe 5m.Nhà mới, sạch đẹp,… 4 năm trước",https://phongtro123.com/cho-thue-tang-tret-dt-5-25-loi-di-rieng-pr589715.html,2026-05-15T11:08:05
phongtro123,"Phòng trọ gần khu đô thị FPT, bên cạnh trường cao đẳng du lịch, đường Trà Khê 1",1.5 triệu/tháng,20,"Ngũ Hành Sơn, Đà Nẵng","Phòng trọ gần khu đô thị FPT, bên cạnh trường cao đẳng du lịch, đường Trà Khê 1 1.5 triệu/tháng 20 m 2 Ngũ Hành Sơn, Đà Nẵng Nằm trong khu đô thị FPT, đối diện FPT ComplexPhòng mới xây 100% sạch sẽ thoáng mát, yên tĩnh, có gác.Không ở chung chủ, hoạt động 24/7, giờ giấc tự… 4 năm trước",https://phongtro123.com/phong-tro-gan-khu-do-thi-fpt-ben-canh-truong-cao-dang-du-lich-pr589672.html,2026-05-15T11:08:05
phongtro123,"Lucky Homestay, Quận Hải Châu, TP.Đà Nẵng. Cho thuê phòng ở theo tháng",2.5 triệu/tháng,18,"Hải Châu, Đà Nẵng","Lucky Homestay, Quận Hải Châu, TP.Đà Nẵng. Cho thuê phòng ở theo tháng 2.5 triệu/tháng 18 m 2 Hải Châu, Đà Nẵng Cho thuê phòng ở theo tháng Lucky Homestay, Quận Hải Châu, TP Đà Nẵng. Cho thuê phòng trọ tại 46/18 đường Nguyễn Thành Hãn - Quận Hải Châu - Đà Nẵng.Giá:… 4 năm trước",https://phongtro123.com/lucky-homestay-quan-hai-chau-tp-da-nang-giam-30-tien-phong-o-thang-dau-tien-pr304339.html,2026-05-15T11:08:05
phongtro123,"Cho thuê phòng trọ cao cấp mới xây tại 132 Trần Quý Khoách, Hòa Minh, Đà Nẵng",2.2 triệu/tháng,20,"Liên Chiểu, Đà Nẵng","Cho thuê phòng trọ cao cấp mới xây tại 132 Trần Quý Khoách, Hòa Minh, Đà Nẵng 2.2 triệu/tháng 20 m 2 Liên Chiểu, Đà Nẵng CHO THUÊ PHÒNG TRỌ CAO CẤP MỚI XÂY (DỌN VÀO Ở NGAY) GIÁ: chỉ từ 2.200.000đ/thángĐịa chỉ: 132 Trần Quý Khoách, Hòa Minh, Liên Chiểu, Đà NẵngKhu… 4 năm trước",https://phongtro123.com/cho-thue-phong-tro-cao-cap-moi-xay-115-pr589416.html,2026-05-15T11:08:05
phongtro123,"Phòng cho thuê mới xây đẹp giá rẻ tại 84 Hồ Tùng Mậu, Phường Hòa Minh, Quận Liên Chiểu",4.5 triệu/tháng,30,"Liên Chiểu, Đà Nẵng","Phòng cho thuê mới xây đẹp giá rẻ tại 84 Hồ Tùng Mậu, Phường Hòa Minh, Quận Liên Chiểu 4.5 triệu/tháng 30 m 2 Liên Chiểu, Đà Nẵng CHO THUÊ PHÒNG QUẬN LIÊN CHIỂU GIÁ SIÊU KHUYẾN MÃIĐịa chỉ: 84 Hồ Tùng Mậu,Hòa Minh, Liên Chiểu, Đà NẵngĐầy đủ nội thất: Điều hòa, tivi, máy giặt,… 4 năm trước",https://phongtro123.com/phong-cho-thue-gia-re-moi-xay-dep-quan-lien-chieu-pr589644.html,2026-05-15T11:08:05
phongtro123,Nhà trọ mới tinh có điều hòa k408 Tôn Đản rộng 24m2 giá thuê 2tr4/tháng,2.4 triệu/tháng,24,"Cẩm Lệ, Đà Nẵng","Nhà trọ mới tinh có điều hòa k408 Tôn Đản rộng 24m2 giá thuê 2tr4/tháng 2.4 triệu/tháng 24 m 2 Cẩm Lệ, Đà Nẵng Có điều hòaCó bếpWifi freeChỗ để xe thoải máiGiờ về thoải máiCó đầy đủ đồ cần thiết để sử dụng chỉ việc vào ởTầm 14 ngày nữa là… 4 năm trước",https://phongtro123.com/nha-tro-co-dieu-hoa-k408-ton-dan-pr589382.html,2026-05-15T11:08:05
phongtro123,"Cho thuê phòng trọ đường Đỗ Đức Dục, Phường An Khê, Quận Thanh Khê, Đà Nẵng",2 triệu/tháng,25,"Thanh Khê, Đà Nẵng","Cho thuê phòng trọ đường Đỗ Đức Dục, Phường An Khê, Quận Thanh Khê, Đà Nẵng 2 triệu/tháng 25 m 2 Thanh Khê, Đà Nẵng Phòng mặt tiền Đường Đỗ Đức Dục, Phường An Khê, Quận Thanh Khê, Đà Nẵng ,Phòng mới, sạch sẽ thoáng mát rộng 25m2 rộng rãi có gác lững Vị trí… 4 năm trước",https://phongtro123.com/cho-thue-phong-tro-duong-do-duc-duc-pr589312.html,2026-05-15T11:08:05
phongtro123,"Phòng ở cho thuê đường Nguyễn Đức Trung, Quận Thanh Khê",2.5 triệu/tháng,20,"Thanh Khê, Đà Nẵng","Phòng ở cho thuê đường Nguyễn Đức Trung, Quận Thanh Khê 2.5 triệu/tháng 20 m 2 Thanh Khê, Đà Nẵng Ưu tiên đến xem phòng và đặt cọc trước.Phòng cho thuê, có gác lửng, toilet riêng từng phòng, có sân trước sau rộng rãi, không gian thoáng mát, có camera… 4 năm trước",https://phongtro123.com/tinh-thanh/da-nang/phong-tro-duong-tran-cao-van-18m2.html,2026-05-15T11:08:05
phongtro123,Phòng trọ cao cấp full nội thất đường Điện Biên Phủ,1.5 triệu/tháng,25,"Thanh Khê, Đà Nẵng","Phòng trọ cao cấp full nội thất đường Điện Biên Phủ 1.5 triệu/tháng 25 m 2 Thanh Khê, Đà Nẵng Phòng trọ cao cấp Đà Nẵng chuẩn khách sạn 1 sao Hải Vân Sơn- Diện tích : 20 m2- Yên tĩnh, thoáng mát,- Đầy đủ tiện nghi: Toilet, bàn ghế, giường nệm,… 4 năm trước",https://phongtro123.com/phong-tro-cao-cap-full-noi-that-duong-dien-bien-phu-pr312016.html,2026-05-15T11:08:05
phongtro123,"Cho thuê phòng full nội thất tại 187 Đường Nguyễn Hữu Thọ, Quận Hải Châu, Đà Nẵng",2.5 triệu/tháng,32,"Hải Châu, Đà Nẵng","Cho thuê phòng full nội thất tại 187 Đường Nguyễn Hữu Thọ, Quận Hải Châu, Đà Nẵng 2.5 triệu/tháng 32 m 2 Hải Châu, Đà Nẵng Địa chỉ mặt tiền 187 nguyễn hữu thọ quận hải châu - đà nẵng -Vị trí gần DH ngoại ngữ- cao đẳng bách khoa - DH đông á- DH duy tân. Cách chợ nguyễn… 4 năm trước",https://phongtro123.com/cho-thue-phong-tro-full-noi-that-187-nguyen-huu-tho-tt-tp-da-nang-pr589207.html,2026-05-15T11:08:05
phongtro123,"Phòng mới xây 100%, đường 5,5m, vỉa hè 3m thoáng mát sạch sẽ",1.5 triệu/tháng,5.5,"Cẩm Lệ, Đà Nẵng","Phòng mới xây 100%, đường 5,5m, vỉa hè 3m thoáng mát sạch sẽ 1.5 triệu/tháng 20 m 2 Cẩm Lệ, Đà Nẵng - Phòng mới xây 100% ,không chung chủ, mặt bằng kinh doanh được tầng trệt, đường 5,5m, vỉa hè 3m thoáng mát, đặc biệt khu dân cư đã có camera giám sát nên… 4 năm trước",https://phongtro123.com/phong-moi-xay-100-duong-5-5m-via-he-3m-thoang-mat-sach-se-pr588827.html,2026-05-15T11:08:05
phongtro123,"Căn hộ mini, giường dorm, ở ghép ktx, giá từ 3tr, 3tr5, giường tầng 990k",,30,"Sơn Trà, Đà Nẵng","Căn hộ mini, giường dorm, ở ghép ktx, giá từ 3tr, 3tr5, giường tầng 990k 990.000 đồng/tháng 30 m 2 Sơn Trà, Đà Nẵng PHÒNG TRỌ ,CĂN HỘ CHO THUÊ.giường tầng,ở ghép.Phòng full nội thất khép kínPhòng đầy đủ tiện nghi điều hòa nệm gar.free máy giặt,bếp nấu ăn… 4 năm trước",https://phongtro123.com/can-ho-mini-giuong-dorm-o-ghep-ktx-pr588693.html,2026-05-15T11:08:05
phongtro123,Cho thuê phòng trọ khu vực Thanh Khê (WIFI FREE),2 triệu/tháng,20,"Thanh Khê, Đà Nẵng","Cho thuê phòng trọ khu vực Thanh Khê (WIFI FREE) 2 triệu/tháng 20 m 2 Thanh Khê, Đà Nẵng CHO THUÊ PHÒNG TRỌ KHU VỰC THANH KHÊ - TP ĐÀ NẴNGĐịa chỉ: số k58/06 Nguyễn Đăng, Đà Nẵng (cách đường Hà Huy Tập 500m).Gần chợ, Vinmart,...Nếu học Duy… 4 năm trước",https://phongtro123.com/cho-thue-phong-tro-khu-vuc-thanh-khe-pr303611.html,2026-05-15T11:08:05
phongtro123,"Cho thuê phòng trọ tại Quận Hải Châu, TP Đà Nẵng.",2.5 triệu/tháng,25,"Hải Châu, Đà Nẵng","Cho thuê phòng trọ tại Quận Hải Châu, TP Đà Nẵng. 2.5 triệu/tháng 25 m 2 Hải Châu, Đà Nẵng Cho thuê phòng trọ diện tích 25 m2 tại đường Nguyễn Đôn Tiết, Q. Hải Châu, TP Đà Nẵng, gần chợ Đống Đa, bệnh viện, trường học. Phòng có gác lửng,… 4 năm trước",https://phongtro123.com/cho-thue-phong-tro-tai-quan-hai-chau-tp-da-nang-pr585811.html,2026-05-15T11:08:05
phongtro123,"Cho thuê phòng trọ Hải Châu, Đà Nẵng. Mức giá: 2.5 - 3.2 triệu VNĐ. Diện ích sử dụng: 22 - 35 m2",2.5 triệu/tháng,35,"Hải Châu, Đà Nẵng","Cho thuê phòng trọ Hải Châu, Đà Nẵng. Mức giá: 2.5 - 3.2 triệu VNĐ. Diện ích sử dụng: 22 - 35 m2 2.5 triệu/tháng 25 m 2 Hải Châu, Đà Nẵng Cho thuê phòng trọ mới xây.Địa chỉ: H63/1 K448 Trưng Nữ Vương, Hải Châu, Đà Nẵng.Mức giá: 2.5 - 3.2 triệu VNĐDiện ích sử dụng: 22 - 35 m2Tiện ích:… 4 năm trước",https://phongtro123.com/cho-thue-phong-tro-hai-chau-da-nang-pr588593.html,2026-05-15T11:08:05
phongtro123,"CHO THUÊ PHÒNG TRỌ GIÁ RẺ, HÒA XUÂN, QUẬN CẨM LỆ, TP ĐÀ NẴNG",1.3 triệu/tháng,20,"Cẩm Lệ, Đà Nẵng","CHO THUÊ PHÒNG TRỌ GIÁ RẺ, HÒA XUÂN, QUẬN CẨM LỆ, TP ĐÀ NẴNG 1.3 triệu/tháng 20 m 2 Cẩm Lệ, Đà Nẵng CÒN 1 PHÒNG TRỐNG CHO THUÊ GIÁ RẺ MÙA DỊCH .đường rộng 7,5m , lương khắc ninh , phường hòa xuân , quận cẩm lệ , tp đà nẵng .Phòng mới rộng rãi có… 4 năm trước",https://phongtro123.com/cho-thue-phong-tro-gia-re-hoa-xuan-quan-cam-le-tp-da-nang-pr585464.html,2026-05-15T11:08:05
phongtro123,"Phòng trọ chất lượng tại Khu ĐT Sinh thái Hòa Xuân, Cẩm Lệ, Đà Nẵng",1.7 triệu/tháng,18,"Cẩm Lệ, Đà Nẵng","Phòng trọ chất lượng tại Khu ĐT Sinh thái Hòa Xuân, Cẩm Lệ, Đà Nẵng 1.7 triệu/tháng 18 m 2 Cẩm Lệ, Đà Nẵng Phòng 18m2, khu để xe máy riêng, camera an ninh, giờ giấc tự do.Miễn phí sử dụng máy giặt, nước nóng NLMT hỗ trợ điện, internet wifi, vòi xịt rửa xe.… 4 năm trước",https://phongtro123.com/phong-tro-chat-luong-tai-khu-dt-sinh-thai-hoa-xuan-cam-le-da-nang-pr585432.html,2026-05-15T11:08:05
phongtro123,"Cho thuê phòng trọ trên đường Hoàng Thế Thiện Hòa Xuân, Ngay sau lưng Mega Market. Giá 2tr2 đến 2tr5…",2 triệu/tháng,30,"Cẩm Lệ, Đà Nẵng","Cho thuê phòng trọ trên đường Hoàng Thế Thiện Hòa Xuân, Ngay sau lưng Mega Market. Giá 2tr2 đến 2tr5… 2 triệu/tháng 30 m 2 Cẩm Lệ, Đà Nẵng CĂN HỘ CHO THUÊ ĐƯỜNG HOÀNG THẾ THIỆN⭕️- Đầy đủ tiện nghi: giường 1m8/chăn/drap/gối, cây phơi đồ, phòng vệ sinh riêng từng phòng- Tủ lạnh… 4 năm trước",https://phongtro123.com/cho-thue-phong-duong-hoang-the-thien-hoa-xuan-sau-lung-mega-market-pr588263.html,2026-05-15T11:08:05
phongtro123,"Cho thuê phòng trọ 291/23 Trần Cao Vân, Phường Xuân Hà, Quận Thanh Khê gần Lê Độ",1.5 triệu/tháng,20,"Thanh Khê, Đà Nẵng","Cho thuê phòng trọ 291/23 Trần Cao Vân, Phường Xuân Hà, Quận Thanh Khê gần Lê Độ 1.5 triệu/tháng 20 m 2 Thanh Khê, Đà Nẵng Cho thuê phòng trọ 291/23 Trần Cao Vân, Phường Xuân Hà, Quận Thanh Khê, Đà NẵngPhòng mới, sạch sẽ, thoáng mátPhòng có: Gác lững rộng, nhà vệ sinh sạch… 4 năm trước",https://phongtro123.com/cho-thue-phong-tro-tran-cao-van-gan-le-do-pr588262.html,2026-05-15T11:08:05
phongtro123,Phòng trọ 231 Lê Thanh Nghị quận Hải Châu 30m2 giá 2tr5/tháng,2.5 triệu/tháng,30,"Hải Châu, Đà Nẵng","Phòng trọ 231 Lê Thanh Nghị quận Hải Châu 30m2 giá 2tr5/tháng 2.5 triệu/tháng 30 m 2 Hải Châu, Đà Nẵng Phòng trọ Lê Thanh Nghị quận Hải Châu-phòng ốc rộng rãi ,thoáng mát ,sạch sẽ.-diện tích 30m2 , ngang 5m-wc riêng ,khéo kín ,có sân thượng phơi… 4 năm trước",https://phongtro123.com/phong-tro-le-thanh-nghi-quan-hai-chau-30m2-pr588181.html,2026-05-15T11:08:05
phongtro123,PHÒNG TRỌ MỚI XÂY RỘNG 30M2 ĐƯỜNG HOÀNG THẾ THIỆN,2.5 triệu/tháng,30,"Cẩm Lệ, Đà Nẵng","PHÒNG TRỌ MỚI XÂY RỘNG 30M2 ĐƯỜNG HOÀNG THẾ THIỆN 2.5 triệu/tháng 30 m 2 Cẩm Lệ, Đà Nẵng PHÒNG CHO THUÊ GẦN ĐẠI HỌC ĐÔNG Á⭕️- Đầy đủ tiện nghi: giường 1m8/chăn/drap/gối, cây phơi đồ, nhà vệ sinh riêng, điều hòa- Tủ lạnh chung- Bếp… 4 năm trước",https://phongtro123.com/phong-tro-moi-xay-rong-30m2-duong-hoang-the-thien-pr587246.html,2026-05-15T11:08:09
phongtro123,"Cho Thuê phòng trọ 15m2 có wc riêng, tại k158/69a Đường Trần Cao Vân ngay trung tâm Tp giá chỉ 1.5tr/tháng",1.5 triệu/tháng,15,"Thanh Khê, Đà Nẵng","Cho Thuê phòng trọ 15m2 có wc riêng, tại k158/69a Đường Trần Cao Vân ngay trung tâm Tp giá chỉ 1.5tr/tháng 1.5 triệu/tháng 15 m 2 Thanh Khê, Đà Nẵng Hiện tại mình còn 1 phòng trọ cho thuê giá 1tr5, tại 158/69A trần cao vân cách chợ mấy bước chân, trung tâm tp thuận tiện đi lại và làm việc.Phòng rộng… 4 năm trước",https://phongtro123.com/cho-thue-phong-tro-15-m2-co-wc-rieng-trung-tam-thanh-pho-gia-chi-1-5-tr-pr587975.html,2026-05-15T11:08:09
phongtro123,"Phòng trọ sinh viên giá chỉ 2 triệu/tháng tại 11 Nguyễn Xuân Khoát, Sơn Trà, Đà Nẵng",2 triệu/tháng,25,"Sơn Trà, Đà Nẵng","Phòng trọ sinh viên giá chỉ 2 triệu/tháng tại 11 Nguyễn Xuân Khoát, Sơn Trà, Đà Nẵng 2 triệu/tháng 25 m 2 Sơn Trà, Đà Nẵng ️ PHÒNG này có giá 2tr nè Phòng Trọ full nội thất - Giá sinh viên‍️ Tiện ích: full nội thất, điều hòa, nóng lạnh, FREE wifi, camera 24/24,...Địa chỉ:… 4 năm trước",https://phongtro123.com/phong-tro-sinh-vien-gia-re-da-nang-pr587793.html,2026-05-15T11:08:09
phongtro123,"Phòng trọ sinh viên, giá rẻ tại 485 Nguyễn Tất Thành, Phường Tam Thuận, Quận Thanh Khê",2 triệu/tháng,25,"Thanh Khê, Đà Nẵng","Phòng trọ sinh viên, giá rẻ tại 485 Nguyễn Tất Thành, Phường Tam Thuận, Quận Thanh Khê 2 triệu/tháng 25 m 2 Thanh Khê, Đà Nẵng Trống vài phòng trọ khu vực Sơn TràToà 11 Nguyễn Xuân Khoát ngay gần cầu sông Hàn, bên cạnh đường Phạm Văn Đồng. Chỉ cách biển 200m thôi… 4 năm trước",https://phongtro123.com/phong-tro-sinh-vien-gia-re-da-nang-2-pr587795.html,2026-05-15T11:08:09
phongtro123,"Phòng trọ mới xây quận Cẩm Lệ 20m, gần khu công nghiệp Hòa Cầm, chợ Hòa Cầm 200m",1.5 triệu/tháng,20,"Cẩm Lệ, Đà Nẵng","Phòng trọ mới xây quận Cẩm Lệ 20m, gần khu công nghiệp Hòa Cầm, chợ Hòa Cầm 200m 1.5 triệu/tháng 20 m 2 Cẩm Lệ, Đà Nẵng Phòng mới xây, ngay ngã ba Hòa Cầm, gần khu công nghiệp Hòa Cầm 300m, chợ Hòa Cầm 200m, bệnh viện trường học các cấp 200m.Có sân phơi và nhà để xe… 4 năm trước",https://phongtro123.com/phong-tro-moi-xay-quan-cam-le-20m-pr587692.html,2026-05-15T11:08:09
phongtro123,"Phòng trọ hộ gia đình Khuê Trung Cẩm Lệ khu an ninh, yên tĩnh",3 triệu/tháng,50,"Cẩm Lệ, Đà Nẵng","Phòng trọ hộ gia đình Khuê Trung Cẩm Lệ khu an ninh, yên tĩnh 3 triệu/tháng 50 m 2 Cẩm Lệ, Đà Nẵng Vị trí : K97/46 Cách mạng tháng 8Trung tâm Quận Cẩm Lệ, gần Metro, khu vui chơi giải trí, bệnh viện...?:-Diện tích: 45-50m2-Phòng có gác lửng thuận tiên… 4 năm trước",https://phongtro123.com/phong-tro-ho-gia-dinh-khue-trung-cam-le-pr587471.html,2026-05-15T11:08:09
phongtro123,"Phòng trọ cho thuê Đường Thanh Vinh 10, Phường Hòa Khánh Bắc, Quận Liên Chiểu",1.1 triệu/tháng,22,"Liên Chiểu, Đà Nẵng","Phòng trọ cho thuê Đường Thanh Vinh 10, Phường Hòa Khánh Bắc, Quận Liên Chiểu 1.1 triệu/tháng 22 m 2 Liên Chiểu, Đà Nẵng Cho thuê phòng trọ sạch sẽ thích hợp cho hộ gia đình ở lâu dài, WC riêng ,an ninh trật tự, có wi-fi.Địa chỉ: 237 Đường Thanh Vinh 10, Phường Hòa Khánh… 4 năm trước",https://phongtro123.com/phong-tro-cho-thue-jdjdjdjdjdjdj-pr587405.html,2026-05-15T11:08:09
phongtro123,"Cho thuê căn hộ đầy đủ tiện nghi Lê Đình Lý, Hải Châu",3 triệu/tháng,30,"Hải Châu, Đà Nẵng","Cho thuê căn hộ đầy đủ tiện nghi Lê Đình Lý, Hải Châu 3 triệu/tháng 30 m 2 Hải Châu, Đà Nẵng Cho thuê phòng trọ đầy đủ tiện nghi mới vừa xây xong, có đầy đủ đồ, ảnh thật phòng nha- Tủ Lạnh lớn dùng loại tiết kiệm điện, máy giặt lồng… 5 năm trước",https://phongtro123.com/cho-thue-can-ho-day-du-tien-nghi-le-dinh-ly-hai-chau-pr587351.html,2026-05-15T11:08:09
phongtro123,CHO THUÊ PHÒNG TRỌ ĐÀ NẴNG ĐỐI DIỆN BỆNH VIỆN TÂM TRÍ,2.2 triệu/tháng,25,"Cẩm Lệ, Đà Nẵng","CHO THUÊ PHÒNG TRỌ ĐÀ NẴNG ĐỐI DIỆN BỆNH VIỆN TÂM TRÍ 2.2 triệu/tháng 25 m 2 Cẩm Lệ, Đà Nẵng ️️GÓC CHO THUÊ TRỌ️️Trọ mới xây đường CMT8 - Hoà Cường Nam Vị trí: Đường CÁCH MẠNG THÁNG 8 Gần cầu Tiên Sơn, cầu Hoà Xuân Chỉ cách ĐH… 5 năm trước",https://phongtro123.com/cho-thue-phong-tro-da-nang-doi-dien-benh-vien-tam-tri-pr587120.html,2026-05-15T11:08:09
phongtro123,"Cho Thuê Nhà Trọ Sinh Viên (Sát Trường Cđ Thương Mại, Đại Học Thể Dục Thể Thao)",1 triệu/tháng,16,"Thanh Khê, Đà Nẵng","Cho Thuê Nhà Trọ Sinh Viên (Sát Trường Cđ Thương Mại, Đại Học Thể Dục Thể Thao) 1 triệu/tháng 16 m 2 Thanh Khê, Đà Nẵng Cho thuê nhà trọ sinh viên (sát trường cđ thương mại, đại học thể dục thể thao)địa chỉ 45b/24b Dũng Sĩ Thanh Khê diện tích 16m2 / 1 phòng, giá 1000k/1 phòng.… 5 năm trước",https://phongtro123.com/cho-thue-nha-tro-sinh-vien-sat-truong-cd-thuong-mai-dai-hoc-the-duc-the-thao-pr586886.html,2026-05-15T11:08:09
phongtro123,TÒA TRỌ GÁC LỬNG 2.000.000 GẦN ĐẠI HỌC KIẾN TRÚC,2 triệu/tháng,25,"Cẩm Lệ, Đà Nẵng","TÒA TRỌ GÁC LỬNG 2.000.000 GẦN ĐẠI HỌC KIẾN TRÚC 2 triệu/tháng 25 m 2 Cẩm Lệ, Đà Nẵng PHÒNG TRỌ MỚI, GIÁ LẠI CỰC RẺ [Chỉ từ 2.000.000]------Vị trí: Đường Chế Viết Tấn, gần cầu Hoà Xuân, khu đảo Vip.Gần… 5 năm trước",https://phongtro123.com/toa-tro-gac-lung-2-000-000-gan-dai-hoc-kien-truc-pr586722.html,2026-05-15T11:08:09
phongtro123,Cho thuê phòng trọ Khuê Trung - 1.5 trieu/tháng.,1.5 triệu/tháng,15,"Cẩm Lệ, Đà Nẵng","Cho thuê phòng trọ Khuê Trung - 1.5 trieu/tháng. 1.5 triệu/tháng 15 m 2 Cẩm Lệ, Đà Nẵng Diên tich 15m vuong, có cửa sổ, cho nấu ăn, tắm giặt và vệ sinh khép kín, bên ngoài có chỗ để xe máy, phơi đồ. Trong phòng đã trang bị giường, quạt, kệ… 5 năm trước",https://phongtro123.com/cho-thue-phong-tro-khue-trung-1-5-trieu-thang-pr586676.html,2026-05-15T11:08:09
phongtro123,Cho thuê phòng trọ gần trung tâm,1.9 triệu/tháng,15,"Thanh Khê, Đà Nẵng","Cho thuê phòng trọ gần trung tâm 1.9 triệu/tháng 15 m 2 Thanh Khê, Đà Nẵng Cho thuê phòng trọ tại K19/43 Mai Xuân Thưởng. Không ở cùng chủ, có gác đúc, khu dân cư an ninh, gần trung tâm. Có khu để xe máy, chỗ phơi đồ thuận tiện.… 5 năm trước",https://phongtro123.com/cho-thue-phong-tro-gan-trung-tam-pr586643.html,2026-05-15T11:08:09
phongtro123,"Cho thuê phòng trọ, chỗ ở an ninh tại Quận Liên Chiểu, Đà Nẵng",1.2 triệu/tháng,20,"Liên Chiểu, Đà Nẵng","Cho thuê phòng trọ, chỗ ở an ninh tại Quận Liên Chiểu, Đà Nẵng 1.2 triệu/tháng 20 m 2 Liên Chiểu, Đà Nẵng cho thuê phòng trọ diện tích 20-25m2 có toilet riêng, bếp, chỗ để xe phù hợp cho sinh viên, người đi làm 5 năm trước",https://phongtro123.com/cho-thue-phong-tro-cho-o-an-ninh-pr586588.html,2026-05-15T11:08:09
phongtro123,CHO THUÊ PHÒNG TRỌ TRUNG TÂM THÀNH PHỐ GIÁ MỀM,1.7 triệu/tháng,20,"Hải Châu, Đà Nẵng","CHO THUÊ PHÒNG TRỌ TRUNG TÂM THÀNH PHỐ GIÁ MỀM 1.7 triệu/tháng 20 m 2 Hải Châu, Đà Nẵng Có phòng trọ cho thuê tại đường Hoàn Diệu, thành phố Đà Nẵng. Giá mềm. Riêng biệt. Ngay trung tâm thành phố, thuận tiện đi lại. Liên hệ 0905233079. Cảm… 5 năm trước",https://phongtro123.com/cho-thue-phong-tro-trung-tam-thanh-pho-gia-mem-pr586547.html,2026-05-15T11:08:09
phongtro123,Phòng trọ đường Núi Thành 30 + 20m2,3 triệu/tháng,20,"Hải Châu, Đà Nẵng","Phòng trọ đường Núi Thành 30 + 20m2 3 triệu/tháng 30 m 2 Hải Châu, Đà Nẵng Phòng trọ cho thuê 30m2, Gồm 1 phòng ngủ, 1 WC, 1 bếp, 1 gác lửng 20m2, Có điều hòa 1 tháng thêm 500K 5 năm trước",https://phongtro123.com/phong-tro-duong-nui-thanh-30-20m2-pr586541.html,2026-05-15T11:08:09
phongtro123,Cho thuê phòng trọ có gác lửng,2.5 triệu/tháng,20,"Hải Châu, Đà Nẵng","Cho thuê phòng trọ có gác lửng 2.5 triệu/tháng 20 m 2 Hải Châu, Đà Nẵng PHÒNG TRỌ CHO THUÊ QUẬN CẨM LỆVị trí : đường Cách Mạng Tháng 8, Khuê Trung, Cẩm Lệ, Đà Nẵng, gần UBND quận Cẩm Lệ, cách Đại học Ngoại ngữ 5 phút… 5 năm trước",https://phongtro123.com/cho-thue-phong-tro-co-gac-lung-pr586417.html,2026-05-15T11:08:09
phongtro123,"Cho thuê Phòng số 4, 20m2, wc khép kín",1.6 triệu/tháng,20,"Liên Chiểu, Đà Nẵng","Cho thuê Phòng số 4, 20m2, wc khép kín 1.6 triệu/tháng 20 m 2 Liên Chiểu, Đà Nẵng Cho thuê phòng trọ số 4, diện tích 20m2, wc khép kín, sân phơi, để xe rộng rãi, camera an ninhGiá 1tr6, cọc 1 tháng, trả tiền từng thángƯu tiên: hộ gia… 5 năm trước",https://phongtro123.com/cho-thue-phong-so-4-20m2-wc-khep-kin-pr586340.html,2026-05-15T11:08:09
phongtro123,Địa chỉ 248/6 Cách Mạng Tháng 8 Phòng rộng có gác lững. Đường 5m5,1.8 triệu/tháng,5,"Cẩm Lệ, Đà Nẵng","Địa chỉ 248/6 Cách Mạng Tháng 8 Phòng rộng có gác lững. Đường 5m5 1.8 triệu/tháng 23 m 2 Cẩm Lệ, Đà Nẵng Cho thuê phòng trọ địa chỉ 248/6 Cách Mạng Tháng 8. Đường 5m5 .Diện tích 23m2.Có gác lửng.Giá 1,8 triệu tháng, phòng đường luồn.Giá 2,2 triệu tháng,… 5 năm trước",https://phongtro123.com/dia-chi-248-6-cach-mang-thang-8-duong-5m5-pr584604.html,2026-05-15T11:08:09
phongtro123,Cho thuê phòng trọ mới cao cấp,1.8 triệu/tháng,16,"Liên Chiểu, Đà Nẵng","Cho thuê phòng trọ mới cao cấp 1.8 triệu/tháng 16 m 2 Liên Chiểu, Đà Nẵng Phòng trọ khu 532 mới, cao cấp, tiện nghi, an ninh, có máy nóng lạnh, có bếp, máy giặt miễn phí, ở tầng cao có thang máy, wifi tốc độ cao. Khu vực yên tĩnh… 5 năm trước",https://phongtro123.com/cho-thue-phong-tro-moi-cao-cap-pr585122.html,2026-05-15T11:08:09
phongtro123,Phòng Trọ Quận Hải Châu Gần ĐH NGoại Ngữ,2 triệu/tháng,20,"Hải Châu, Đà Nẵng","Phòng Trọ Quận Hải Châu Gần ĐH NGoại Ngữ 2 triệu/tháng 20 m 2 Hải Châu, Đà Nẵng còn vài phòng gác lửng khu vực Hải Châu.Vệ sinh, nấu ăn khép kín, nhà để xe, khu cán bộ an ninh tốt, wifi free, camera 24/7. giờ giấc tự do, không chung chủ (… 5 năm trước",https://phongtro123.com/phong-tro-quan-hai-chau-gan-dh-ngoai-ngu-pr585914.html,2026-05-15T11:08:12
phongtro123,"Cần cho thuê nhà 1pn, có sân vườn giá rẻ tại Đà Nẵng",3.8 triệu/tháng,70,"Cẩm Lệ, Đà Nẵng","Cần cho thuê nhà 1pn, có sân vườn giá rẻ tại Đà Nẵng 3.8 triệu/tháng 70 m 2 Cẩm Lệ, Đà Nẵng Cần cho thuê nhà.k126/15 cách mạng t81 p khách,1phòng ngủ,1 sân vườnbên cạnh uỷ ban nhân dân phường khuê trungGiá 3.tr800/tháng) 5 năm trước",https://phongtro123.com/can-cho-thue-nha-gia-re-da-nang-pr585897.html,2026-05-15T11:08:12
phongtro123,"Cho thuê phòng trọ giá rẻ tại phường Xuân Hà, quận Thanh Khê, Đà Nẵng",1.2 triệu/tháng,13,"Thanh Khê, Đà Nẵng","Cho thuê phòng trọ giá rẻ tại phường Xuân Hà, quận Thanh Khê, Đà Nẵng 1.2 triệu/tháng 13 m 2 Thanh Khê, Đà Nẵng Cho thuê phòng trọ giá rẻ tại K368/1 Trần Cao Vân, Đà Nẵng. Nhà tư nhân 3 tầng, 3 phòng ngủ, diện tích mỗi phòng 13m2, có phòng để xe máy, phòng bếp ăn và… 5 năm trước",https://phongtro123.com/cho-thue-phong-tro-gia-re-tai-phuong-xuan-ha-quan-thanh-khe-da-nang-pr314873.html,2026-05-15T11:08:12
phongtro123,"Cho thuê phòng trọ ở trung tâm giá rẻ, gần chợ, gần trường học",1.2 triệu/tháng,18,"Hải Châu, Đà Nẵng","Cho thuê phòng trọ ở trung tâm giá rẻ, gần chợ, gần trường học 1.2 triệu/tháng 18 m 2 Hải Châu, Đà Nẵng Cần cho thuê phòng trọ có lối đi riêng, có gác lửng gần chợ Mới, gần trường học. Đi K408 Trưng Nữ Vương thẳng vào gặp cafe Bắp rẻ trái, chạy thẳng… 5 năm trước",https://phongtro123.com/cho-thue-phong-tro-o-trung-tam-gia-re-pr314905.html,2026-05-15T11:08:12
phongtro123,Cho thuê phòng trọ Cẩm Lệ 1.000.000đ thoáng mát rộng rãi,1 triệu/tháng,25,"Cẩm Lệ, Đà Nẵng","Cho thuê phòng trọ Cẩm Lệ 1.000.000đ thoáng mát rộng rãi 1 triệu/tháng 25 m 2 Cẩm Lệ, Đà Nẵng Cho thuê phòng trọ rộng rãi, thoáng mát, có chỗ để xe, sân chơi, phơi đồ. Khu vực an ninh cao, giờ giấc thoải mái, không chung chủ. Gần khu công nghiệp Hoà… 5 năm trước",https://phongtro123.com/cho-thue-phong-tro-cam-le-1tr2-thoang-mat-rong-rai-pr583923.html,2026-05-15T11:08:12
phongtro123,Phòng trọ 2 mặt tiền Liên Chiểu,2 triệu/tháng,2,"Liên Chiểu, Đà Nẵng","Phòng trọ 2 mặt tiền Liên Chiểu 2 triệu/tháng 30 m 2 Liên Chiểu, Đà Nẵng Phòng trọ 2 mặt tiền đường 10m5 vs 5m5. Phòng trọ mới xây, sạch đẹp, thoáng đãng có gác lửng nằm sau lưng bệnh viện ung bướu. Đối diện công viên,… 5 năm trước",https://phongtro123.com/phong-tro-2-mat-tien-lien-chieu-pr585059.html,2026-05-15T11:08:12
phongtro123,Phòng trọ tiện nghi gần trường đại học,2.5 triệu/tháng,25,"Hải Châu, Đà Nẵng","Phòng trọ tiện nghi gần trường đại học 2.5 triệu/tháng 25 m 2 Hải Châu, Đà Nẵng Phòng Trọ cao cấp tại 20 Tiên Sơn 18 , Hoà Cường Nam, Hải Châu, Đà NẵngPhòng Trọ cao cấp 36 Trần Đức Thảo, Hoà Cường Nam, Hải Châu, Đà Nẵng Giá Thue… 5 năm trước",https://phongtro123.com/cho-thue-phong-tro-va-mat-bang-kinh-doanh-tai-20-tien-son-18-pr314805.html,2026-05-15T11:08:12
phongtro123,"Cho thuê phòng trọ 30m2, nhà chỉ có 2 phòng, thoáng mát.",2 triệu/tháng,30,"Ngũ Hành Sơn, Đà Nẵng","Cho thuê phòng trọ 30m2, nhà chỉ có 2 phòng, thoáng mát. 2 triệu/tháng 30 m 2 Ngũ Hành Sơn, Đà Nẵng Phòng trọ tại đường Hải Triều, phường Hòa Hải, quận Ngũ Hành Sơn, Tp.Đà Nẵng Khu trọ chỉ có 2 phòng, có cổng riêng, chỗ để xe máy và phơi quần áo.… 5 năm trước",https://phongtro123.com/cho-thue-phong-tro-30m2-nha-chi-co-2-phong-thoang-mat-pr584972.html,2026-05-15T11:08:12
phongtro123,Cho thuê phòng trọ 249 Hà Huy Tập,2 triệu/tháng,18.5,"Thanh Khê, Đà Nẵng","Cho thuê phòng trọ 249 Hà Huy Tập 2 triệu/tháng 18.5 m 2 Thanh Khê, Đà Nẵng Có gác lửngPhòng màu hồng dễ thương mới sơnNhà được thiết kế theo phong cách hội anNằm ngay trung tâm, cách sân bay 3 cây, cách bến xe 1.5 cây, gần… 5 năm trước",https://phongtro123.com/cho-thue-phong-tro-249-ha-huy-tap-pr584950.html,2026-05-15T11:08:12
phongtro123,"Cho thuê phòng trọ gần Đại Học Duy Tân, gần bệnh viện Hoàn Mỹ, gần chợ Tân Lập, khg chung chủ,…",1.4 triệu/tháng,16,"Thanh Khê, Đà Nẵng","Cho thuê phòng trọ gần Đại Học Duy Tân, gần bệnh viện Hoàn Mỹ, gần chợ Tân Lập, khg chung chủ,… 1.4 triệu/tháng 16 m 2 Thanh Khê, Đà Nẵng Có đầy đủ nội thất, toilet riêng, có cửa sổ thoáng mát, trần bê tông, không chung chủ, ưu tiên sinh viên Duy Tân năm nhất hoặc đã đi làm , chỉ ở một… 5 năm trước",https://phongtro123.com/tinh-thanh/da-nang/cho-thue-phong-trogan-dai-hoc-duy-tan-gan-bv-hoan-mi-gan-cho-tan-lap.html,2026-05-15T11:08:12
phongtro123,"Cho thuê phòng trọ bình dân nơi có an ninh, trật tự",1.2 triệu/tháng,9,"Thanh Khê, Đà Nẵng","Cho thuê phòng trọ bình dân nơi có an ninh, trật tự 1.2 triệu/tháng 9 m 2 Thanh Khê, Đà Nẵng phòng nhỏ nhưng đủ ở 2 người, sạch sẽ, tường không bị hư, thoáng mát, lợp tôn gọn gàng, không dột, có 3 phòng giá từ 800,000đ đến 1,200,000đ 5 năm trước",https://phongtro123.com/cho-thue-phong-tro-binh-dan-noi-co-an-ninh-trat-tu-pr584720.html,2026-05-15T11:08:12
phongtro123,"PHÒNG RẺ 2,5tr - Thang Máy - Đủ Nội Thất",2.5 triệu/tháng,20,"Sơn Trà, Đà Nẵng","PHÒNG RẺ 2,5tr - Thang Máy - Đủ Nội Thất 2.5 triệu/tháng 20 m 2 Sơn Trà, Đà Nẵng NHANH KẺO HẾT- Phòng cho thuê tháng giá rẻ ngay 50 Lâm Hoành chỉ 2.5tr thôi . Có thang máy, nhiều loại phòng, đủ nội thất (TV, Tủ lạnh, máy lạnh, giường… 5 năm trước",https://phongtro123.com/phong-re-2-5tr-thang-may-du-noi-that-pr584458.html,2026-05-15T11:08:12
phongtro123,Nhà trọ bến xe trung tâm đầy đủ tiện nghi,2.4 triệu/tháng,15,"Liên Chiểu, Đà Nẵng","Nhà trọ bến xe trung tâm đầy đủ tiện nghi 2.4 triệu/tháng 15 m 2 Liên Chiểu, Đà Nẵng Cho thuê phòng trọ gần bến xe trung tâmPhòng-Gần bến xe , chợ hoà mỹ ...-cách trường đại học sư phạm 1km+ trường cao đẳng thương mại 1,5km+… 5 năm trước",https://phongtro123.com/nha-tro-ben-xe-trung-tam-day-du-tien-nghi-pr584282.html,2026-05-15T11:08:12
phongtro123,CHO THUÊ PHÒNG GIÁ HẤP DẪN GẦN CHỢ TAM GIÁC - NGAY TRUNG TÂM THÀNH PHỐ,2.5 triệu/tháng,30,"Hải Châu, Đà Nẵng","CHO THUÊ PHÒNG GIÁ HẤP DẪN GẦN CHỢ TAM GIÁC - NGAY TRUNG TÂM THÀNH PHỐ 2.5 triệu/tháng 30 m 2 Hải Châu, Đà Nẵng ~ Vị trí: 65/5 Đinh Tiên Hoàng ~ Giá chỉ 2tr700~ Điện 3k5; nước 50k/người; Free Wifi~ 1 phòng trọ rộng 25m2 có thể vào ở ngay - cam kết như hình~ Thiết… 5 năm trước",https://phongtro123.com/cho-thue-phong-gia-hap-dan-gan-cho-tam-giac-ngay-trung-tam-thanh-pho-pr584237.html,2026-05-15T11:08:12
phongtro123,"PHÒNG TRỌ GIÁ TỐT TẠI HẢI CHÂU- GẦN BIG C, ĐH SƯ PHẠM KỸ THUẬT,ĐH MỞ",2.5 triệu/tháng,25,"Hải Châu, Đà Nẵng","PHÒNG TRỌ GIÁ TỐT TẠI HẢI CHÂU- GẦN BIG C, ĐH SƯ PHẠM KỸ THUẬT,ĐH MỞ 2.5 triệu/tháng 25 m 2 Hải Châu, Đà Nẵng - Vị trí: Trung tâm thành phố, gần các trường Đại học trên địa bàn thành phố, gần trung tâm mua sắm, khu vui chơi giải trí & cách các địa điểm nổi… 5 năm trước",https://phongtro123.com/phong-tro-gia-tot-tai-hai-chau-gan-big-c-dh-su-pham-ky-thuat-dh-mo-pr584194.html,2026-05-15T11:08:12
phongtro123,Phòng trọ cao cấp BV 600 giường- Full nắng gió - An ninh camera - Tự do giờ giấc,2.2 triệu/tháng,25,"Ngũ Hành Sơn, Đà Nẵng","Phòng trọ cao cấp BV 600 giường- Full nắng gió - An ninh camera - Tự do giờ giấc 2.2 triệu/tháng 25 m 2 Ngũ Hành Sơn, Đà Nẵng PHÒNG TRỌ MỚI, VIEW PHÒNG ĐẸP, AN NINHPhòng trọ mới hoàn thành, thiết kế đẹp, công năng hợp lý như căn hộ.Trang bị phòng:- Tất cả phòng đều có… 5 năm trước",https://phongtro123.com/phong-tro-cao-cap-3-sao-ngu-hanh-son-an-ninh-camera-tu-do-gio-giac-pr311030.html,2026-05-15T11:08:12
phongtro123,"Cho thuê phòng trọ (khu vực Hải Châu, Đà Nẵng) (Đã hết phòng)",,18,"Hải Châu, Đà Nẵng","Cho thuê phòng trọ (khu vực Hải Châu, Đà Nẵng) (Đã hết phòng) Thỏa thuận 18 m 2 Hải Châu, Đà Nẵng Phòng trọ sạch sẽ, thoáng mát, nằm trong khu phố an ninh, yên tĩnh.Có nhà vệ sinh khép kín bên trong. Gần siêu thị, bệnh viện, đại học Đông Á,... Giá tiền… 5 năm trước",https://phongtro123.com/tinh-thanh/da-nang/cho-thue-phong-tro-khu-vuc-hai-chau-da-nang-da-het-phong.html,2026-05-15T11:08:12
phongtro123,Cho thuê phòng trọ giá mềm 1tr thoáng mát sạch sẽ có thể ở 2-3 người. Lh : 0793696582 ( quyên),1 triệu/tháng,20,"Ngũ Hành Sơn, Đà Nẵng","Cho thuê phòng trọ giá mềm 1tr thoáng mát sạch sẽ có thể ở 2-3 người. Lh : 0793696582 ( quyên) 1 triệu/tháng 20 m 2 Ngũ Hành Sơn, Đà Nẵng Cho thuê phòng trọ giá mềm 1tr thoáng mát sạch sẽ có thể ở 2-3 người.( giá trên chưa gồm điện & wifi ) .Có hiên phía trước rộng rãi 5 năm trước",https://phongtro123.com/cho-thue-phong-tro-gia-mem-1tr-thoang-mat-sach-se-co-the-o-2-3-nguoi-pr584077.html,2026-05-15T11:08:12
phongtro123,Phòng Trọ Đầy Đủ Tiện Nghi Quận Cẩm Lệ,2.5 triệu/tháng,30,"Cẩm Lệ, Đà Nẵng","Phòng Trọ Đầy Đủ Tiện Nghi Quận Cẩm Lệ 2.5 triệu/tháng 30 m 2 Cẩm Lệ, Đà Nẵng - Phòng đầy đủ tiện nghi, sạch sẽ thoáng mát. giờ giấc tự do ( chìa khóa riêng).- Trang bị: giường, nệm, tủ quần áo, bàn ghế, tủ lạnh , điều hòa,… 5 năm trước",https://phongtro123.com/phong-tro-day-du-tien-nghi-quan-cam-le-pr584054.html,2026-05-15T11:08:12
phongtro123,Phòng trọ điều hoà trung tâm thanh khê,2.2 triệu/tháng,25,"Thanh Khê, Đà Nẵng","Phòng trọ điều hoà trung tâm thanh khê 2.2 triệu/tháng 25 m 2 Thanh Khê, Đà Nẵng CHO THUÊ PHÒNG ĐIỀU HOÀ TRUNG TÂM THANH KHÊ, còn 2 phòng vào ở ngay Phòng rộng có quạt, điều hoà, giường nệm ,bếp, tolet riêng Wifi free, máy giặt và… 5 năm trước",https://phongtro123.com/phong-tro-dieu-hoa-trung-tam-thanh-khe-pr584014.html,2026-05-15T11:08:12
phongtro123,Cho thuê phòng trọ mặt tiền 65 Nguyễn Nhược Pháp phường Hòa Minh Liên Chiểu Đà Nẵng,2 triệu/tháng,25,"Liên Chiểu, Đà Nẵng","Cho thuê phòng trọ mặt tiền 65 Nguyễn Nhược Pháp phường Hòa Minh Liên Chiểu Đà Nẵng 2 triệu/tháng 25 m 2 Liên Chiểu, Đà Nẵng Cho thuê nhà trọ 3 tầng mới còn 2 phòng trống,trong đó có 1 mặt tiền.Phòng sạch sẽ thoáng mát.nhà thiết kế theo kiểu nhà nghỉ.thông gió tự nhiên.An ninh… 5 năm trước",https://phongtro123.com/cho-thue-phong-tro-mat-tien-65-nguyen-nhuoc-phap-phuong-hoa-minh-lien-chieu-da-nang-pr583994.html,2026-05-15T11:08:16
phongtro123,Cho thuê căn hộ mini Tạ Hiện - Hải Châu - Đà Nẵng - Đầy nắng và gió,3.5 triệu/tháng,25,"Hải Châu, Đà Nẵng","Cho thuê căn hộ mini Tạ Hiện - Hải Châu - Đà Nẵng - Đầy nắng và gió 3.5 triệu/tháng 25 m 2 Hải Châu, Đà Nẵng CHO THUÊ CĂN HỘ MỚI XÂY – TẠ HIỆN – HẢI CHÂU – Đầy nắng gióĐịa chỉ: 35 Tạ Hiện, P. Hòa Cường Bắc, Hải Châu, Đà Nẵng *** Phòng mới xây,… 5 năm trước",https://phongtro123.com/tinh-thanh/da-nang/cho-thue-can-ho-mini-ta-hien-hai-chau-da-nang-day-nang-va-gio.html,2026-05-15T11:08:16
phongtro123,Cho thuê phòng trọ Hoàng Thúc Trâm - Hải Châu – Đà Nẵng,3 triệu/tháng,20,"Hải Châu, Đà Nẵng","Cho thuê phòng trọ Hoàng Thúc Trâm - Hải Châu – Đà Nẵng 3 triệu/tháng 20 m 2 Hải Châu, Đà Nẵng CHO THUÊ PHÒNG TRỌ - MẶT TIỀN - ĐẦY ĐỦ TIỆN NGHIĐịa chỉ: 107 Hoàng Thúc Trâm, P. Hòa Cường Bắc, Hải Châu, Đà Nẵng ( Cắt đường Tiểu La )Phòng… 5 năm trước",https://phongtro123.com/tinh-thanh/da-nang/cho-thue-phong-tro-hoang-thuc-tram-hai-chau-da-nang.html,2026-05-15T11:08:16
phongtro123,"PHÒNG TRỌ GIÁ TỐT TẠI HẢI CHÂU - GẦN TRƯỜNG SƯ PHẠM KỸ THUẬT, ĐH MỞ",2.5 triệu/tháng,25,"Hải Châu, Đà Nẵng","PHÒNG TRỌ GIÁ TỐT TẠI HẢI CHÂU - GẦN TRƯỜNG SƯ PHẠM KỸ THUẬT, ĐH MỞ 2.5 triệu/tháng 25 m 2 Hải Châu, Đà Nẵng HAVILAND HOUSE - Hệ thống cho thuê PHÒNG TRỌ /CĂN HỘ / NHÀ NGUYÊN CĂN / VĂN PHÒNG LỚN Đà Nẵng---------------------------------------------------------------------Vị… 5 năm trước",https://phongtro123.com/phong-tro-gia-tot-tai-hai-chau-gan-truong-su-pham-ky-thuat-dh-mo-pr583966.html,2026-05-15T11:08:16
phongtro123,"PHÒNG TRỌ CAO CẤP TẠI TRUNG TÂM- GẦN BIG C, ĐH SƯ PHẠM KỸ THUẬT,ĐH MỞ",2.5 triệu/tháng,25,"Hải Châu, Đà Nẵng","PHÒNG TRỌ CAO CẤP TẠI TRUNG TÂM- GẦN BIG C, ĐH SƯ PHẠM KỸ THUẬT,ĐH MỞ 2.5 triệu/tháng 25 m 2 Hải Châu, Đà Nẵng HAVILAND HOUSE - Hệ thống cho thuê PHÒNG TRỌ /CĂN HỘ / NHÀ NGUYÊN CĂN / VĂN PHÒNG LỚN NHẤT Đà… 5 năm trước",https://phongtro123.com/phong-tro-cao-cap-tai-trung-tam-gan-big-c-dh-su-pham-ky-thuat-dh-mo-pr583965.html,2026-05-15T11:08:16
phongtro123,PHÒNG TRỌ CAO CẤP GIÁ RẺ TẠI ĐÀ NẴNG,2.5 triệu/tháng,25,"Cẩm Lệ, Đà Nẵng","PHÒNG TRỌ CAO CẤP GIÁ RẺ TẠI ĐÀ NẴNG 2.5 triệu/tháng 25 m 2 Cẩm Lệ, Đà Nẵng Thông tin chi tiết: HAVILAND HOUSE - Hệ thống cho thuê PHÒNG TRỌ /CĂN HỘ / NHÀ NGUYÊN CĂN / VĂN PHÒNG LỚN NHẤT Đà… 5 năm trước",https://phongtro123.com/phong-tro-cao-cap-gia-re-tai-da-nang-pr583963.html,2026-05-15T11:08:16
phongtro123,PHÒNG TRỌ GIÁ RẺ TRUNG TÂM ĐÀ NẴNG,2.5 triệu/tháng,20,"Hải Châu, Đà Nẵng","PHÒNG TRỌ GIÁ RẺ TRUNG TÂM ĐÀ NẴNG 2.5 triệu/tháng 20 m 2 Hải Châu, Đà Nẵng HAVILAND HOUSE - Hệ thống cho thuê PHÒNG TRỌ /CĂN HỘ / NHÀ NGUYÊN CĂN / VĂN PHÒNG LỚN NHẤT Đà NẵngVị trí : trung tâm thành phố, gần các trường Đại học… 5 năm trước",https://phongtro123.com/phong-tro-gia-re-trung-tam-da-nang-pr583962.html,2026-05-15T11:08:16
phongtro123,Phòng trọ 16m2 hoàng minh thảo,1 triệu/tháng,16,"Liên Chiểu, Đà Nẵng","Phòng trọ 16m2 hoàng minh thảo 1 triệu/tháng 16 m 2 Liên Chiểu, Đà Nẵng Phòng 16m2, wc trong phòng, có sân rộng, ko chung chủ, gần trường ĐH Duy Tân, cuối đường hoàng minh thảo và lê hiến mai. 5 năm trước",https://phongtro123.com/phong-tro-16m2-hoang-minh-thao-pr583873.html,2026-05-15T11:08:16
phongtro123,"PHÒNG TRỌ GIÁ TỐT HẢI CHÂU- GẦN BIG C, ĐH SƯ PHẠM KỸ THUẬT",2.5 triệu/tháng,22,"Hải Châu, Đà Nẵng","PHÒNG TRỌ GIÁ TỐT HẢI CHÂU- GẦN BIG C, ĐH SƯ PHẠM KỸ THUẬT 2.5 triệu/tháng 22 m 2 Hải Châu, Đà Nẵng Vị trí : trung tâm thành phố, gần các trường Đại học trên địa bàn thành phố, gần trung tâm mua sắm, khu vui chơi giải trí & cách các địa điểm nổi… 5 năm trước",https://phongtro123.com/phong-tro-gia-tot-hai-chau-gan-big-c-dh-su-pham-ky-thuat-pr583765.html,2026-05-15T11:08:16
phongtro123,PHÒNG TRỌ TIỂU LA GIÁ RẺ TRUNG TÂM THÀNH PHỐ,2.5 triệu/tháng,25,"Hải Châu, Đà Nẵng","PHÒNG TRỌ TIỂU LA GIÁ RẺ TRUNG TÂM THÀNH PHỐ 2.5 triệu/tháng 25 m 2 Hải Châu, Đà Nẵng HAVILAND HOUSE - Hệ thống cho thuê căn hộ / phòng LỚN Đà Nẵng cần cho thuê PHÒNG TRỌ TẠI TRUNG TÂM ĐÀ NẴNG với giá siêu rẻThông tin căn hộ như sau:- Vị… 5 năm trước",https://phongtro123.com/phong-tro-tieu-la-gia-re-trung-tam-thanh-pho-pr583763.html,2026-05-15T11:08:16
phongtro123,"HOT HOT HOT Phòng trọ sạch sẽ, tháng mát, tiện nghi",2.5 triệu/tháng,20,"Liên Chiểu, Đà Nẵng","HOT HOT HOT Phòng trọ sạch sẽ, tháng mát, tiện nghi 2.5 triệu/tháng 20 m 2 Liên Chiểu, Đà Nẵng Địa chỉ : 398 Kinh Dương Vương ,liên chiểu,Đà NẵngCăn hộ cao cấp tiện nghi cung cấp đầy đủ tiện ích:máy LẠNH , tủ lạnh,tủ quần áo, bếp… 5 năm trước",https://phongtro123.com/hot-hot-hot-phong-tro-sach-se-thang-mat-tien-nghi-pr313191.html,2026-05-15T11:08:16
phongtro123,"PHÒNG TRỌ GIÁ TỐT TẠI CẨM LỆ -GẦN ĐH ĐÔNG Á, KIẾN TRÚC",2.5 triệu/tháng,25,"Cẩm Lệ, Đà Nẵng","PHÒNG TRỌ GIÁ TỐT TẠI CẨM LỆ -GẦN ĐH ĐÔNG Á, KIẾN TRÚC 2.5 triệu/tháng 25 m 2 Cẩm Lệ, Đà Nẵng HAVILAND HOUSE - Hệ thống cho thuê căn hộ / phòng LỚN Đà Nẵng cần cho thuê PHÒNG TRỌ TẠI TRUNG TÂM ĐÀ NẴNG với giá siêu rẻThông tin căn hộ như sau:- Vị… 5 năm trước",https://phongtro123.com/phong-tro-gia-tot-tai-cam-le-gan-dh-dong-a-kien-truc-pr583682.html,2026-05-15T11:08:16
phongtro123,"CHO THUÊ PHÒNG TRỌ NẠI HIÊN ĐÔNG, SƠN TRÀ",1.5 triệu/tháng,25,"Sơn Trà, Đà Nẵng","CHO THUÊ PHÒNG TRỌ NẠI HIÊN ĐÔNG, SƠN TRÀ 1.5 triệu/tháng 25 m 2 Sơn Trà, Đà Nẵng Mình còn phòng trọ cho thuê tại 70 Giáp Hải, 02 Ngô Thì Hương, Sơn Trà.Bạn nào có nhu cầu thì liên hệ mình nhé! KIM LANRất cảm ơn bạn! 5 năm trước",https://phongtro123.com/cho-thue-phong-tro-nai-hien-dong-son-tra-pr583622.html,2026-05-15T11:08:16
phongtro123,PHÒNG TRỌ GIÁ RẺ TRUNG TÂM THÀNH PHỐ ĐÀ NẴNG,2.5 triệu/tháng,25,"Hải Châu, Đà Nẵng","PHÒNG TRỌ GIÁ RẺ TRUNG TÂM THÀNH PHỐ ĐÀ NẴNG 2.5 triệu/tháng 25 m 2 Hải Châu, Đà Nẵng HAVILAND HOUSE - Hệ thống cho thuê căn hộ / phòng LỚN Đà Nẵng cần cho thuê PHÒNG TRỌ TẠI TRUNG TÂM ĐÀ NẴNG với giá siêu rẻThông tin căn hộ như sau:- Vị… 5 năm trước",https://phongtro123.com/phong-tro-gia-re-trung-tam-thanh-pho-da-nang-pr583488.html,2026-05-15T11:08:16
phongtro123,PHÒNG TRỌ GIÁ TỐT FULL NỘI THẤT GẦN ĐH KINH TẾ,3.5 triệu/tháng,45,"Ngũ Hành Sơn, Đà Nẵng","PHÒNG TRỌ GIÁ TỐT FULL NỘI THẤT GẦN ĐH KINH TẾ 3.5 triệu/tháng 45 m 2 Ngũ Hành Sơn, Đà Nẵng HAVILAND HOUSE - Hệ thống cho thuê PHÒNG TRỌ /CĂN HỘ / NHÀ NGUYÊN CĂN / VĂN PHÒNG LỚN Đà Nẵng Vị trí: Đường Nguyễn Đức Thuận, Gần bệnh viên 600… 5 năm trước",https://phongtro123.com/phong-tro-gia-tot-full-noi-that-gan-dh-kinh-te-pr583485.html,2026-05-15T11:08:16
phongtro123,"PHÒNG TRỌ GIÁ RẺ TẠI TRUNG TÂM- GẦN BIG C, ĐH SƯ PHẠM KỸ THUẬT",2.5 triệu/tháng,25,"Hải Châu, Đà Nẵng","PHÒNG TRỌ GIÁ RẺ TẠI TRUNG TÂM- GẦN BIG C, ĐH SƯ PHẠM KỸ THUẬT 2.5 triệu/tháng 25 m 2 Hải Châu, Đà Nẵng HAVILAND HOUSE - Hệ thống cho thuê căn hộ / phòng LỚN Đà Nẵng cần cho thuê PHÒNG TRỌ TẠI TRUNG TÂM ĐÀ NẴNG với giá siêu rẻ Thông tin căn hộ như sau: -… 5 năm trước",https://phongtro123.com/phong-tro-gia-re-tai-trung-tam-gan-big-c-dh-su-pham-ky-thuat-pr583422.html,2026-05-15T11:08:16
phongtro123,PHÒNG TRỌ GIÁ RẺ TẠI TRUNG TÂM- GẦN CẦU RỒNG,2.5 triệu/tháng,25,"Hải Châu, Đà Nẵng","PHÒNG TRỌ GIÁ RẺ TẠI TRUNG TÂM- GẦN CẦU RỒNG 2.5 triệu/tháng 25 m 2 Hải Châu, Đà Nẵng HAVILAND HOUSE - Hệ thống cho thuê căn hộ / phòng LỚN Đà Nẵng cần cho thuê PHÒNG TRỌ TẠI TRUNG TÂM ĐÀ NẴNG với giá siêu rẻ Thông tin căn hộ như sau: -… 5 năm trước",https://phongtro123.com/phong-tro-gia-re-tai-trung-tam-gan-cau-rong-pr583421.html,2026-05-15T11:08:16
phongtro123,"PHÒNG TRỌ GIÁ RẺ TẠI CẨM LỆ -GẦN ĐH ĐÔNG Á, KIẾN TRÚC",2.5 triệu/tháng,25,"Cẩm Lệ, Đà Nẵng","PHÒNG TRỌ GIÁ RẺ TẠI CẨM LỆ -GẦN ĐH ĐÔNG Á, KIẾN TRÚC 2.5 triệu/tháng 25 m 2 Cẩm Lệ, Đà Nẵng HAVILAND HOUSE - Hệ thống cho thuê căn hộ / phòng LỚN Đà Nẵng cần cho thuê PHÒNG TRỌ TẠI TRUNG TÂM ĐÀ NẴNG với giá siêu rẻ Thông tin căn hộ như sau: -… 5 năm trước",https://phongtro123.com/phong-tro-gia-re-tai-cam-le-gan-dh-dong-a-kien-truc-pr583420.html,2026-05-15T11:08:16
phongtro123,PHÒNG TRỌ GIÁ TỐT TRUNG TÂM THÀNH PHỐ ĐÀ NẴNG,2.5 triệu/tháng,25,"Hải Châu, Đà Nẵng","PHÒNG TRỌ GIÁ TỐT TRUNG TÂM THÀNH PHỐ ĐÀ NẴNG 2.5 triệu/tháng 25 m 2 Hải Châu, Đà Nẵng HAVILAND HOUSE - Hệ thống cho thuê PHÒNG TRỌ /CĂN HỘ / NHÀ NGUYÊN CĂN / VĂN PHÒNG LỚN Đà Nẵng -Vị trí : trung tâm thành phố, gần các trường Đại học… 5 năm trước",https://phongtro123.com/phong-tro-gia-tot-trung-tam-thanh-pho-da-nang-pr583419.html,2026-05-15T11:08:16
phongtro123,Phong trọ cho thuê siêu đẹp. Diện tích 30m2,2.2 triệu/tháng,30,"Cẩm Lệ, Đà Nẵng","Phong trọ cho thuê siêu đẹp. Diện tích 30m2 2.2 triệu/tháng 30 m 2 Cẩm Lệ, Đà Nẵng Giá thì nhà trọ nhưng fong thì như căn hộchỉ còn 3 phòng duy nhất siêu đẹp dành cho gia đình và các bạn thích rộng rãi và sạch sẽ_vị trí không khí… 5 năm trước",https://phongtro123.com/phong-tro-cho-thue-sieu-dep-30m2-pr583416.html,2026-05-15T11:08:16
phongtro123,Cho thuê căn hộ sát bên cạnh chợ Non Nước - Ngũ Hành Sơn,2 triệu/tháng,32,"Ngũ Hành Sơn, Đà Nẵng","Cho thuê căn hộ sát bên cạnh chợ Non Nước - Ngũ Hành Sơn 2 triệu/tháng 32 m 2 Ngũ Hành Sơn, Đà Nẵng Cho thuê căn hộ sát bên cạnh chợ Non Nước - Ngũ Hành Sơn (06 Nam Thành)- Nằm ở vị trí 2 mặt tiền, diện tích 32m2, có gác lửng rộng rãi, thiết bị vệ… 5 năm trước",https://phongtro123.com/cho-thue-can-ho-sat-ben-canh-cho-non-nuoc-ngu-hanh-son-pr583273.html,2026-05-15T11:08:20
phongtro123,"Phòng trọ giá rẻ bình dân chỉ từ 700k - 1 triệu đồng gần chợ Thanh Khê siêu thị Coopmart, an ninh",,10,"Thanh Khê, Đà Nẵng","Phòng trọ giá rẻ bình dân chỉ từ 700k - 1 triệu đồng gần chợ Thanh Khê siêu thị Coopmart, an ninh 700.000 đồng/tháng 10 m 2 Thanh Khê, Đà Nẵng Cho thuê phòng trò giá rẻ bình dân, dành cho sinh viên,những người có thu nhập thấp giá chỉ từ 700k - 1 triệu/ thángCó nhiều loại phòng từ 10m2 - 20m2 tùy… 5 năm trước",https://phongtro123.com/phong-tro-gia-re-binh-dan-chi-voi-1-trieu-dong-gan-cho-thanh-khe-sieu-thi-coopmart-an-ninh-pr311500.html,2026-05-15T11:08:20
phongtro123,Cho thuê phòng trọ giành cho nữ,1.5 triệu/tháng,15,"Thanh Khê, Đà Nẵng","Cho thuê phòng trọ giành cho nữ 1.5 triệu/tháng 15 m 2 Thanh Khê, Đà Nẵng Cho thuê phòng trọ giành cho nữ giá cả thương lượng, vì ở trong trung tâm thành phố nên rất thuận lợi cho các bạn nữ học Duy Tân Phan Thanh. Phòng vệ sinh… 5 năm trước",https://phongtro123.com/cho-thue-phong-tro-gianh-cho-nu-pr583220.html,2026-05-15T11:08:20
phongtro123,"Phòng trọ giá rẻ, khu dân trí cao, an ninh tốt",1 triệu/tháng,12,"Sơn Trà, Đà Nẵng","Phòng trọ giá rẻ, khu dân trí cao, an ninh tốt 1 triệu/tháng 12 m 2 Sơn Trà, Đà Nẵng Phòng trọ giá rẻ, khu dân trí cao, khu vực an ninh tốt, gần biển, gần trường học, xung quanh buôn bán sầm uất. Phòng trọ yên tĩnh 5 năm trước",https://phongtro123.com/phong-tro-gia-re-khu-dan-tri-cao-an-ninh-tot-pr583196.html,2026-05-15T11:08:20
phongtro123,"CHO THUÊ PHÒNG TẠI KHÁCH SẠN VIEW BIỂN, GẦN NÚI NGŨ HÀNH SƠN",2.5 triệu/tháng,30,"Ngũ Hành Sơn, Đà Nẵng","CHO THUÊ PHÒNG TẠI KHÁCH SẠN VIEW BIỂN, GẦN NÚI NGŨ HÀNH SƠN 2.5 triệu/tháng 30 m 2 Ngũ Hành Sơn, Đà Nẵng CHO THUÊ PHÒNG TẠI KHÁCH SẠNKhu vực gần sát biển, không khí trong lành, yên tĩnh, tập thể dục thể thao, tắm biểnXem chi… 5 năm trước",https://phongtro123.com/cho-thue-phong-tai-khach-san-view-bien-gan-nui-ngu-hanh-son-pr583195.html,2026-05-15T11:08:20
phongtro123,Cho thuê phòng trọ sinh viên gần đh bách khoa đà nẵng,1 triệu/tháng,25,"Liên Chiểu, Đà Nẵng","Cho thuê phòng trọ sinh viên gần đh bách khoa đà nẵng 1 triệu/tháng 25 m 2 Liên Chiểu, Đà Nẵng Cho thuê phòng trọ sinh viên gần đại học bách khoa, trường kế hoạch, gần chợ hoà khánh. Thoáng mát yên tĩnh, an ninh. Giá tốt cho sinh viên đầu năm mới. 5 năm trước",https://phongtro123.com/cho-thue-phong-tro-sinh-vien-gan-dh-bach-khoa-da-nang-pr583157.html,2026-05-15T11:08:20
phongtro123,Phòng trọ sinh viên giá rẻ gần các trường Đại học trên phố,1.5 triệu/tháng,18,"Ngũ Hành Sơn, Đà Nẵng","Phòng trọ sinh viên giá rẻ gần các trường Đại học trên phố 1.5 triệu/tháng 18 m 2 Ngũ Hành Sơn, Đà Nẵng Phòng trọ thoáng mát,sạch sẽ,giờ giấc tự do,gần sông,gần biển.gần chợ Bắc Mỹ an.xa chủ.đối diện trường đại học kinh tế. 5 năm trước",https://phongtro123.com/phong-tro-sinh-vien-gia-re-gan-cac-truong-dai-hoc-tren-pho-pr583021.html,2026-05-15T11:08:20
phongtro123,"Phòng trọ cho thuê giá rẻ, có máy giặt chung, bảo vệ 24/24",2.3 triệu/tháng,20,"Cẩm Lệ, Đà Nẵng","Phòng trọ cho thuê giá rẻ, có máy giặt chung, bảo vệ 24/24 2.3 triệu/tháng 20 m 2 Cẩm Lệ, Đà Nẵng Phòng trọ thoáng, sạch sẽ, an ninh giá siêu rẻ Vị trí: K5/3 Trần Huy Liệu, gần ĐH Đông Á, Kiến Trúc, Ngoại ngữ- Phòng có gác lửng: 2tr3 - 2tr5- Có… 5 năm trước",https://phongtro123.com/phong-tro-cho-thue-gia-re-co-may-giat-chung-bao-ve-24-24-pr583002.html,2026-05-15T11:08:20
phongtro123,Cho thuê phòng trọ 06 Nam Sơn 3,1 triệu/tháng,12,"Hải Châu, Đà Nẵng","Cho thuê phòng trọ 06 Nam Sơn 3 1 triệu/tháng 12 m 2 Hải Châu, Đà Nẵng Cần cho thuê phòng trọ tại 06 Nam Sơn 3, P. Hòa Cường Bắc, Q. Hải Châu, Đà Nẵng, sau lưng bệnh viện Mắt.Diện tích: 12m2, WC riêng, giờ giấc thoải mái, khu… 5 năm trước",https://phongtro123.com/cho-thue-phong-tro-06-nam-son-3-pr582974.html,2026-05-15T11:08:20
phongtro123,"Phòng trọ có gác 1.4tr sạch sẽ, an ninh Bình Kỳ ĐN",1.4 triệu/tháng,30,"Ngũ Hành Sơn, Đà Nẵng","Phòng trọ có gác 1.4tr sạch sẽ, an ninh Bình Kỳ ĐN 1.4 triệu/tháng 30 m 2 Ngũ Hành Sơn, Đà Nẵng Phòng trọ có gác lửng, tổng diện tích sử dụng 27m2, địa chỉ ở tổ 19 đường Bình Kỳ, hoà quý, ngũ hành sơn, đà nẵng.Giá 1,4tr/tháng .Phòng trống là… 5 năm trước",https://phongtro123.com/phong-tro-co-gac-1-4tr-sach-se-an-ninh-binh-ky-dn-pr582916.html,2026-05-15T11:08:20
phongtro123,"Cho thuê phòng trọ- Địa chỉ: Đường Mỹ an 6, Phường Mỹ an, Quận Ngũ hành Sơn, Đà nẵng",1.5 triệu/tháng,15,"Ngũ hành Sơn, Đà nẵng","Cho thuê phòng trọ- Địa chỉ: Đường Mỹ an 6, Phường Mỹ an, Quận Ngũ hành Sơn, Đà nẵng 1.5 triệu/tháng 15 m 2 Ngũ Hành Sơn, Đà Nẵng CHO THUÊ PHÒNG TRỌĐịa chỉ: Đường Mỹ An 6, phường Mỹ An, Quận Ngũ hành Sơn, Thành phố Đà nẵngĐối diện Trường Đại học Kinh tế Đà nẵng, gần… 5 năm trước",https://phongtro123.com/cho-thue-phong-tro-dia-chi-duong-my-an-6-phuong-my-an-quan-ngu-hanh-son-da-nang-pr582902.html,2026-05-15T11:08:20
phongtro123,Phòng trọ tiện nghi giá tốt gần Lê Văn Hiến,3 triệu/tháng,30,"Ngũ Hành Sơn, Đà Nẵng","Phòng trọ tiện nghi giá tốt gần Lê Văn Hiến 3 triệu/tháng 30 m 2 Ngũ Hành Sơn, Đà Nẵng -Có thể share phòng ở nhiều người-Diện tích 30m2-Không gian hiện đại, trang bị đầy đủ: giường nệm, tivi, máy lạnh, máy giặt, tủ lạnh mini, khu… 5 năm trước",https://phongtro123.com/phong-tro-tien-nghi-gia-tot-gan-le-van-hien-pr314703.html,2026-05-15T11:08:20
phongtro123,Nhà trọ quận thanh khê 24m2. Gác lững gỗ 10m2. Gần trung tâm chợ siêu thị trường học bệnh viện,2.8 triệu/tháng,24,"Thanh Khê, Đà Nẵng","Nhà trọ quận thanh khê 24m2. Gác lững gỗ 10m2. Gần trung tâm chợ siêu thị trường học bệnh viện 2.8 triệu/tháng 24 m 2 Thanh Khê, Đà Nẵng Nhà độc lập thuận tiện gần chợ siêu thị trường học bv. Thuận tiên. Nhà rộng 24m2. Gác lững 10m2. Khu dân cư tốt. Nhà thoánh thích họep cho hộ gia đình 5 năm trước",https://phongtro123.com/nha-tro-quan-thanh-khe-24m2-gac-lung-go-10m2-gan-trung-tam-cho-sieu-thi-truong-hoc-benh-vien-pr582829.html,2026-05-15T11:08:20
phongtro123,"Cho thuê mặt bằng, phòng trọ tại 31 Nguyễn khuyến Đà Nẵng Liên Chiểu Đà Nẵng",2.5 triệu/tháng,25,"Liên Chiểu, Đà Nẵng","Cho thuê mặt bằng, phòng trọ tại 31 Nguyễn khuyến Đà Nẵng Liên Chiểu Đà Nẵng 2.5 triệu/tháng 25 m 2 Liên Chiểu, Đà Nẵng Mình có 1 mặt bằng tại 31 Nguyễn Khuyến , Hòa Khánh Nam , Liên Chiểu Đà nẵng. Phòng rộng 25m2, có 2 phòng thông nhau, có sân phơi, sân để xe, có cổng ra vào… 5 năm trước",https://phongtro123.com/cho-thue-mat-bang-phong-tro-tai-18-chon-tam-3-nguyen-khuyen-lien-chie-da-nang-1-pr582758.html,2026-05-15T11:08:20
phongtro123,Phòng trọ mới xây đường Võ Văn Tần,1.8 triệu/tháng,20,"Thanh Khê, Đà Nẵng","Phòng trọ mới xây đường Võ Văn Tần 1.8 triệu/tháng 20 m 2 Thanh Khê, Đà Nẵng Phòng trọ mới xây đường Võ Văn Tần có nhiều phòng với các mức giá 1,7 tr - 2,2tr cho khách chọn. Phòng có gác lừng, toilet, bếp riêng. Khu vực để xe rộng,… 5 năm trước",https://phongtro123.com/phong-tro-moi-xay-duong-vo-van-tan-pr582633.html,2026-05-15T11:08:20
phongtro123,Nhà biệt thự cho thuê phòng trọ,,50,"Thanh Khê, Đà Nẵng","Nhà biệt thự cho thuê phòng trọ 500.000 đồng/tháng 50 m 2 Thanh Khê, Đà Nẵng Cho nữ thuê trọ, ở sạch sẽ, giá 500.000/ tháng, mọi chi tiết xin liên hệ 0903340195 không cho ở ghép. Bao điện nước 5 năm trước",https://phongtro123.com/nha-biet-thu-cho-thue-phong-tro-pr582583.html,2026-05-15T11:08:20
phongtro123,️GÓC CHO THUÊ PHÒNG TRỌ ĐƯỜNG NGUYỄN VĂN THOẠI️,1.2 triệu/tháng,25,"Ngũ Hành Sơn, Đà Nẵng","️GÓC CHO THUÊ PHÒNG TRỌ ĐƯỜNG NGUYỄN VĂN THOẠI️ 1.2 triệu/tháng 25 m 2 Ngũ Hành Sơn, Đà Nẵng ️GÓC CHO THUÊ PHÒNG TRỌ ĐƯỜNG NGUYỄN VĂN THOẠI️Phòng đơn: 2tr5/ tháng (chưa điện nước)️Phòng Ktx nữ: 1.200k/1 người/tháng( bao điện nước).️Các… 5 năm trước",https://phongtro123.com/goc-cho-thue-phong-tro-duong-nguyen-van-thoai-2-pr582565.html,2026-05-15T11:08:20
phongtro123,️CHO THUÊ PHÒNG TRỌ ĐƯỜNG NGUYỄN VĂN THOẠI️,1.2 triệu/tháng,25,"Ngũ Hành Sơn, Đà Nẵng","️CHO THUÊ PHÒNG TRỌ ĐƯỜNG NGUYỄN VĂN THOẠI️ 1.2 triệu/tháng 25 m 2 Ngũ Hành Sơn, Đà Nẵng Cho thuê phòng trọ:Phòng mới, cao cấp, hiện đại với 2 sự lựa chọn: Giá thuê 2tr5/ tháng (chưa điện nước) cho 1 phòng đơn rộng rãiTiết kiệm chi phí… 5 năm trước",https://phongtro123.com/goc-cho-thue-phong-tro-duong-nguyen-van-thoai-1-pr582564.html,2026-05-15T11:08:20
phongtro123,Phòng trọ gia đình Liên Chiểu 40 m2,1.3 triệu/tháng,40,"Liên Chiểu, Đà Nẵng","Phòng trọ gia đình Liên Chiểu 40 m2 1.3 triệu/tháng 40 m 2 Liên Chiểu, Đà Nẵng có thể ở gia đình 3 người. có 2 gian, 1 wc. có cổng và chỗ phơi đồ, để xe máy.trả tiền theo quý 3 tháng 5 năm trước",https://phongtro123.com/phong-tro-gia-dinh-lien-chieu-40-m2-pr582448.html,2026-05-15T11:08:20
phongtro123,"Còn 1 phòng cho thuê, ưu tiên người ở lâu dài.",3.5 triệu/tháng,30,"Ngũ Hành Sơn, Đà Nẵng","Còn 1 phòng cho thuê, ưu tiên người ở lâu dài. 3.5 triệu/tháng 30 m 2 Ngũ Hành Sơn, Đà Nẵng Diện tích: 30m2Phòng trọ thoáng mát, không gian yên tĩnh, chỗ để xe rộng rãi, chị chủ cực kì dễ tính.Đầy đủ nội thất chỉ việc xách vali vào… 5 năm trước",https://phongtro123.com/con-1-phong-cho-thue-uu-tien-nguoi-o-lau-dai-pr580269.html,2026-05-15T11:08:20
phongtro123,Cho Thuê Phòng Trọ Sạch Sẽ và An Toàn,2 triệu/tháng,20,"Sơn Trà, Đà Nẵng","Cho Thuê Phòng Trọ Sạch Sẽ và An Toàn 2 triệu/tháng 20 m 2 Sơn Trà, Đà Nẵng Cần cho thuê Phòng trọ đẹp còn mới sạch sẽKhu an ninhCửa sổ thoáng mátCó một số nội thấtLH: 0905096136 gặp Nguyệt 5 năm trước",https://phongtro123.com/cho-thue-phong-tro-sach-se-va-an-toan-pr580267.html,2026-05-15T11:08:24
phongtro123,Mình đang có 1 phòng trọ cho thuê diện tích: 20m2 có cả gác lửng,1.8 triệu/tháng,20,"Thanh Khê, Đà Nẵng","Mình đang có 1 phòng trọ cho thuê diện tích: 20m2 có cả gác lửng 1.8 triệu/tháng 20 m 2 Thanh Khê, Đà Nẵng Nơi ở thoáng mát, cạnh bờ sông, an ninh đảm bảo, tiện nghi đầy đủ.Nơi ở có wifi, có gác lửng, toilet riêng.Gần tượng mẹ Nhu, cầu vượt Ngã Ba Huế,… 5 năm trước",https://phongtro123.com/minh-dang-co-1-phong-tro-cho-thue-dien-tich-20m2-co-ca-gac-lung-pr318047.html,2026-05-15T11:08:24
phongtro123,Cho thuê phòng trọ phù hợp cho người độc thân hoặc sinh viên,1.8 triệu/tháng,20,"Hải Châu, Đà Nẵng","Cho thuê phòng trọ phù hợp cho người độc thân hoặc sinh viên 1.8 triệu/tháng 20 m 2 Hải Châu, Đà Nẵng Phòng mới xây, diện tích 20m2, ở khu dân cư yên tĩnh, thoáng mát, có chỗ để xe, phơi đồ. Bếp và nhà vệ sinh khép kín, chủ nhà dễ thương vui vẻ. Phù hợp… 5 năm trước",https://phongtro123.com/cho-thue-phong-tro-phu-hop-cho-nguoi-doc-than-hoac-sinh-vien-pr318041.html,2026-05-15T11:08:24
phongtro123,"Phòng trọ 27m2, có ban công, thoáng mát",2 triệu/tháng,27,"Sơn Trà, Đà Nẵng","Phòng trọ 27m2, có ban công, thoáng mát 2 triệu/tháng 27 m 2 Sơn Trà, Đà Nẵng Cho thuê phòng trọ mới có điều hòa tại Mân Thái, Sơn Trà, Đà Nẵng. Phòng rộng dãi, thoáng mát, có điều hòa. Vệ sinh khép kín, bếp nấu ăn, kho để… 5 năm trước",https://phongtro123.com/phong-tro-27m2-co-ban-cong-thoang-mat-pr317900.html,2026-05-15T11:08:24
phongtro123,"Cho thuê phòng trọ 78 phước lý 10, phòng rộng, mới, sạch sẽ",1.7 triệu/tháng,20,"Liên Chiểu, Đà Nẵng","Cho thuê phòng trọ 78 phước lý 10, phòng rộng, mới, sạch sẽ 1.7 triệu/tháng 20 m 2 Liên Chiểu, Đà Nẵng Cho thuê phòng trọ khu vực Liên chiểu hoà minh️️Gần trường Đh duy tânCách chợ 150mChủ dễ tính , hiền lành ????????Phòng rộng , thoáng mát sạch sẽ ,… 5 năm trước",https://phongtro123.com/cho-thue-phong-tro-78-phuoc-ly-10-pr317759.html,2026-05-15T11:08:24
phongtro123,"Cho thuê phòng trọ sạch đẹp ngay trung tâm, đường 3 tháng 2, Hải Châu chỉ với 3tr/tháng",3 triệu/tháng,20,"Hải Châu, Đà Nẵng","Cho thuê phòng trọ sạch đẹp ngay trung tâm, đường 3 tháng 2, Hải Châu chỉ với 3tr/tháng 3 triệu/tháng 20 m 2 Hải Châu, Đà Nẵng Cho thuê phòng trọ sạch đẹp ngay trung tâm, đường 3 tháng 2, Hải Châu chỉ với 3tr/tháng- Diện tích 20m2 gồm bếp, phòng tắm, máy lạnh,tủ lạnh... đầy… 5 năm trước",https://phongtro123.com/cho-thue-phong-tro-sach-dep-ngay-trung-tam-duong-3-thang-2-hai-chau-chi-voi-3tr-thang-pr317656.html,2026-05-15T11:08:24
phongtro123,PHÒNG TRỌ ĐƯỜNG TẠ HIỆN - QUẬN HẢI CHÂU ĐÀ NẴNG,3 triệu/tháng,25,"Hải Châu, Đà Nẵng","PHÒNG TRỌ ĐƯỜNG TẠ HIỆN - QUẬN HẢI CHÂU ĐÀ NẴNG 3 triệu/tháng 25 m 2 Hải Châu, Đà Nẵng PHÒNG TRỌ QUẬN HẢI CHÂU - ĐẦY NẮNG VÀ GIÓĐịa chỉ: 35 Tạ Hiện, P. Hòa Cường Bắc, Hải Châu, Đà Nẵng ( Cắt đường Tiểu La, Lê Thanh Nghị)Phòng… 5 năm trước",https://phongtro123.com/tinh-thanh/da-nang/cho-thue-phong-tro-quan-hai-chau-da-nang.html,2026-05-15T11:08:24
phongtro123,Cho thuê phòng trọ giá rẻ trung tâm Đà Nẵng,1.1 triệu/tháng,13,"Hải Châu, Đà Nẵng","Cho thuê phòng trọ giá rẻ trung tâm Đà Nẵng 1.1 triệu/tháng 13 m 2 Hải Châu, Đà Nẵng Phòng trọ giá rẻ trung tâm thành phố Đà Nẵng, không chung chủ, có chỗ để xe riêng, tiện lợi trong việc đi lại 5 năm trước",https://phongtro123.com/cho-thue-phong-tro-gia-re-trung-tam-da-nang-pr317629.html,2026-05-15T11:08:24
phongtro123,Cho thuê phòng trọ 24m2 gần chợ Hòa Cầm,1.4 triệu/tháng,24,"Cẩm Lệ, Đà Nẵng","Cho thuê phòng trọ 24m2 gần chợ Hòa Cầm 1.4 triệu/tháng 24 m 2 Cẩm Lệ, Đà Nẵng Nhà mới, sạch đẹp, gần chợ, bệnh viện, khu vực an ninh, yên tĩnh, phù hợp gia đình ở. Chỉ còn 1 phòng duy nhất. 5 năm trước",https://phongtro123.com/cho-thue-phong-tro-24m2-gan-cho-hoa-cam-pr317542.html,2026-05-15T11:08:24
phongtro123,Nhà trọ cao cấp cho gia đình hoặc sinh viên.,3 triệu/tháng,30,"Thanh Khê, Đà Nẵng","Nhà trọ cao cấp cho gia đình hoặc sinh viên. 3 triệu/tháng 30 m 2 Thanh Khê, Đà Nẵng Cho thuê nhà trọ kiệt Hà Huy Tập 30m2. Rộng rãi, thoáng mát, an toàn. Giá 3tr đến 3,5triệu. Liên hệ 0912 168 777. 5 năm trước",https://phongtro123.com/nha-tro-cao-cap-cho-gia-dinh-hoac-sinh-vien-pr317433.html,2026-05-15T11:08:24
phongtro123,"Phòng trọ cho thuê gần Lotte mart, ĐH Kiến trúc, Đông Á",1.7 triệu/tháng,18,"Hải Châu, Đà Nẵng","Phòng trọ cho thuê gần Lotte mart, ĐH Kiến trúc, Đông Á 1.7 triệu/tháng 18 m 2 Hải Châu, Đà Nẵng Cần cho thuê nhà trọ đường Nguyễn Sơn - 4 tầng mới được xây dựng. Nhà ở mặt đường 7m5 thoáng đãng. Phòng thoáng mát, không chung chủ, giờ giấc tự… 5 năm trước",https://phongtro123.com/phong-tro-cho-thue-gan-lotte-mart-dh-kien-truc-dong-a-pr317332.html,2026-05-15T11:08:24
phongtro123,"Cần cho thuê phòng rộng đẹp thoáng mát ở Trưng Nữ Vương, Q.Hải Châu",3 triệu/tháng,25,"Hải Châu, Đà Nẵng","Cần cho thuê phòng rộng đẹp thoáng mát ở Trưng Nữ Vương, Q.Hải Châu 3 triệu/tháng 25 m 2 Hải Châu, Đà Nẵng Cần cho thuê phòng đẹp thoáng mát + Nhà thoáng đẹp* Địa chỉ: * Tiêu chuẩn: wifi, giờ giấc tự do, chổ để xe an toàn, có thể 3 người mà giá vẫn… 5 năm trước",https://phongtro123.com/can-cho-thue-phong-rong-dep-thoang-mat-o-trung-nu-vuong-q-hai-chau-pr317255.html,2026-05-15T11:08:24
phongtro123,"Homstay, phòng trọ giá sẻ thnhachs hợp cho những người thich không gian sống 1 mình",1.3 triệu/tháng,1,"Ngũ Hành Sơn, Đà Nẵng","Homstay, phòng trọ giá sẻ thnhachs hợp cho những người thich không gian sống 1 mình 1.3 triệu/tháng 8 m 2 Ngũ Hành Sơn, Đà Nẵng - phòng đơn 1 người 1 phòng có bàn làm việc và tủ kệ đựng đồ sẵn trong phòng (thính hợp chk cả nam và nữ )- không gian sinh hoạt chung thoải mái, tiện… 5 năm trước",https://phongtro123.com/homstay-phong-tro-gia-se-thnhachs-hop-cho-nhung-nguoi-thich-khong-gian-song-1-minh-pr317213.html,2026-05-15T11:08:24
phongtro123,Cho thuê phòng trọ đường CMT8 quận Cẩm Lệ 25m2,1.5 triệu/tháng,25,"Cẩm Lệ, Đà Nẵng","Cho thuê phòng trọ đường CMT8 quận Cẩm Lệ 25m2 1.5 triệu/tháng 25 m 2 Cẩm Lệ, Đà Nẵng - Diện tích sử dụng : 20-25m2 (có gác), bếp, toilet trang bị đầy đủ- Cuối đường Cách Mạng Tháng 8, ngay chân cầu vượt Hòa Cầm, hẻm rộng 4m, cách… 5 năm trước",https://phongtro123.com/cho-thue-phong-tro-duong-cmt8-quan-cam-le-25m2-pr317151.html,2026-05-15T11:08:24
phongtro123,"Cho thuê phòng trọ rộng rãi, an ninh ngay trung tâm Đà Nẵng",2.5 triệu/tháng,30,"Hải Châu, Đà Nẵng","Cho thuê phòng trọ rộng rãi, an ninh ngay trung tâm Đà Nẵng 2.5 triệu/tháng 30 m 2 Hải Châu, Đà Nẵng - Diện tích 30m2, có gác lửng.- Phòng sạch sẽ, có nhà vệ sinh, wifi, điện nước đầy đủ, có thể vào dọn ở luôn.- Khu vực an ninh, yên tĩnh, giờ giấc… 5 năm trước",https://phongtro123.com/cho-thue-phong-tro-trung-tam-thanh-pho-da-nang-gan-san-bay-truong-dai-hoc-pr314074.html,2026-05-15T11:08:24
phongtro123,"Cho thuê phòng trọ mới đẹp, Đủ nội thất, cửa sổ thoáng mát",1.7 triệu/tháng,25,"Cẩm Lệ, Đà Nẵng","Cho thuê phòng trọ mới đẹp, Đủ nội thất, cửa sổ thoáng mát 1.7 triệu/tháng 25 m 2 Cẩm Lệ, Đà Nẵng Phòng trọ mới, rộng rãi, sạch đẹp tại Số 38 - 40 Lương Định Của, Cẩm Lệ, Đà NẵngPhòng có gácGiờ giấc sinh hoạt tự doCó hầm để xe an ninh,… 5 năm trước",https://phongtro123.com/cho-thue-phong-tro-moi-dep-du-noi-that-cua-so-thoang-mat-pr316346.html,2026-05-15T11:08:24
phongtro123,Cho thuê phòng trọ mới xây đầy đủ tiện nghi,3 triệu/tháng,30,"Thanh Khê, Đà Nẵng","Cho thuê phòng trọ mới xây đầy đủ tiện nghi 3 triệu/tháng 30 m 2 Thanh Khê, Đà Nẵng Cho thuê phòng trọ đầy đủ tiện nghi mới vừa xây xong kiệt 814A Trần Cao Vân, (gần Hà Huy Tập, Điện Biên Phủ, cách biển Nguyễn Tất Thành 150m)- Diện… 5 năm trước",https://phongtro123.com/tinh-thanh/da-nang/cho-thue-phong-tro-moi-xay-day-du-tien-nghi-23.html,2026-05-15T11:08:24
phongtro123,Cho thuê phòng trọ 25m2 ở gần CMT8 Đà Nẵng,1.5 triệu/tháng,25,"Cẩm Lệ, Đà Nẵng","Cho thuê phòng trọ 25m2 ở gần CMT8 Đà Nẵng 1.5 triệu/tháng 25 m 2 Cẩm Lệ, Đà Nẵng Cho thuê phòng trọ ở lê văn an ( cẩm lệ ) gàn đường cách mạng tháng 8 , nguyễn hữu thọ, gần chợ cẩm lệ, siêu thị metro, có toilet riêng, có sân thượng… 5 năm trước",https://phongtro123.com/cho-thue-phong-tro-25m2-o-gan-cmt8-da-nang-pr311530.html,2026-05-15T11:08:24
phongtro123,Phòng trọ 20m2 đường Nguyễn Tri Phương ĐN,1.8 triệu/tháng,20,"Hải Châu, Đà Nẵng","Phòng trọ 20m2 đường Nguyễn Tri Phương ĐN 1.8 triệu/tháng 20 m 2 Hải Châu, Đà Nẵng Phòng rộng 20mét vuông mê đúc có gác, vệ sinh khép kín. Trung tâm TP, Gần sân bay, chợ, BV và các trường đh. ANTT rất tốt, camera 24/24. Có sân rộng rãi thoáng… 5 năm trước",https://phongtro123.com/phong-tro-20m2-duong-nguyen-tri-phuong-dn-pr316430.html,2026-05-15T11:08:24
phongtro123,Phòng trọ 20m2 có gác lửng cao quận Thanh Khê,2 triệu/tháng,20,"Thanh Khê, Đà Nẵng","Phòng trọ 20m2 có gác lửng cao quận Thanh Khê 2 triệu/tháng 20 m 2 Thanh Khê, Đà Nẵng HOT HOT HOT10 phòng trọ chính chủ mới xây xong đang đợi các bạn xách vali vào ở. Địa chỉ: K43/03C Mẹ Nhu, quận Thanh Khê (Hẻm to và cụt = rất an… 5 năm trước",https://phongtro123.com/phong-tro-20m2-co-gac-lung-cao-quan-thanh-khe-pr316393.html,2026-05-15T11:08:24
phongtro123,"Phòng trọ 25m²,đường Lý Thường Kiệt,Q.Hải Châu, TP. Đà Nẵng.",2.3 triệu/tháng,25,"Hải Châu, Đà Nẵng","Phòng trọ 25m²,đường Lý Thường Kiệt,Q.Hải Châu, TP. Đà Nẵng. 2.3 triệu/tháng 25 m 2 Hải Châu, Đà Nẵng Có nhiều Phòng cho Thuê*Dt : 20m2 _ Giá thuê thỏa thuận: 2,3 triệu / tháng.*Dt : 25 m2 _ Giá thuê thỏa thuận: 2,5 triệu / tháng.*Dt : 55 m2 _ Phòng dạng căn… 5 năm trước",https://phongtro123.com/phong-tro-25m2-duong-ly-thuong-kiet-q-hai-chau-tp-da-nang-pr316330.html,2026-05-15T11:08:28
phongtro123,Phòng trọ trung tâm quận Hải Châu,3 triệu/tháng,16,"Hải Châu, Đà Nẵng","Phòng trọ trung tâm quận Hải Châu 3 triệu/tháng 16 m 2 Hải Châu, Đà Nẵng Phòng trọ đầy đủ tiện nghi, xung quanh có nhiều tiện ích- Số nhà K338/59A đường Hoàng Diệu, Quận Hải Châu.- Gần nhà ga, sân bay.- Gần các trường… 5 năm trước",https://phongtro123.com/phong-tro-trung-tam-quan-hai-chau-pr316309.html,2026-05-15T11:08:28
phongtro123,Phòng trọ cho thuê đầy đủ tiện nghi,2.2 triệu/tháng,20,"Thanh Khê, Đà Nẵng","Phòng trọ cho thuê đầy đủ tiện nghi 2.2 triệu/tháng 20 m 2 Thanh Khê, Đà Nẵng CHO THUÊ PHÒNG GẦN CÁC TRƯỜNG ĐH, Trung tâm Thanh Khê vào ở ngayPhòng rộng có quạt, điều hoà, giường nệm ,bếp, tolet riêngWifi free, máy giặt và phơi đồ… 5 năm trước",https://phongtro123.com/phong-tro-cho-thue-day-du-tien-nghi-pr316190.html,2026-05-15T11:08:28
phongtro123,"Cho thuê phòng trọ giá rẻ tại khu Hòa Thọ Đông, Cẩm Lệ",1.2 triệu/tháng,16,"Cẩm Lệ, Đà Nẵng","Cho thuê phòng trọ giá rẻ tại khu Hòa Thọ Đông, Cẩm Lệ 1.2 triệu/tháng 16 m 2 Cẩm Lệ, Đà Nẵng Hiện tại tôi còn một phòng trống, cần cho thuê, thích hợp cho ACE đi làm khu vực này.Khu dân cư dân trí, yên tĩnh, an ninh, tiện ích đầy đủ. 5 năm trước",https://phongtro123.com/cho-thue-phong-tro-gia-re-tai-khu-hoa-tho-dong-cam-le-pr316098.html,2026-05-15T11:08:28
phongtro123,Cho thuê nhà cấp 4 nguyên căn đường Nguyễn Hữu Cầu,1.6 triệu/tháng,135,"Ngũ Hành Sơn, Đà Nẵng","Cho thuê nhà cấp 4 nguyên căn đường Nguyễn Hữu Cầu 1.6 triệu/tháng 135 m 2 Ngũ Hành Sơn, Đà Nẵng Cho thuê nhà cấp 4 nguyên căn số 40 nguyễn hữu cầu-p.hòa hải-q.ngũ hành sơn-tp đà nẵng gồm 2 phòng ngủ, 1 phòng khách, 1 toilet, có không gian bếp phù hợp… 5 năm trước",https://phongtro123.com/cho-thue-nha-cap-4-nguyen-can-duong-nguyen-huu-cau-pr315778.html,2026-05-15T11:08:28
phongtro123,CHO THUÊ PHÒNG TRỌ và CĂN HỘ CAO CẤP GẦN CHỢ NGUYỄN TRỊ PHƯƠNG GIÁ RẺ 3tr/3ng,3 triệu/tháng,25,"Hải Châu, Đà Nẵng","CHO THUÊ PHÒNG TRỌ và CĂN HỘ CAO CẤP GẦN CHỢ NGUYỄN TRỊ PHƯƠNG GIÁ RẺ 3tr/3ng 3 triệu/tháng 25 m 2 Hải Châu, Đà Nẵng CHO THUÊ PHÒNG TRỌ vÀ CĂN HỘ CAO CẤP GẦN CÁC TRƯỜNG ĐẠI HỌC , CAO ĐẲNG , GẦN CHỢ NGUYỄN TRỊ PHƯƠNG GIÁ 3.TR/PHÒNG.- K78/H02/02 ĐƯỜNG LÊ THANH NGHỊ -… 5 năm trước",https://phongtro123.com/cho-thue-phong-tro-va-can-ho-cao-cap-gan-cho-nguyen-tri-phuong-gia-re-3tr-3ng-pr314226.html,2026-05-15T11:08:28
phongtro123,"Cho thuê phòng gia đình Đường Lương Văn Can. Gần ĐH Đông Á,Kiến Trúc.",2.8 triệu/tháng,35,"Cẩm Lệ, Đà Nẵng","Cho thuê phòng gia đình Đường Lương Văn Can. Gần ĐH Đông Á,Kiến Trúc. 2.8 triệu/tháng 35 m 2 Cẩm Lệ, Đà Nẵng Cho thuê phòng trọ gia đình đầy đủ tiện nghi Đường Lương Văn Can.Vị trị nằm gần đường Xô viết nghệ tĩnh.Gần ĐH đông á. Kiến trúc.️ Khu anh… 5 năm trước",https://phongtro123.com/cho-thue-phong-gia-dinh-duong-luong-van-can-gan-dh-dong-a-kien-truc-pr315383.html,2026-05-15T11:08:28
phongtro123,"Phòng cho thuê Full nội thất 25m2 đường Phan Huy Thực, quận Sơn Trà",2.5 triệu/tháng,25,"Sơn Trà, Đà Nẵng","Phòng cho thuê Full nội thất 25m2 đường Phan Huy Thực, quận Sơn Trà 2.5 triệu/tháng 25 m 2 Sơn Trà, Đà Nẵng Cho thuê phòng cao cấpVị trí : Đường Phan Huy Thực quận Sơn Trà-Nằm giữa cầu Sông Hàn và Cầu Thuận Phước.- nhà nằm ở góc 2 mặt tiền nên không… 5 năm trước",https://phongtro123.com/phong-cho-thue-full-noi-that-25m2-duong-phan-huy-thuc-quan-son-tra-pr315375.html,2026-05-15T11:08:28
phongtro123,"CHO THUÊ PHÒNG TRỌ và CĂN HỘ CAO CẤP MỚI XÂY GẦN CÁC TRƯỜNG ĐẠI HỌC ĐÔNG Á, KIẾN TRÚC",3 triệu/tháng,30,"Hải Châu, Đà Nẵng","CHO THUÊ PHÒNG TRỌ và CĂN HỘ CAO CẤP MỚI XÂY GẦN CÁC TRƯỜNG ĐẠI HỌC ĐÔNG Á, KIẾN TRÚC 3 triệu/tháng 30 m 2 Hải Châu, Đà Nẵng Cho thuê 8 phòng trọ mới xây Kiệt K78/ H02/02 LÊ Thanh Nghị Ko lo mưa bão hay trời nắng nóng.NGay Chợ Nguyễn TRi Phương, Ra Đầu đường là khu phố ẩm thực,… 5 năm trước",https://phongtro123.com/cho-thue-8-phong-tro-moi-xay-kiet-k78-h02-02-le-thanh-nghi-ko-lo-mua-bao-hay-troi-nang-nong-ngay-cho-nguyen-tri-phuong-1-pr315337.html,2026-05-15T11:08:28
phongtro123,Cho thuê 2 phòng trọ tại đường Bàu Mạc 12,1.2 triệu/tháng,14,"Liên Chiểu, Đà Nẵng","Cho thuê 2 phòng trọ tại đường Bàu Mạc 12 1.2 triệu/tháng 14 m 2 Liên Chiểu, Đà Nẵng Phòng có gác, vs riêng mỗi phòng, lối đi riêng bên hông nhà chính, diện tích từ 14m2 đến 16m2. Người ở tuân thủ theo quy định pháp luật nhà nước, không… 5 năm trước",https://phongtro123.com/cho-thue-2-phong-tro-tai-duong-bau-mac-12-pr315293.html,2026-05-15T11:08:28
phongtro123,NEW! Cho thuê căn hộ ở và mặt bằng kinh doanh với giá rẻ!,7 triệu/tháng,34,"Thanh Khê, Đà Nẵng","NEW! Cho thuê căn hộ ở và mặt bằng kinh doanh với giá rẻ! 7 triệu/tháng 34 m 2 Thanh Khê, Đà Nẵng NEW!Cho thuê căn hộ ở và mặt bằng kinh doanh với giá rẻ!+ Gồm đầy đủ sân phơi, wc, khu bếp+ An ninh tốt, người dân thân thiện+ Vị trí thuận lợi… 5 năm trước",https://phongtro123.com/new-cho-thue-can-ho-o-va-mat-bang-kinh-doanh-voi-gia-re-pr315213.html,2026-05-15T11:08:28
phongtro123,"Cho thuê trọ điều hoà, nam nữ ở chung giá Covid",1.8 triệu/tháng,16,"Liên Chiểu, Đà Nẵng","Cho thuê trọ điều hoà, nam nữ ở chung giá Covid 1.8 triệu/tháng 16 m 2 Liên Chiểu, Đà Nẵng ️️ PHÒNG SAU LƯNG BẾN XE, GẦN Đh Duy tân hoà khánhSố 01 Đường #PhướcLý 19 Giá Ưu Đãi mùa dịch_ Cho nam nữ ở chung_Phòng có #Điềuhoà #Máygiặt (… 5 năm trước",https://phongtro123.com/cho-thue-tro-dieu-hoa-nam-nu-o-chung-gia-covid-pr315171.html,2026-05-15T11:08:28
phongtro123,Còn 1 phòng trọ 30m5 Giá 2tr5 có gác lững và nơi nấu nướng,2.5 triệu/tháng,30,"Ngũ Hành Sơn, Đà Nẵng","Còn 1 phòng trọ 30m5 Giá 2tr5 có gác lững và nơi nấu nướng 2.5 triệu/tháng 30 m 2 Ngũ Hành Sơn, Đà Nẵng Vị trí thuận lợi: nằm gần Trường Đại học Kinh tế, chợ Khuê Mỹ (500m), biển Sơn Thủy (750m), ngã tư cầu Tiên Sơn (1.4km), bệnh viện 600 giường (250m),… 5 năm trước",https://phongtro123.com/con-1-phong-tro-30m5-gia-2tr5-co-gac-lung-va-noi-nau-nuong-pr314807.html,2026-05-15T11:08:28
phongtro123,Cho thuê phòng trọ kiệt núi thành - Đà Nẵng,1.3 triệu/tháng,16,"Hải Châu, Đà Nẵng","Cho thuê phòng trọ kiệt núi thành - Đà Nẵng 1.3 triệu/tháng 16 m 2 Hải Châu, Đà Nẵng Cho thuê phòng trọ kiệt núi thành - Đà Nẵng.- Phòng đẹp, có gác lững, vệ sinh trong- Yên tĩnh, an ninh tốtVui lòng liên hệ để xem phòng A Hùng : 0932577919 5 năm trước",https://phongtro123.com/cho-thue-phong-tro-kiet-nui-thanh-da-nang-pr314329.html,2026-05-15T11:08:28
phongtro123,"Cho thuê phòng trọ giá 2tr, đầy đủ tiện nghi, chỉ cần vào ở",2 triệu/tháng,20,"Ngũ Hành Sơn, Đà Nẵng","Cho thuê phòng trọ giá 2tr, đầy đủ tiện nghi, chỉ cần vào ở 2 triệu/tháng 20 m 2 Ngũ Hành Sơn, Đà Nẵng Cho thuê phòng trọ rỗng rãi 20 mét vuôngGần trường đại học FPTKHu công nghệ cao FPTĐường xá rộng rãiGiờ giấc tự do 5 năm trước",https://phongtro123.com/cho-thue-phong-tro-gia-2tr-day-du-tien-nghi-chi-can-vao-o-pr314170.html,2026-05-15T11:08:28
phongtro123,Nhà trọ mới xây sắp hoàn thiện khu làng đại học,1.8 triệu/tháng,25,"Ngũ Hành Sơn, Đà Nẵng","Nhà trọ mới xây sắp hoàn thiện khu làng đại học 1.8 triệu/tháng 25 m 2 Ngũ Hành Sơn, Đà Nẵng Sắp tới bên mình có 3 phòng trọ mới 100% có điều hòa giá rẻ nằm trên trục đường Nam Kỳ Khởi NghĩaTiện ích: Khu đô thị FptĐại học FPT Đại… 5 năm trước",https://phongtro123.com/nha-tro-moi-xay-sap-hoan-thien-khu-lang-dai-hoc-pr314153.html,2026-05-15T11:08:28
phongtro123,[SÁT BÊN CTY DỆT 29/3] GẠCH MEN TƯỜNG SẠCH SẼ - WC TRONG - WIFI FREE - GIỜ GIẤC TỰ DO,1 triệu/tháng,16,"Thanh Khê, Đà Nẵng","[SÁT BÊN CTY DỆT 29/3] GẠCH MEN TƯỜNG SẠCH SẼ - WC TRONG - WIFI FREE - GIỜ GIẤC TỰ DO 1 triệu/tháng 16 m 2 Thanh Khê, Đà Nẵng [GIÁ RẺ PHÙ HỢP MỌI ĐỐI TƯỢNG] Ngay sát bên Công ty Dệt May 29-3, gần trường Đại học và siêu thị Co.opmart. Phòng ở rất thuận tiện cho công nhân và… 5 năm trước",https://phongtro123.com/sat-ben-cty-det-29-3-gach-men-tuong-sach-se-wc-trong-wifi-free-gio-giac-tu-do-pr314105.html,2026-05-15T11:08:28
phongtro123,CHO THUÊ PHÒNG TRỌ. 83 BÙI CÔNG TRỪNG- ĐÀ NẴNG,2 triệu/tháng,25,"Cẩm Lệ, Đà Nẵng","CHO THUÊ PHÒNG TRỌ. 83 BÙI CÔNG TRỪNG- ĐÀ NẴNG 2 triệu/tháng 25 m 2 Cẩm Lệ, Đà Nẵng – Vị trí: Phòng trọ ở số 83 Bùi Công Trừng, Đà Nẵng.– Gần trường Đại học Kiến Trúc, công ty dệt may Hòa Thọ.– Phòng trọ thoáng mát, sạch… 5 năm trước",https://phongtro123.com/cho-thue-phong-tro-83-bui-cong-trung-da-nang-pr314038.html,2026-05-15T11:08:28
phongtro123,"Phòng trọ, căn hộ gần trường Đại học Bách Khoa Đà Nẵng",,20,"Liên Chiểu, Đà Nẵng","Phòng trọ, căn hộ gần trường Đại học Bách Khoa Đà Nẵng 800.000 đồng/tháng 20 m 2 Liên Chiểu, Đà Nẵng Cho thuê phòng trọ, căn hộ gần trường Đại học Bách KhoaĐịa chỉ: 385/1 Nguyễn Lương Bằng, phường Hòa Khánh Bắc, quận Liên Chiểu, tp Đà NẵngGần… 5 năm trước",https://phongtro123.com/phong-tro-can-ho-gan-truong-dai-hoc-bach-khoa-da-nang-pr313827.html,2026-05-15T11:08:28
phongtro123,PHÒNG TRỌ ĐIỀU HOÀ CHO THUÊ Ở NGAY,2.2 triệu/tháng,20,"Thanh Khê, Đà Nẵng","PHÒNG TRỌ ĐIỀU HOÀ CHO THUÊ Ở NGAY 2.2 triệu/tháng 20 m 2 Thanh Khê, Đà Nẵng Còn 2 Phòng trọ điều hoà cho thuê vào ở ngay.Đầy đủ giường nệm, điều hoà, quạt, tủ, tolet riêngFree wifi và máy giặtKhông chung chủ, giờ giấc tự… 5 năm trước",https://phongtro123.com/phong-tro-dieu-hoa-cho-thue-o-ngay-pr313666.html,2026-05-15T11:08:28
phongtro123,"Cần cho thuê phòng ngay trung tâm thành phố gần quán ăn, trường học, phố mua sắm",1.6 triệu/tháng,25,"Hải Châu, Đà Nẵng","Cần cho thuê phòng ngay trung tâm thành phố gần quán ăn, trường học, phố mua sắm 1.6 triệu/tháng 25 m 2 Hải Châu, Đà Nẵng Cần cho thuê phòngDiện tích: 25m2Có tolet riêng, máy nóng lạnhNgay trung tâm, phố mua sắm, phố ăn únLH: 0905162050Đường: K23/1 Ngô Gia Tự, Đà NẵngƯu… 5 năm trước",https://phongtro123.com/can-cho-thue-phong-ngay-trung-tam-thanh-pho-gan-quan-an-truong-hoc-pho-mua-sam-pr313637.html,2026-05-15T11:08:32
phongtro123,"Cho thuê phòng trọ, nhà trọ sinh viên gần trường đại học Kinh Tế Đà Nẵng, vệ sinh khép kín, diện…",1.5 triệu/tháng,12,"Ngũ Hành Sơn, Đà Nẵng","Cho thuê phòng trọ, nhà trọ sinh viên gần trường đại học Kinh Tế Đà Nẵng, vệ sinh khép kín, diện… 1.5 triệu/tháng 12 m 2 Ngũ Hành Sơn, Đà Nẵng Cho thuê phòng trọ, nhà trọ sinh viên gần trường đại học kinh tế đà nẵng, vệ sinh khép kín, diện tích khoảng 12m2, cho 1-2 người, địa chỉ 186/3 đỗ bá,… 5 năm trước",https://phongtro123.com/cho-thue-phong-tro-nha-tro-sinh-vien-gan-truong-dai-hoc-kinh-te-da-nang-ve-sinh-khep-kin-dien-tich-khoang-12m2-cho-1-pr313601.html,2026-05-15T11:08:32
phongtro123,"Phòng sạch sẽ, khu an ninh rất tốt để ở",2 triệu/tháng,28,"Liên Chiểu, Đà Nẵng","Phòng sạch sẽ, khu an ninh rất tốt để ở 2 triệu/tháng 28 m 2 Liên Chiểu, Đà Nẵng Phòng trọ sạch, thoáng. Gần bến xe Trung tâm, gần chợ Hòa Mỹ. Khu vực an ninh, văn minh. Đường 7,5m, có camera và wifi, bếp và toilet khép kín. Không chung chủ.… 5 năm trước",https://phongtro123.com/phong-sach-se-khu-an-ninh-rat-tot-de-o-pr313412.html,2026-05-15T11:08:32
phongtro123,Cho Thuê Phòng Trọ Đà Nẵng- An Toàn- Sạch sẽ,2.5 triệu/tháng,26,"Sơn Trà, Đà Nẵng","Cho Thuê Phòng Trọ Đà Nẵng- An Toàn- Sạch sẽ 2.5 triệu/tháng 26 m 2 Sơn Trà, Đà Nẵng CHO THUÊ PHÒNG TRỌ GIÁ RẺ- CHẤT LƯỢNG- AN TOÀNNgày 30/10 bên mình còn trống 1 phòngDiện tích : ~ 26m2 ( có gác) Max.4… 5 năm trước",https://phongtro123.com/cho-thue-phong-tro-da-nang-an-toan-sach-se-pr313389.html,2026-05-15T11:08:32
phongtro123,"CHO THUÊ PHÒNG TRỌ CAO CẤP, MỚI XÂY XONG",2.8 triệu/tháng,14,"Thanh Khê, Đà Nẵng","CHO THUÊ PHÒNG TRỌ CAO CẤP, MỚI XÂY XONG 2.8 triệu/tháng 14 m 2 Thanh Khê, Đà Nẵng Địa chỉ: 391/17 Nguyễn Văn Linh, kiệt rộng 5m Thông thẳng Nguyễn Tri Phương. Sau lưng là công an phường, an ninh an toàn tuyệt đối. Có đầy đủ nội thất :… 5 năm trước",https://phongtro123.com/cho-thue-phong-tro-cao-cap-moi-xay-xong-4-pr313182.html,2026-05-15T11:08:32
phongtro123,"Cho thuê phòng trọ 30m2 đường Thi Sách, Hải Châu",2.8 triệu/tháng,30,"Hải Châu, Đà Nẵng","Cho thuê phòng trọ 30m2 đường Thi Sách, Hải Châu 2.8 triệu/tháng 30 m 2 Hải Châu, Đà Nẵng - Diện tích 30m2, có gác lửng.- Phòng sạch sẽ, có nhà vệ sinh, điện nước đầy đủ, có thể vào dọn ở luôn.- Khu vực an ninh, yên tĩnh, giờ giấc tự… 5 năm trước",https://phongtro123.com/cho-thue-phong-tro-30m2-duong-thi-sach-hai-chau-pr313173.html,2026-05-15T11:08:32
phongtro123,Phòng trọ trong nhà nguyên căn cho nữ thuê,1.5 triệu/tháng,20,"Sơn Trà, Đà Nẵng","Phòng trọ trong nhà nguyên căn cho nữ thuê 1.5 triệu/tháng 20 m 2 Sơn Trà, Đà Nẵng phòng rộng thoáng mát ,an ninh tốt , giờ dức thoải mái nhà đường lớn gần biển khu dân cư yên tỉnh thích hợp cho sinh viên và công nhân 5 năm trước",https://phongtro123.com/phong-tro-trong-nha-nguyen-can-cho-nu-thue-pr313159.html,2026-05-15T11:08:32
phongtro123,"Cho thuê phòng trọ tại 35 Khương Hữu Dụng, Hòa Xuân",1.85 triệu/tháng,29,"Cẩm Lệ, Đà Nẵng","Cho thuê phòng trọ tại 35 Khương Hữu Dụng, Hòa Xuân 1.85 triệu/tháng 29 m 2 Cẩm Lệ, Đà Nẵng Cho thuê phòng trọ tại 35 Khương Hữu Dụng, phường Hòa Xuân, quận Cẩm Lệ với thông tin cụ thể sauKhu vực xung quanh: qua cầu Nguyễn Tri Phương, cách chợ… 5 năm trước",https://phongtro123.com/cho-thue-phong-tro-tai-35-khuong-huu-dung-hoa-xuan-pr313041.html,2026-05-15T11:08:32
phongtro123,"Phòng Trọ Cao Cấp Mới Xây - Có Camera - Bình Nóng Lạnh - Bãi Đậu Xe - Tự Do Giờ Giấc - Gần Chợ,…",2.5 triệu/tháng,18,"Thanh Khê, Đà Nẵng","Phòng Trọ Cao Cấp Mới Xây - Có Camera - Bình Nóng Lạnh - Bãi Đậu Xe - Tự Do Giờ Giấc - Gần Chợ,… 2.5 triệu/tháng 18 m 2 Thanh Khê, Đà Nẵng Phòng trọ nằm ngay trung tâm của Đà Nẵng. Khu vực yên tĩnh, phòng ốc sạch sẽ. Nhà vệ sinh mới hoàn toàn 100%. Ưu tiên cho những người muốn ở lâu dài. 5 năm trước",https://phongtro123.com/phong-tro-ngay-trung-tam-da-nang-nvs-sach-se-khong-gian-yen-tinh-so-luong-co-han-pr311053.html,2026-05-15T11:08:32
phongtro123,Cho thuê phòng trọ gần trung tâm thành phố,2.5 triệu/tháng,15,"Hải Châu, Đà Nẵng","Cho thuê phòng trọ gần trung tâm thành phố 2.5 triệu/tháng 15 m 2 Hải Châu, Đà Nẵng Cho thuê phòng như hình,phòng thoáng mát,sạch sẽ,an ninh tốt ,gần chợ và trường học.phòng 15m2 (có gác suốt 15m) có nơi phơi đồ.phòng hướng đông .ai cần lh 5 năm trước",https://phongtro123.com/cho-thue-phong-tro-gan-trung-tam-thanh-pho-pr312812.html,2026-05-15T11:08:32
phongtro123,Cho sinh viên thuê trọ gần đại học Y Dược Đà Nẵng,1.5 triệu/tháng,12,"Hải Châu, Đà Nẵng","Cho sinh viên thuê trọ gần đại học Y Dược Đà Nẵng 1.5 triệu/tháng 12 m 2 Hải Châu, Đà Nẵng phòng trọ cách trường 150m, phòng 12 đến 18m có tolet trong và ngoài tùy phòng,dt 0989554141 hoặc 077-545-8988 5 năm trước",https://phongtro123.com/cho-sinh-vien-thue-tro-gan-dai-hoc-y-duoc-da-nang-pr312658.html,2026-05-15T11:08:32
phongtro123,"Phòng 2tr2/tháng: tivi, máy lạnh, nước nóng. ĐẶC BIỆT BAO ĐIỆN NƯỚC",2.2 triệu/tháng,20,"Liên Chiểu, Đà Nẵng","Phòng 2tr2/tháng: tivi, máy lạnh, nước nóng. ĐẶC BIỆT BAO ĐIỆN NƯỚC 2.2 triệu/tháng 20 m 2 Liên Chiểu, Đà Nẵng Phòng 2tr2/tháng: tivi, máy lạnh, nước nóng. ĐẶC BIỆT BAO ĐIỆN NƯỚC, có thể share tối đa 4 người/phòng. Sân phơi, bếp chung nấu ăn, giờ giấc tự do.… 5 năm trước",https://phongtro123.com/phong-2tr2-thang-tivi-may-lanh-nuoc-nong-dac-biet-bao-dien-nuoc-pr312509.html,2026-05-15T11:08:32
phongtro123,"Phòng trọ giá sinh viên tại quần Ngũ Hành Sơn, Đà Nẵng",2.2 triệu/tháng,20,"Ngũ Hành Sơn, Đà Nẵng","Phòng trọ giá sinh viên tại quần Ngũ Hành Sơn, Đà Nẵng 2.2 triệu/tháng 20 m 2 Ngũ Hành Sơn, Đà Nẵng Còn 1 phòng cho thuê, diện tích 20m vuông, có thêm gá lửng 8m vuông, phòng sạch sẽ, thoáng, văn minh, lịch sự, có bếp và toilet riêngGần trường ĐH kinh tế… 5 năm trước",https://phongtro123.com/phong-tro-gia-sinh-vien-tai-quan-ngu-hanh-son-da-nang-pr312433.html,2026-05-15T11:08:32
phongtro123,"Cho thuê phòng tại 28 Trần Hữu Trang Đà Nẵng, phường Hòa Cường Bắc, quận Hải Châu, Đà Nẵng",2.4 triệu/tháng,20,"Hải Châu, Đà Nẵng","Cho thuê phòng tại 28 Trần Hữu Trang Đà Nẵng, phường Hòa Cường Bắc, quận Hải Châu, Đà Nẵng 2.4 triệu/tháng 20 m 2 Hải Châu, Đà Nẵng Địa chỉ 28 trần hữu trang đà nẵng, phường Hòa Cường Bắc, quận Hải Châu, Đà NẵngGiá từ 2tr4-4tr-5tr, có phòng gác lửng.Khu vực an ninh tốt ,sạch… 5 năm trước",https://phongtro123.com/cho-thue-phong-tai-28-tran-huu-trang-da-nang-phuong-hoa-cuong-bac-quan-hai-chau-da-nang-pr312295.html,2026-05-15T11:08:32
phongtro123,Cho thuê phòng trọ địa chỉ Phan Tứ Bà Huyện Thanh Quan,2.5 triệu/tháng,20,"Ngũ Hành Sơn, Đà Nẵng","Cho thuê phòng trọ địa chỉ Phan Tứ Bà Huyện Thanh Quan 2.5 triệu/tháng 20 m 2 Ngũ Hành Sơn, Đà Nẵng PHÒNG CHO THUÊ (Gần Trung Tâm TP, Cầu Rồng, Biển, Các trường ĐH, BV, Chợ, Siêu thị, Công viên,... Đ/C: Đường Phan Tứ- Bà Huyện Thanh Quang. Nhà mới 100%.… 5 năm trước",https://phongtro123.com/cho-thue-phong-tro-nga-tu-phan-tu-ba-huyen-thanh-quan-pr311155.html,2026-05-15T11:08:32
phongtro123,CHO THUÊ PHÒNG TRỌ KHU VỰC PHƯỚC LÍ,2.5 triệu/tháng,30,"Liên Chiểu, Đà Nẵng","CHO THUÊ PHÒNG TRỌ KHU VỰC PHƯỚC LÍ 2.5 triệu/tháng 30 m 2 Liên Chiểu, Đà Nẵng Cho thuê phòng trọ, rộng 30 m vuông ,ở được 3..4 người, mặt tiền đường 5m, riêng biệt không chung chủ, không chung dãy trọ, tới trường duy tân cơ sở 2… 5 năm trước",https://phongtro123.com/cho-thue-phong-tro-khu-vuc-phuoc-li-pr312136.html,2026-05-15T11:08:32
phongtro123,[ TRỌ THANH KHÊ ] Mặt đường thái thị bôi,2 triệu/tháng,20,"Thanh Khê, Đà Nẵng","[ TRỌ THANH KHÊ ] Mặt đường thái thị bôi 2 triệu/tháng 20 m 2 Thanh Khê, Đà Nẵng 178 Thái Thị Bôi, Thanh Khê ( giữa Hà Huy Tập - Lê Độ)Trung tâm TP, gần ĐH Duy Tân( giữa các cơ sở), TDTTĐiều hoà, giường 1m6, tủ quần áo.View thoáng… 5 năm trước",https://phongtro123.com/tro-thanh-khe-mat-duong-thai-thi-boi-pr312100.html,2026-05-15T11:08:32
phongtro123,TRỌ DÀNH CHO GIA ĐÌNH - KCN HÒA KHÁNH MỞ RỘNG,1.6 triệu/tháng,18,"Liên Chiểu, Đà Nẵng","TRỌ DÀNH CHO GIA ĐÌNH - KCN HÒA KHÁNH MỞ RỘNG 1.6 triệu/tháng 18 m 2 Liên Chiểu, Đà Nẵng [ĐỊA CHỈ TRỌ NẰM NGAY CẠNH KHU CÔNG NGHIỆP HÒA KHÁNH MỞ RỘNG, NGAY NGÃ TƯ ĐƯỜNG SỐ 5 VÀ ĐƯỜNG SỐ 10]Mình hiện còn 01 phòng vợ chồng mới trả… 5 năm trước",https://phongtro123.com/tro-danh-cho-gia-dinh-kcn-hoa-khanh-mo-rong-pr312005.html,2026-05-15T11:08:32
phongtro123,Cho thuê phòng trọ khu phần lăng Huỳnh Ngọc Huệ,1.2 triệu/tháng,14,"Thanh Khê, Đà Nẵng","Cho thuê phòng trọ khu phần lăng Huỳnh Ngọc Huệ 1.2 triệu/tháng 14 m 2 Thanh Khê, Đà Nẵng Còn 2 phòng trống để cho thuêMỗi phòng có gác lửng và khu vệ sinh riêngKhu an ninh tốt, sạch sẽ, văn hoá 5 năm trước",https://phongtro123.com/cho-thue-phong-tro-khu-phan-lang-huynh-ngoc-hue-pr312001.html,2026-05-15T11:08:32
phongtro123,PHÒNG TRỌ GẦN TRƯỜNG KIẾN TRÚC VÀ ĐÔNG Á,1.8 triệu/tháng,25,"Hải Châu, Đà Nẵng","PHÒNG TRỌ GẦN TRƯỜNG KIẾN TRÚC VÀ ĐÔNG Á 1.8 triệu/tháng 25 m 2 Hải Châu, Đà Nẵng Phòng rộng rãi, thoáng mát, có nhà xe, ở gần trường, chợ, an ninh tốt. Có Gác lững, (nước nóng, điều hòa), phòng ở 3_4 người, còn mấy phòng có giá khác nhau 5 năm trước",https://phongtro123.com/phong-tro-gan-truong-kien-truc-va-dong-a-pr311998.html,2026-05-15T11:08:32
phongtro123,"Phòng trọ Quận Sơn Trà rộng, đẳng cấp, khuyến mãi",2.2 triệu/tháng,25,"Sơn Trà, Đà Nẵng","Phòng trọ Quận Sơn Trà rộng, đẳng cấp, khuyến mãi 2.2 triệu/tháng 25 m 2 Sơn Trà, Đà Nẵng Phòng ở ngay mặt tiền Sơn Trà, đường 10m5, Lô 19-C9 Lý Nhật Quang. Liên hệ : 0924089175????Nằm ngay trên mặt tiền đường 10m5 (phi thẳng xe ra đường không… 5 năm trước",https://phongtro123.com/phong-tro-quan-son-tra-rong-dang-cap-khuyen-mai-pr311866.html,2026-05-15T11:08:36
phongtro123,"Cho thuê phòng trọ có đầy đủ tiện nghi tại 27 Mỹ Đa Đông 4, Mỹ An, Ngũ Hành Sơn, Đà Nẵng",2.2 triệu/tháng,27,"Ngũ Hành Sơn, Đà Nẵng","Cho thuê phòng trọ có đầy đủ tiện nghi tại 27 Mỹ Đa Đông 4, Mỹ An, Ngũ Hành Sơn, Đà Nẵng 2.2 triệu/tháng 15 m 2 Ngũ Hành Sơn, Đà Nẵng Phòng trọ có đầy đủ tiện nghi, gần chợ Bắc Mỹ an, gần trường đại học kinh tế, vệ sinh khép kín trong phòng, khu vực an ninh, ở chung với chủ nhà,… 5 năm trước",https://phongtro123.com/cho-thue-phong-tro-co-day-du-tien-nghi-tai-27-my-da-dong-4-my-an-ngu-hanh-son-da-nang-pr311650.html,2026-05-15T11:08:36
phongtro123,Cho thuê phòng mặt tiền vừa ở vừa kinh doanh được,3.5 triệu/tháng,25,"Hải Châu, Đà Nẵng","Cho thuê phòng mặt tiền vừa ở vừa kinh doanh được 3.5 triệu/tháng 25 m 2 Hải Châu, Đà Nẵng Cho thuê phòng mặt tiền vừa ở vừa kinh doanh đượcCó gác lửng,có bếp có toailet ,máy lạnh,cửa gươngPhòng sạch sẽ thoáng mátTháng 3tr5,thanh toán từng… 5 năm trước",https://phongtro123.com/cho-thue-phong-mat-tien-vua-o-vua-kinh-doanh-duoc-pr311638.html,2026-05-15T11:08:36
phongtro123,Cho thuê phòng trọ giá sinh viên 2020 xin liên hệ tại đây,1.7 triệu/tháng,20,"Thanh Khê, Đà Nẵng","Cho thuê phòng trọ giá sinh viên 2020 xin liên hệ tại đây 1.7 triệu/tháng 20 m 2 Thanh Khê, Đà Nẵng Phòng ốc sạch sẽ , thoáng mát , yên tĩnh , kiệt cuột . Có chỗ để xe , không phải ở chung với chủ ! Gần trung tâm thành phố , gần chợ siêu thị , gần… 5 năm trước",https://phongtro123.com/cho-thue-phong-tro-gia-sinh-vien-2020-xin-lien-he-tai-day-pr311606.html,2026-05-15T11:08:36
phongtro123,"Cho thuê căn hộ gần biển Mỹ Khê, cầu Rồng, Sơn Trà, Đà Nẵng",4 triệu/tháng,30,"Sơn Trà, Đà Nẵng","Cho thuê căn hộ gần biển Mỹ Khê, cầu Rồng, Sơn Trà, Đà Nẵng 4 triệu/tháng 30 m 2 Sơn Trà, Đà Nẵng Cho thuê căn hộ gần biển Mỹ Khê, Sơn Trà, Đà NẵngDiện tích 40m2 loại 1 và 2 giường ngủ.Giá 4 - 5 triệuNội thất: full đồ chỉ việc xách vali đến… 5 năm trước",https://phongtro123.com/cho-thue-can-ho-gan-bien-my-khe-cau-rong-son-tra-da-nang-pr311552.html,2026-05-15T11:08:36
phongtro123,"Nhà trọ, phòng trọ kiệt Ỷ Lan Nguyên Phi, Hòa Cường Bắc, Hải Châu, Đà Nẵng",2 triệu/tháng,25,"Hải Châu, Đà Nẵng","Nhà trọ, phòng trọ kiệt Ỷ Lan Nguyên Phi, Hòa Cường Bắc, Hải Châu, Đà Nẵng 2 triệu/tháng 25 m 2 Hải Châu, Đà Nẵng - Nhà 04 tầng có 04 mặt thoáng, tất cả 15 phòng, diện tích từ 15m2 đến 27m2.- Kiệt đường Ỷ Lan Nguyên Phi, xe oto vào được.- Cách trường mẫu giáo… 5 năm trước",https://phongtro123.com/nha-tro-phong-tro-kiet-y-lan-nguyen-phi-hoa-cuong-bac-hai-chau-da-nang-pr311542.html,2026-05-15T11:08:36
phongtro123,Cho thuê Phòng trọ sinh viên gần trường Đại Học Bách Khoa Đà Nẵng,1.5 triệu/tháng,20,"Liên Chiểu, Đà Nẵng","Cho thuê Phòng trọ sinh viên gần trường Đại Học Bách Khoa Đà Nẵng 1.5 triệu/tháng 20 m 2 Liên Chiểu, Đà Nẵng Cho thuê phòng trọ sinh viêngần trường Đại Học Bách Khoa Đà Nẵng, gần chợ và giao thông thuận lợiNằm trong khu vực dân cư có trị an tốt.Phòng có… 5 năm trước",https://phongtro123.com/cho-thue-phong-tro-sinh-vien-gan-truong-dai-hoc-bach-khoa-da-nang-pr311308.html,2026-05-15T11:08:36
phongtro123,"Cho thuê phòng trọ khu vực Khuê Trung, Cẩm Lệ, Đà Nẵng",2.2 triệu/tháng,20,"Cẩm Lệ, Đà Nẵng","Cho thuê phòng trọ khu vực Khuê Trung, Cẩm Lệ, Đà Nẵng 2.2 triệu/tháng 20 m 2 Cẩm Lệ, Đà Nẵng Phòng trọ mới xây,sạch thoáng mát, khu dân cư yên tĩnh, an ninh tốt, gần chợ, bệnh viện, trường học, đường rộng 7m5, có 2 loại phòng: phòng nhỏ và phòng… 5 năm trước",https://phongtro123.com/cho-thue-phong-tro-khu-vuc-khue-trung-cam-le-da-nang-pr311271.html,2026-05-15T11:08:36
phongtro123,"~30m2 vệ sinh khép kín, đầy đủ tiện nghi. An hải Bắc, Sơn Trà 3tr/tháng",3.5 triệu/tháng,30,"Sơn Trà, Đà Nẵng","~30m2 vệ sinh khép kín, đầy đủ tiện nghi. An hải Bắc, Sơn Trà 3tr/tháng 3.5 triệu/tháng 30 m 2 Sơn Trà, Đà Nẵng Phòng rộng rãi 30m2 thoáng mát, có cửa sổ, có thể ở tối đa 4 người. KHÔNG CẦN CỌCĐầy đủ tiện nghi chỉ cần ở không cần sắm thêm đồ:- 2… 5 năm trước",https://phongtro123.com/30m2-ve-sinh-khep-kin-day-du-tien-nghi-an-hai-bac-son-tra-3tr-thang-pr311254.html,2026-05-15T11:08:36
phongtro123,"Cho thuê phòng trọ rộng 34m2 mới xây xong, khu vực Mẹ Nhu, Ngã 3 Huế",2 triệu/tháng,34,"Thanh Khê, Đà Nẵng","Cho thuê phòng trọ rộng 34m2 mới xây xong, khu vực Mẹ Nhu, Ngã 3 Huế 2 triệu/tháng 34 m 2 Thanh Khê, Đà Nẵng P mới xây, rộng 34m2, có gác lửng, wifi, cameraKhu vực mẹ nhu, Ngã 3 huếLối di riêngKhu vực yên tĩnh, an ninh tốt 5 năm trước",https://phongtro123.com/chto61t200000034-khu-vuc-me-nhu-nga-3-hue-pr310874.html,2026-05-15T11:08:36
phongtro123,"Cho thuê phòng trọ Nữ diện tích lớn- gần ngã 3 huế-CĐ Thương mại, ĐH FPT, Liên Chiểu",1.7 triệu/tháng,40,"Liên Chiểu, Đà Nẵng","Cho thuê phòng trọ Nữ diện tích lớn- gần ngã 3 huế-CĐ Thương mại, ĐH FPT, Liên Chiểu 1.7 triệu/tháng 40 m 2 Liên Chiểu, Đà Nẵng Phòng trọ gần trường CD thương mại, ĐH FTP, gần ngã ba cầu vượt,..Phòng có ban công (có vòi nước) cây xanh mát mẻ, sạch sẽ, yên tĩnh, cửa sắt, chổ… 5 năm trước",https://phongtro123.com/cho-thue-phong-tro-nu-dien-tich-lon-gan-nga-3-hue-cd-thuong-mai-dh-fpt-lien-chieu-pr310788.html,2026-05-15T11:08:36
phongtro123,Cho Thuê Phòng Trọ phòng tại gần bệnh viện phụ sản nhi Đà Nẵng,2 triệu/tháng,20,"Ngũ Hành Sơn, Đà Nẵng","Cho Thuê Phòng Trọ phòng tại gần bệnh viện phụ sản nhi Đà Nẵng 2 triệu/tháng 20 m 2 Ngũ Hành Sơn, Đà Nẵng cho thuê phòng trọ số nhà 420/28 gộng rãi thoáng mát diện tích 20m2 có gác lững tại gần bện viện phụ sản nhi đà nẵng giá từ 1tr8 đến 2tr có camera giám sát 5 năm trước",https://phongtro123.com/cho-thue-phong-tro-phong-tai-gan-venk-vien-phu-san-nhi-da-nang-pr310757.html,2026-05-15T11:08:36
phongtro123,"Khách sạn tại Liên Chiểu, gần đh bách khoa, Đà Nẵng",3 triệu/tháng,18,"Liên Chiểu, Đà Nẵng","Khách sạn tại Liên Chiểu, gần đh bách khoa, Đà Nẵng 3 triệu/tháng 18 m 2 Liên Chiểu, Đà Nẵng Cho thuê phòng khách sạn theo tháng tại Liên Chiểu, Đà Nẵng Địa chỉ: Ks Bolero 118 Nguyễn Chánh????Giá: 3 triệu - 5 triệu thángDiện tích phòng:… 5 năm trước",https://phongtro123.com/phong-tro-tai-khach-san-o-lien-chieu-gan-dh-bach-khoa-da-nang-pr310737.html,2026-05-15T11:08:36
phongtro123,Cho thuê phòng trọ đối diện bến xe trung tâm,1.8 triệu/tháng,12,"Liên Chiểu, Đà Nẵng","Cho thuê phòng trọ đối diện bến xe trung tâm 1.8 triệu/tháng 12 m 2 Liên Chiểu, Đà Nẵng Cho thuê phòng trọ gần bến xe trung tâmPhòng 12m2 ở tầng 4 -Gần bến xe , chợ hoà mỹ , trường đại học sư phạm -Có sẵn giường, tủ gương, quạt… 5 năm trước",https://phongtro123.com/cho-thue-phong-tro-doi-dien-ben-xe-trung-tam-pr310701.html,2026-05-15T11:08:36
phongtro123,Cho thuê phòng đầy đủ tiện nghi như khách sạn sale 15%,2.5 triệu/tháng,25,"Ngũ Hành Sơn, Đà Nẵng","Cho thuê phòng đầy đủ tiện nghi như khách sạn sale 15% 2.5 triệu/tháng 25 m 2 Ngũ Hành Sơn, Đà Nẵng Cho thuê phòng ở tiện nghi đầy đủ như khách sạn.- Vị trí: đường An Tư Công Chúa, gần chợ Bắc Mỹ An, gần siêu thị, gần biển, gần sông; khu dân cư… 5 năm trước",https://phongtro123.com/cho-thue-phong-day-du-tien-nghi-nhu-khach-san-sale-15-pr310695.html,2026-05-15T11:08:36
phongtro123,Cho thuê trọ giá rẻ cách ĐH Sư Phạm 300m,2 triệu/tháng,300,"Liên Chiểu, Đà Nẵng","Cho thuê trọ giá rẻ cách ĐH Sư Phạm 300m 2 triệu/tháng 16 m 2 Liên Chiểu, Đà Nẵng Trọ sinh viên nhỏ nhỏ, xinh xinh gần trường Sư Phạm nhé!Đảm bảo phòng đẹp nhất khu vực Liên Chiểu luôn nè! Phòng đã xinh lại còn mới nữa. Phòng… 5 năm trước",https://phongtro123.com/cho-thue-tro-gia-re-cach-dh-su-pham-300m-pr310512.html,2026-05-15T11:08:36
phongtro123,"Phòng đẹp kiệt Duy Tân, Q.Hải Châu, trung tâm Tp.Đà Nẵng",1.8 triệu/tháng,18,"Hải Châu, Đà Nẵng","Phòng đẹp kiệt Duy Tân, Q.Hải Châu, trung tâm Tp.Đà Nẵng 1.8 triệu/tháng 18 m 2 Hải Châu, Đà Nẵng Phòng có wc riêng, có chỗ phơi đồ, ở trung tâm tp, gần chợ, trường học, siêu thị, helio, sân bay... phòng thoáng mát. Giờ giấc thoải mái. Phòng đổ mê… 5 năm trước",https://phongtro123.com/tinh-thanh/da-nang/phong-dep-kiet-duy-tan-q-hai-chau-trung-tam-tp-dn.html,2026-05-15T11:08:36
phongtro123,Cho Thuê Phòng Trọ diện tĩhs 16m2 có gác lững,2 triệu/tháng,16,"Ngũ Hành Sơn, Đà Nẵng","Cho Thuê Phòng Trọ diện tĩhs 16m2 có gác lững 2 triệu/tháng 16 m 2 Ngũ Hành Sơn, Đà Nẵng cho thuê phòng trọ có gác lững diện tích rộng 16m2 Địa chỉ 420/28 đường lê văn hiến quận ngũ hành sơn thành phố đà nẵng 5 năm trước",https://phongtro123.com/cho-thue-phong-tro-dien-tihs-16m2-co-gac-lung-pr310334.html,2026-05-15T11:08:36
phongtro123,CHO THUÊ PHÒNG TRỌ AN NINH GIÁ RẺ,1.3 triệu/tháng,15,"Hải Châu, Đà Nẵng","CHO THUÊ PHÒNG TRỌ AN NINH GIÁ RẺ 1.3 triệu/tháng 15 m 2 Hải Châu, Đà Nẵng Hiện nhà em đang còn 1 phòng trọ có thể dọn đến sau ngày 10/9* Rộng 15m2* Không chung chủ* Wifi, đồng hồ điện nước riêng* Kiệt rộng thoải mái *… 5 năm trước",https://phongtro123.com/cho-thue-phong-tro-an-ninh-gia-re-pr310221.html,2026-05-15T11:08:36
phongtro123,Cho thuê phòng trọ 20m2 đường Võ Văn Tần gần siêu thị Nguyễn Kim Đà Nẵng,2.2 triệu/tháng,20,"Thanh Khê, Đà Nẵng","Cho thuê phòng trọ 20m2 đường Võ Văn Tần gần siêu thị Nguyễn Kim Đà Nẵng 2.2 triệu/tháng 20 m 2 Thanh Khê, Đà Nẵng Cho thuê phòng trọ địa chỉ K58/8 Võ Văn Tần gần ST điện máy Nguyễn Kim Đà Nẵng, an ninh tốt, diện tích 20m2 (kể cả gác lửng 30m2), Toilet riêng, có khu vực… 5 năm trước",https://phongtro123.com/cho-thue-phong-tro-20m2-duong-vo-van-tan-gan-sieu-thi-nguyen-kim-da-nang-pr310143.html,2026-05-15T11:08:36
phongtro123,"Phòng trọ mới tinh, sạch sẽ, sang trọng giá rẻ gần DH Kinh Tế Đà Nẵng",3 triệu/tháng,25,"Ngũ Hành Sơn, Đà Nẵng","Phòng trọ mới tinh, sạch sẽ, sang trọng giá rẻ gần DH Kinh Tế Đà Nẵng 3 triệu/tháng 25 m 2 Ngũ Hành Sơn, Đà Nẵng Góc tìm ng thuê trọMình còn 2 phòng trọ tại địa chỉ 21 Võ Như Hưng ( cách ĐH Kinh tế Đà Nẵng 200m)Phòng 1 : Chung chủGiá thuê : 3.000.000vnd / thángCọc… 5 năm trước",https://phongtro123.com/phong-tro-gan-dh-kinh-te-da-nang-pr309757.html,2026-05-15T11:08:39
phongtro123,Phòng trọ siêu phẩm tiện nghi ngay Trung tâm quận Liên Chiểu.,2.1 triệu/tháng,29,"Liên Chiểu, Đà Nẵng","Phòng trọ siêu phẩm tiện nghi ngay Trung tâm quận Liên Chiểu. 2.1 triệu/tháng 29 m 2 Liên Chiểu, Đà Nẵng - Phòng trọ mới xây ngay trung tâm quận Liên Chiểu.- Địa chỉ: 139 Đặng Huy Trứ, Hòa Minh, Liên Chiểu.- Diện tích từ 22 đến 29m2, có gác lửng.- Phòng… 5 năm trước",https://phongtro123.com/phong-tro-sieu-pham-tien-nghi-ngay-trung-tam-quan-lien-chieu-pr309019.html,2026-05-15T11:08:39
phongtro123,"Tìm phòng đã khó, có phòng giá rẻ càng khó hơn.",1.8 triệu/tháng,18,"Cẩm Lệ, Đà Nẵng","Tìm phòng đã khó, có phòng giá rẻ càng khó hơn. 1.8 triệu/tháng 18 m 2 Cẩm Lệ, Đà Nẵng Tìm phòng đã khó, có phòng giá rẻ càng khó hơn.Tìm phòng trọ giá rẻ phải tìm ở đâu?Ai còn lăng tăng tìm phòng giá rẻ chống chọi mùa dịch này thì… 5 năm trước",https://phongtro123.com/tim-phong-da-kho-co-phong-gia-re-cang-kho-hon-pr308989.html,2026-05-15T11:08:39
phongtro123,"Cho thuê phòng trọ tại kiệt đường 211 Nguyễn Đình Chiểu, Ngũ Hành Sơn Đà Nẵng",1.5 triệu/tháng,20,"Ngũ Hành Sơn, Đà Nẵng","Cho thuê phòng trọ tại kiệt đường 211 Nguyễn Đình Chiểu, Ngũ Hành Sơn Đà Nẵng 1.5 triệu/tháng 20 m 2 Ngũ Hành Sơn, Đà Nẵng Cho phòng trọ địa chỉ: kiệt đường 211 Nguyễn Đình Chiểu, Quận Ngũ Hành Sơn, Đà Nẵng. Nhà mới đẹp mát mẻ đọc lập gồm: có nhà vệ sinh khép kín :… 5 năm trước",https://phongtro123.com/cho-thue-phong-tro-da-nang-cho-thue-phong-tro-ngu-hanh-son-da-nang-pr308138.html,2026-05-15T11:08:39
phongtro123,Phòng trọ 20m2 gần trường ĐHKT và chợ,1.5 triệu/tháng,20,"Ngũ Hành Sơn, Đà Nẵng","Phòng trọ 20m2 gần trường ĐHKT và chợ 1.5 triệu/tháng 20 m 2 Ngũ Hành Sơn, Đà Nẵng - Gần trường Đại Học Kinh Tế ĐN và chợ Bắc Mỹ An và biển.- Phòng rộng 20m2 có tolet riêng, có sân phơi đồ riêng, có máy nóng lạnh.- Tiền điện tính… 5 năm trước",https://phongtro123.com/phong-tro-20m2-gan-truong-dhkt-va-cho-pr308123.html,2026-05-15T11:08:39
phongtro123,Cho thuê phòng trọ giá rẻ gần ĐH Sư Phạm,2 triệu/tháng,15,"Liên Chiểu, Đà Nẵng","Cho thuê phòng trọ giá rẻ gần ĐH Sư Phạm 2 triệu/tháng 15 m 2 Liên Chiểu, Đà Nẵng Bên mình có 7 phòng cho thuê thuộc kiệt Tôn Đức Thắng, Hòa Minh, Liên Chiểu, Đà NẵngDiện tích từ 15 – 28m2, giá từ 2 đến 3 triệu/thángNằm gần… 5 năm trước",https://phongtro123.com/cho-thue-phong-tro-gia-re-gan-dh-su-pham-pr307942.html,2026-05-15T11:08:39
phongtro123,"Cho thuê phòng trọ, nhà trọ Quận Liên Chiểu - Đà Nẵng",1.6 triệu/tháng,20,"Liên Chiểu, Đà Nẵng","Cho thuê phòng trọ, nhà trọ Quận Liên Chiểu - Đà Nẵng 1.6 triệu/tháng 20 m 2 Liên Chiểu, Đà Nẵng PHÒNG TRỌ giá rẻ GIÁ CHỈ 1tr6Diện tích: 20m2Công năng: gác lửng, phòng vệ sinh trong, bàn bếp, khu vực để xeCam kết: wifi miễn phí, An ninh và rất… 5 năm trước",https://phongtro123.com/cho-thue-phong-tro-nha-tro-quan-lien-chieu-da-nang-1-pr307929.html,2026-05-15T11:08:39
phongtro123,Cho thuê phòng trọ Hòa Minh giá chỉ từ 2 triệu/tháng,2 triệu/tháng,15,"Liên Chiểu, Đà Nẵng","Cho thuê phòng trọ Hòa Minh giá chỉ từ 2 triệu/tháng 2 triệu/tháng 15 m 2 Liên Chiểu, Đà Nẵng Tôi cần cho thuê phòng trọ ở kiệt ô tô đường Tôn Đức Thắng, Hòa Minh, Liên Chiểu. Đoạn gần ĐH Sư Phạm.-----------------------------Phòng mới xây xong,… 5 năm trước",https://phongtro123.com/cho-thue-phong-tro-hoa-minh-gia-chi-tu-2-trieu-thang-pr307857.html,2026-05-15T11:08:39
phongtro123,Cho thuê trọ mới xây cách ĐH Sư Phạm 500m,2 triệu/tháng,500,"Liên Chiểu, Đà Nẵng","Cho thuê trọ mới xây cách ĐH Sư Phạm 500m 2 triệu/tháng 15 m 2 Liên Chiểu, Đà Nẵng Mùa Covid ghé thăm các bạn nên chọn cho mình một nơi ở thông thoáng, sang sủa để bảo vệ sức khỏe nhé!Bên mình cho thuê phòng trọ mới cứng, bạn sẽ là… 5 năm trước",https://phongtro123.com/cho-thue-tro-moi-xay-cach-dh-su-pham-500m-pr307806.html,2026-05-15T11:08:39
phongtro123,"Cho thuê phòng trọ Kiệt Tôn Đức Thắng. Trọ thoáng mát, sạch sẽ, vừa mới hoàn thiện nên bảo…",2 triệu/tháng,15,"Liên Chiểu, Đà Nẵng","Cho thuê phòng trọ Kiệt Tôn Đức Thắng. Trọ thoáng mát, sạch sẽ, vừa mới hoàn thiện nên bảo… 2 triệu/tháng 15 m 2 Liên Chiểu, Đà Nẵng Cho thuê trọ Kiệt Tôn Đức Thắng.Trọ ngay UBND phường Hòa Minh, bến xe Đà Nẵng.Gía tùy vào diện tích phòngTrọ 2 cửa sổ lớn sử dụng ánh sáng tự… 5 năm trước",https://phongtro123.com/cho-thue-tro-kiet-ton-duc-thang-pr307797.html,2026-05-15T11:08:39
phongtro123,"Cho thuê phòng trọ đối diện bến xe trung tâm Đà Nẵng. Giá 2,2 triệu/tháng nước nóng lạnh miễn phí.","2,2 triệu/tháng",28,"Liên Chiểu, Đà Nẵng","Cho thuê phòng trọ đối diện bến xe trung tâm Đà Nẵng. Giá 2,2 triệu/tháng nước nóng lạnh miễn phí. 2.2 triệu/tháng 28 m 2 Liên Chiểu, Đà Nẵng Cho thuê phòng trọ K1/7 Nam Trân (Đối diện bxe trung tâm Đà Nẵng)Giá 2,2 nước nóng lạnh miễn phíSẵn wifiAn ninh và rất trật tựCòn 1 phòng duy nhất… 5 năm trước",https://phongtro123.com/cho-thue-phong-doi-dien-ben-xe-pr307768.html,2026-05-15T11:08:39
phongtro123,"Phòng trọ cho thuê tại phường An Hải Bắc, Sơn Trà Đà Nẵng. Giá thuê 1,8 triệu/tháng","1,8 triệu/tháng",20,"Sơn Trà, Đà Nẵng","Phòng trọ cho thuê tại phường An Hải Bắc, Sơn Trà Đà Nẵng. Giá thuê 1,8 triệu/tháng 1.8 triệu/tháng 20 m 2 Sơn Trà, Đà Nẵng Phòng mặt tiền đường 10.5m phòng thoáng mát có gác xép. Công trình vệ sinh khép kín. An ninh trật tự tốt. Cách chợ Mân Thái 400m.gần ngã tư Vương Thừa Vũ. 5 năm trước",https://phongtro123.com/phong-tro-cho-thue-phuong-an-hai-bac-pr306533.html,2026-05-15T11:08:39
phongtro123,Phòng trọ quận Sơn Trà 20m2 full nội thất,2.5 triệu/tháng,20,"Sơn Trà, Đà Nẵng","Phòng trọ quận Sơn Trà 20m2 full nội thất 2.5 triệu/tháng 20 m 2 Sơn Trà, Đà Nẵng Mình còn 2 phòng full nội thất chưa có bếp. Bạn nào có nhu cầu có thể mua bếp tự nấu hoặc dùng bếp chung ở tầng 1. Nhà vệ sinh trong phòng, nước và wifi… 5 năm trước",https://phongtro123.com/phong-tro-quan-son-tra-20m2-full-noi-that-pr307741.html,2026-05-15T11:08:39
phongtro123,"Cho thuê phòng trọ, liên hệ trực tiếp để biết thêm chi tiết",2 triệu/tháng,14,"Ngũ Hành Sơn, Đà Nẵng","Cho thuê phòng trọ, liên hệ trực tiếp để biết thêm chi tiết 2 triệu/tháng 14 m 2 Ngũ Hành Sơn, Đà Nẵng Cho thuê Phòng trọ tại 611 trần cao vân giá 1.3tr-1.4tr bao luôn điện nước. Phòng trọ tại 30 trần văn dư giá từ 2tr-2.5tr. Liên hệ trực tiếp đt… 5 năm trước",https://phongtro123.com/cho-thue-phong-tro-lien-he-truc-tiep-de-biet-them-chi-tiet-pr307646.html,2026-05-15T11:08:39
phongtro123,"Cho thuê phòng trọ gần đại học duy tân, trung tâm thành phố Đà Nẵng",2.4 triệu/tháng,20,"Thanh Khê, Đà Nẵng","Cho thuê phòng trọ gần đại học duy tân, trung tâm thành phố Đà Nẵng 2.4 triệu/tháng 20 m 2 Thanh Khê, Đà Nẵng Cần cho thuê 2 phòng trọ trung tâm thành phố Đà Nẵng, gần đại học Duy Tân, bệnh viện Hoàn Mỹ, sân bay Đà Nẵng, chợ Tân Lập nhà trọ trong hẻm yên tĩnh,… 5 năm trước",https://phongtro123.com/cho-thue-phong-tro-gan-dai-hoc-duy-tan-trung-tam-thanh-pho-da-nang-pr307631.html,2026-05-15T11:08:39
phongtro123,"Phòng trọ cho thuê giá rẻ, sạch sẽ, thoáng mát",2 triệu/tháng,22,"Ngũ Hành Sơn, Đà Nẵng","Phòng trọ cho thuê giá rẻ, sạch sẽ, thoáng mát 2 triệu/tháng 22 m 2 Ngũ Hành Sơn, Đà Nẵng CHO THUÊ PHÒNG, KHANG TRANG, MỚI XÂY XONG, CÓ GÁC LỬNG, CÓ MÁY GIẶT MIỄN PHÍ!ĐƯỢC ƯU TIÊN CHỌN LẦU VÀ PHÒNG KHI ĐĂNG KÝ SỚM!- Vị trí thuận lợi, 5… 5 năm trước",https://phongtro123.com/phong-tro-cho-thue-gia-re-sach-se-thoang-mat-pr307523.html,2026-05-15T11:08:39
phongtro123,Phòng kiểu căn hộ mini full nội thất và phòng trọ cơ bản. Giá từ 2 triệu đến 3.8 triệu tùy phòng.,2 triệu/tháng,35,"Ngũ Hành Sơn, Đà Nẵng","Phòng kiểu căn hộ mini full nội thất và phòng trọ cơ bản. Giá từ 2 triệu đến 3.8 triệu tùy phòng. 2 triệu/tháng 35 m 2 Ngũ Hành Sơn, Đà Nẵng Phòng trọ kiểu căn hộ mini và phòng trọ cơ bản. Giá 2tr~3.8tr/căn mới xây dựng 100%- Căn mini: Có phòng điều hoà riêng , có bếp nấu ăn, nhà vệ sinh riêng… 5 năm trước",https://phongtro123.com/phong-mini-full-noi-that-va-phong-tro-pr307521.html,2026-05-15T11:08:39
phongtro123,"Phòng trọ diện tích 20m2, giá 1,8 triệu/tháng, có gác lững số 18 đường Cẩm Bắc 9","1,8 triệu/tháng",20,"Cẩm Lệ, Đà Nẵng","Phòng trọ diện tích 20m2, giá 1,8 triệu/tháng, có gác lững số 18 đường Cẩm Bắc 9 1.8 triệu/tháng 20 m 2 Cẩm Lệ, Đà Nẵng Phòng mới, WC riêng,gác lững, có chổ nấu ăn, có chỗ gởi xe rộng rãi, gần trường mầm non, trung tâm quận cẩm lệ 5 năm trước",https://phongtro123.com/phong-tro-20m2-gac-lung-18-duong-cam-bac-9-pr307458.html,2026-05-15T11:08:39
phongtro123,"672/5 Trần Cao Vân cho thuê phòng trọ dt 25m2. Giá 2,5 triệu (có thương lượng).",2.5 triệu/tháng,25,"Thanh Khê, Đà Nẵng","672/5 Trần Cao Vân cho thuê phòng trọ dt 25m2. Giá 2,5 triệu (có thương lượng). 2.5 triệu/tháng 25 m 2 Thanh Khê, Đà Nẵng 672/5 Trần Cao Vân cho thuê phòng trọ 25m2.giá 2 triệu 5 (có thương lượng). Phòng lát gạch men sàn tường. Có wc, bếp, cáp tv, đồng hồ điện nước riêng.… 5 năm trước",https://phongtro123.com/672-5-tran-cao-van-cho-thue-phong-tro-25m2-gia-2-trieu-5-co-thuong-luong-pr307414.html,2026-05-15T11:08:39
phongtro123,"Cho thuê phòng trọ tại K393/6/2 Đường Nguyễn Phước Nguyên, Phường An Khê, Quận Thanh Khê, Đà Nẵng",1.5 triệu/tháng,25,"Thanh Khê, Đà Nẵng","Cho thuê phòng trọ tại K393/6/2 Đường Nguyễn Phước Nguyên, Phường An Khê, Quận Thanh Khê, Đà Nẵng 1.5 triệu/tháng 25 m 2 Thanh Khê, Đà Nẵng Cho thuê phòng trọ gần các trg Đh như Duy Tân. 1tr6/tháng (2ng) 2tr/tháng (3ng) Ưu tiên SV thuê. (nam nam , nữ nữ) Địa chỉ :K393/6/2 Nguyễn Phước Nguyên Giờ giấc… 5 năm trước",https://phongtro123.com/cho-thue-phogf-tro-gan-trung-tam-pr307366.html,2026-05-15T11:08:39
phongtro123,"Cho thuê trọ 78/12 Lê Thanh Nghị. Diện tích từ 17 đến 22m2 chưa kể gác giá thuê 2,8 triệu/tháng","2,8 triệu/tháng",22,"Hải Châu, Đà Nẵng","Cho thuê trọ 78/12 Lê Thanh Nghị. Diện tích từ 17 đến 22m2 chưa kể gác giá thuê 2,8 triệu/tháng 2.8 triệu/tháng 25 m 2 Hải Châu, Đà Nẵng K78/12 Lê Thanh Nghị - Hải Châu- Đà nẵngPhòng diện tích từ :17-22m2 chưa tính diện tích phần gác lửngGiá ưu đãiGồm : điều hoà nhiệt độ, bình nóng… 5 năm trước",https://phongtro123.com/cho-thue-tro-78-12-le-thanh-nghi-1-pr307297.html,2026-05-15T11:08:43
phongtro123,Cho thuê phòng trọ Trung Tâm Đà Nẵng. Giá: 2.000.000 - 2.500.000 / tháng,2 triệu/tháng,20,"Hải Châu, Đà Nẵng","Cho thuê phòng trọ Trung Tâm Đà Nẵng. Giá: 2.000.000 - 2.500.000 / tháng 2 triệu/tháng 20 m 2 Hải Châu, Đà Nẵng Cho thuê phòng trọ cao cấp đầy đủ tiện nghi:Ở mặt tiền đường 10,5m Nguyễn Sơn Trà(gần ks Minh Toàn Galaxy),khu vực an ninh,dân trí tốt.Phòng rộng… 5 năm trước",https://phongtro123.com/cho-thue-phong-tro-trung-tam-da-nang-pr306688.html,2026-05-15T11:08:43
phongtro123,"Cho thuê trọ 78/12 Lê Thanh Nghị, Phường Hòa Cường Bắc, Quận Hải Châu, Đà Nẵng",2.8 triệu/tháng,25,"Hải Châu, Đà Nẵng","Cho thuê trọ 78/12 Lê Thanh Nghị, Phường Hòa Cường Bắc, Quận Hải Châu, Đà Nẵng 2.8 triệu/tháng 25 m 2 Hải Châu, Đà Nẵng K78/12 Lê Thanh Nghị - Hải Châu- Đà nẵngPhòng trọ cho thuê có gác lững rộng rãi, thoáng mátNội thất đã có : điều hoà nhiệt độ, bình nóng lạnh, sân… 5 năm trước",https://phongtro123.com/cho-thue-tro-78-12-le-thanh-nghi-pr307251.html,2026-05-15T11:08:43
phongtro123,"Phòng Trọ Kiệt 82 Nguyễn Lương Bằng Phường Hòa Khánh Bắc. Giá thuê 1,2 triệu/tháng","1,2 triệu/tháng",16,"Liên Chiểu, Đà Nẵng","Phòng Trọ Kiệt 82 Nguyễn Lương Bằng Phường Hòa Khánh Bắc. Giá thuê 1,2 triệu/tháng 1.2 triệu/tháng 16 m 2 Liên Chiểu, Đà Nẵng Cho thuê phòng kiệt 82 Nguyễn Lương Bằng.cạnh Đại học Bách KhoaPhòng :1.200.000Nước: 30k/ ngườiĐiện : 3k/ chữGiờ giấc tự do.ko chung chủLH: 0796 525 074 5 năm trước",https://phongtro123.com/phong-tro-kiet-82-nguyen-luong-bang-pr307178.html,2026-05-15T11:08:43
phongtro123,"Cho thuê phòng tại trung tâm quận Hải Châu Giá 2,5 triệu đầy đủ tiện nghi",2.5 triệu/tháng,30,"Hải Châu, Đà Nẵng","Cho thuê phòng tại trung tâm quận Hải Châu Giá 2,5 triệu đầy đủ tiện nghi 2.5 triệu/tháng 30 m 2 Hải Châu, Đà Nẵng Hiện tại mình còn phòng* phòng 2tr5Có máy giặt, tủ lạnh, nước nóng lạnh, wifi,... đầy đủ tiện nghiPhòng ở gần chợ và các trường đại học kiến… 5 năm trước",https://phongtro123.com/cho-thue-phong-tai-trung-tam-quan-hai-chau-pr307076.html,2026-05-15T11:08:43
phongtro123,"Phòng Trọ Cho Thuê Sạch Sẽ, Tự Do Về Giờ ( Ưu tiên thuê lâu dài )",1.5 triệu/tháng,25,"Cẩm Lệ, Đà Nẵng","Phòng Trọ Cho Thuê Sạch Sẽ, Tự Do Về Giờ ( Ưu tiên thuê lâu dài ) 1.5 triệu/tháng 25 m 2 Cẩm Lệ, Đà Nẵng - Phòng trọ 25m2- Nhà vệ sinh riêng- Không chung chủ, giờ giấc thoải mái- Ưu tiên thuê lâu dài và gia đình- Liên hệ 0386319442 để biết thêm thông tin chi… 5 năm trước",https://phongtro123.com/phong-tro-cho-thue-uu-tien-thue-lau-dai-pr307061.html,2026-05-15T11:08:43
phongtro123,Chỉ 3 triệu cho căn hộ mini đầy đủ nội thất,3 triệu/tháng,25,"Ngũ Hành Sơn, Đà Nẵng","Chỉ 3 triệu cho căn hộ mini đầy đủ nội thất 3 triệu/tháng 25 m 2 Ngũ Hành Sơn, Đà Nẵng ️️️SIÊU ƯU ĐÃI MÙA HÈ, CHỈ TỪ 3 triệu/ tháng có ngay căn hộ đầy đủ tiện nghi, ngay trung tâm thành phố.LIÊN HỆ NGAY 0901111567 ĐỂ ĐƯỢC GIÁ… 5 năm trước",https://phongtro123.com/chi-3trieu-cho-can-ho-mini-day-du-noi-that-pr303147.html,2026-05-15T11:08:43
phongtro123,"Phòng cao cấp mới xây giá hợp lý, khu an ninh, yên tĩnh tại Đường Bắc Sơn, Quận Cẩm Lệ",2 triệu/tháng,25,"Cẩm Lệ, Đà Nẵng","Phòng cao cấp mới xây giá hợp lý, khu an ninh, yên tĩnh tại Đường Bắc Sơn, Quận Cẩm Lệ 2 triệu/tháng 25 m 2 Cẩm Lệ, Đà Nẵng Mình mới xây 2 phòng trọ đường thân công tài gần yên thế Bắc sơn - cẩm lệ. Gần trạm y tế , ủy ban phương fb hoà an cách 300m .phong rất rộng đt hơn. 20… 5 năm trước",https://phongtro123.com/phong-cao-cap-moi-xay-gia-hop-ly-khu-an-ninh-pr307020.html,2026-05-15T11:08:43
phongtro123,"Tìm nữ ở ghép tại địa chỉ 63/9/2 Đường Phạm Văn Nghị, Phường Thạc Gián, Quận Thanh Khê, Đà…",,75,"Thanh Khê, Đà Nẵng","Tìm nữ ở ghép tại địa chỉ 63/9/2 Đường Phạm Văn Nghị, Phường Thạc Gián, Quận Thanh Khê, Đà… 750.000 đồng/tháng 75 m 2 Thanh Khê, Đà Nẵng Cần tìm nữ ở ghépPhòng có gác lửngNước freeTiền phòng 750k/1 ngườiThoáng mátYêu cầu sạch sẽ, trung thực 5 năm trước",https://phongtro123.com/tim-nu-o-ghep-bdjdbdjdbdkdbdjbd-pr307002.html,2026-05-15T11:08:43
phongtro123,Cho thuê phòng trọ ktx giường tầng bao điện nước có điều hòa,1 triệu/tháng,20,"Ngũ Hành Sơn, Đà Nẵng","Cho thuê phòng trọ ktx giường tầng bao điện nước có điều hòa 1 triệu/tháng 20 m 2 Ngũ Hành Sơn, Đà Nẵng ️GÓC CHO THUÊ DÀI HẠN️HOT HOT HOTĐịa chỉ: K100/30 Nguyễn Văn Thoại️Phòng ký túc xá 3*: 1.000k/1 người/tháng (bao điện, nước, wifi)️Các tiện ích… 5 năm trước",https://phongtro123.com/cho-thue-phong-tro-ktx-giuong-tang-bao-dien-nuoc-co-dieu-hoa-pr306779.html,2026-05-15T11:08:43
phongtro123,"Cho nữ thuê trọ tại 82 Đường Nguyễn Thúy, Quận Liên Chiểu. Phòng đẹp giá rẻ. Ai có nhu cầu liên…",1.2 triệu/tháng,20,"Liên Chiểu, Đà Nẵng","Cho nữ thuê trọ tại 82 Đường Nguyễn Thúy, Quận Liên Chiểu. Phòng đẹp giá rẻ. Ai có nhu cầu liên… 1.2 triệu/tháng 20 m 2 Liên Chiểu, Đà Nẵng Cho nữa thuê trọ.An ninh đảm bảoChỗ để xe rộng rãiYên tĩnhThích hợp cho những bạn đi làm.Nếu quan tâm thì liên hệ 0935589967 gặp Chính 5 năm trước",https://phongtro123.com/cho-nu-thue-tro-lien-he-chinh-pr306673.html,2026-05-15T11:08:43
phongtro123,Phòng trọ đường CMT8 quận Cẩm Lệ 25m2,1.6 triệu/tháng,25,"Cẩm Lệ, Đà Nẵng","Phòng trọ đường CMT8 quận Cẩm Lệ 25m2 1.6 triệu/tháng 25 m 2 Cẩm Lệ, Đà Nẵng - Diện tích sử dụng : 25m2 (có gác), bếp, toilet trang bị đầy đủ- Cuối đường Cách Mạng Tháng 8, ngay chân cầu vượt Hòa Cầm, hẻm rộng 4m, cách đường… 5 năm trước",https://phongtro123.com/phong-tro-duong-cmt8-quan-cam-le-25m2-pr306657.html,2026-05-15T11:08:43
phongtro123,Cho thuê phòng trọ (ghép chung nhà cấp 4 đổ mê.nhà 70m),2 triệu/tháng,70,"Hải Châu, Đà Nẵng","Cho thuê phòng trọ (ghép chung nhà cấp 4 đổ mê.nhà 70m) 2 triệu/tháng 20 m 2 Hải Châu, Đà Nẵng Yêu cầu : nữ đi làmDiện tích phòng : 20mTOILET DÙNG CHUNGPHÒNG KHÁCH DÙNG CHUNGPHÒNG BẾP DÙNG CHUNGNHÀ CẤP 4 MÊ LỬNGLiên hệ 0978247514 5 năm trước",https://phongtro123.com/cho-thue-phong-tro-ghep-chung-nha-cap-4-do-me-nha-70m-pr306348.html,2026-05-15T11:08:43
phongtro123,Trọ KCN Hòa Khánh Mở Rộng - Phù hợp cho GD Trẻ,1.6 triệu/tháng,25,"Liên Chiểu, Đà Nẵng","Trọ KCN Hòa Khánh Mở Rộng - Phù hợp cho GD Trẻ 1.6 triệu/tháng 25 m 2 Liên Chiểu, Đà Nẵng [ĐỊA CHỈ TRỌ NẰM NGAY CẠNH KHU CÔNG NGHIỆP HÒA KHÁNH MỞ RỘNG, NGAY NGÃ TƯ ĐƯỜNG SỐ 5 VÀ ĐƯỜNG SỐ 10]Hình ảnh thực tế trọ như ảnh đính… 5 năm trước",https://phongtro123.com/tro-kcn-hoa-khanh-mo-rong-phu-hop-cho-gd-tre-pr306330.html,2026-05-15T11:08:43
phongtro123,"Cho thuê phòng trọ mới 100%, sạch sẽ, diện tích 25m2 giá thuê thì bình dân phù hợp cho tất cả mọi…",1.5 triệu/tháng,25,"Liên Chiểu, Đà Nẵng","Cho thuê phòng trọ mới 100%, sạch sẽ, diện tích 25m2 giá thuê thì bình dân phù hợp cho tất cả mọi… 1.5 triệu/tháng 25 m 2 Liên Chiểu, Đà Nẵng THÊM 1 CỰC PHẨM PHÒNG TRỌ TẠI Hòa Khánh đang hoàn thiện- Vị trí: đường NAM CAO nối dài , gần khu công nghiệp hòa khánh, gần trường Đại Học Duy Tân… 5 năm trước",https://phongtro123.com/cho-thue-phong-tro-binh-dan-pr306115.html,2026-05-15T11:08:43
phongtro123,"Phòng Trọ Cao Cấp Mới Xây, Số 606-608 đường Nguyễn Hữu Thọ, Đà Nẵng",3 triệu/tháng,20,"Cẩm Lệ, Đà Nẵng","Phòng Trọ Cao Cấp Mới Xây, Số 606-608 đường Nguyễn Hữu Thọ, Đà Nẵng 3 triệu/tháng 20 m 2 Cẩm Lệ, Đà Nẵng Phòng Trọ Mới Xây , Cho thuê Lần đầu, Số 606-608 Đường Nguyễn Hữu Thọ, Đà NẵngGiá bình dân , Giờ giấc tự do, Không chung chủ Diện tích: Tùy… 5 năm trước",https://phongtro123.com/tinh-thanh/da-nang/phong-tro-mat-tien-cao-cap-moi-xay-xong-so-606-608-duong-nguyen-huu-tho-da-nang.html,2026-05-15T11:08:43
phongtro123,"PHÒNG TRỌ GIÁ RẺ TRUNG TÂM THÀNH PHỐ – 19 NGUYỄN HỮU THỌ, ĐÀ NẴNG",2.5 triệu/tháng,20,"Hải Châu, Đà Nẵng","PHÒNG TRỌ GIÁ RẺ TRUNG TÂM THÀNH PHỐ – 19 NGUYỄN HỮU THỌ, ĐÀ NẴNG 2.5 triệu/tháng 20 m 2 Hải Châu, Đà Nẵng Phòng trọ Đẹp trung tâm thành phố tại 19 Nguyễn Hữu Thọ, Q.Hải Châu - Đà Nẵng. Nhà đúc phòng trọ , sạch sẽ, kép kín. Sử dụng lối đi riêng, giờ… 5 năm trước",https://phongtro123.com/tinh-thanh/da-nang/phong-tro-gia-re-trung-tam-thanh-pho-19-nguyen-huu-tho-da-nang.html,2026-05-15T11:08:43
phongtro123,Cho thuê phòng trọ giá rẻ bao gồm đầy đủ tiện nghi ngay trung tâm Đà Nẵng,5 triệu/tháng,50,"Hải Châu, Đà Nẵng","Cho thuê phòng trọ giá rẻ bao gồm đầy đủ tiện nghi ngay trung tâm Đà Nẵng 5 triệu/tháng 50 m 2 Hải Châu, Đà Nẵng Cho thuê căn hộ Đường Trần phú diện tích rộng rãi đầy đủ tiện nghi chỉ cần xách ba lo vào ởKhu vực trung tâm thành phố đối diện nhà thờ Con Gà .… 5 năm trước",https://phongtro123.com/cho-thue-phong-tro-gia-re-bao-gom-day-du-tien-nghi-ngay-trung-tam-da-nang-pr306082.html,2026-05-15T11:08:43
phongtro123,"Cho thuê nhà trọ quận Ngũ Hành Sơn, 3 phút đi bộ đến trường Đại Học Kinh Tế",3 triệu/tháng,30,"Ngũ Hành Sơn, Đà Nẵng","Cho thuê nhà trọ quận Ngũ Hành Sơn, 3 phút đi bộ đến trường Đại Học Kinh Tế 3 triệu/tháng 30 m 2 Ngũ Hành Sơn, Đà Nẵng Phòng rộng 30m2, dạng như căn hộ mini, Thích hợp cho nhóm bạn sinh viên 2-3 người; hoặc cho cặp vợ chồng có 1-2 con nhỏ Căn hộ xây năm 2018 nên còn… 5 năm trước",https://phongtro123.com/cho-thue-nha-tro-quan-ngu-hanh-son-3-phut-di-bo-den-truong-dai-hoc-kinh-te-pr306017.html,2026-05-15T11:08:43
phongtro123,PHÒNG TRỌ CAO CẤP - ĐẦY ĐỦ TIỆN NGHI - CHỈ 3 TRIỆU MỘT THÁNG,3 triệu/tháng,20,"Sơn Trà, Đà Nẵng","PHÒNG TRỌ CAO CẤP - ĐẦY ĐỦ TIỆN NGHI - CHỈ 3 TRIỆU MỘT THÁNG 3 triệu/tháng 20 m 2 Sơn Trà, Đà Nẵng Đầy đủ tiện nghi, ngày đầu cầu Rồng. Phòng có gác lửng, tủ lạnh, máy giặc, máy điều hoà, nước nóng lạnh. Ở được từ 3-4 người.Giá phòng… 5 năm trước",https://phongtro123.com/phong-tro-cao-cap-day-du-tien-nghi-chi-3-trieu-mot-thang-pr305988.html,2026-05-15T11:08:43
phongtro123,"Cho thuê trọ giá rẻ, có nhiều phòng để lựa chọn",2 triệu/tháng,20,"Hải Châu, Đà Nẵng","Cho thuê trọ giá rẻ, có nhiều phòng để lựa chọn 2 triệu/tháng 20 m 2 Hải Châu, Đà Nẵng Cho thuê phòng trọ giá rẻ.gần chợ,bệnh viện,trường học.nằm ngay trung tâm.có phòng lớn dành cho gia đình,có thể thue làm văn phòng 5 năm trước",https://phongtro123.com/cho-thue-tro-gia-re-co-nhieu-phong-de-lua-chon-pr305914.html,2026-05-15T11:08:47
phongtro123,Cho thuê phòng tại 420/1 lê văn hiến ngay trung tâm hành chính quận,2.3 triệu/tháng,20,"Ngũ Hành Sơn, Đà Nẵng","Cho thuê phòng tại 420/1 lê văn hiến ngay trung tâm hành chính quận 2.3 triệu/tháng 20 m 2 Ngũ Hành Sơn, Đà Nẵng phòng thoáng mát mê đúc wc,wifi,để xe an ninh đầy đủ tiện nghi.chỉ còn một phòng ngay sát bv 600 giường ,cách biển 200m 5 năm trước",https://phongtro123.com/cho-thue-phong-tai-420-1-le-van-hien-ngay-trung-tam-hanh-chinh-quan-pr305763.html,2026-05-15T11:08:47
phongtro123,Cho Thuê Phòng Trọ Quận Thanh Khê Đà Nẵng,3 triệu/tháng,28,"Thanh Khê, Đà Nẵng","Cho Thuê Phòng Trọ Quận Thanh Khê Đà Nẵng 3 triệu/tháng 28 m 2 Thanh Khê, Đà Nẵng Nhà mới xây xong, đẹp, thoáng (2 mặt tiền), máy lạnh, gác lửng bê tông, trần thạch cao, nước nóng năng lượng mặt trời (tiết kiệm), wifi, khu an ninh, có… 5 năm trước",https://phongtro123.com/cho-thue-phong-tro-quan-thanh-khe-da-nang-pr305710.html,2026-05-15T11:08:47
phongtro123,Cho thuê phòng trọ dành cho nữ phòng trọ thoáng mát có phòng vệ sinh sạch sẽ,1.5 triệu/tháng,15,"Thanh Khê, Đà Nẵng","Cho thuê phòng trọ dành cho nữ phòng trọ thoáng mát có phòng vệ sinh sạch sẽ 1.5 triệu/tháng 15 m 2 Thanh Khê, Đà Nẵng Cho thuê phòng trọ dành cho nữ phòng trọ thoáng mát có phòng vệ sinh sạch sẽ Chi tiết xin liên hệ chị Hoa ( 0905876593 ) 5 năm trước",https://phongtro123.com/cho-thue-phong-tro-danh-cho-nu-phong-tro-thoang-mat-co-phong-ve-sinh-sach-se-pr305707.html,2026-05-15T11:08:47
phongtro123,"Căn hộ mini giá rẻ tại 464 Đường Trường Chinh, Phường Hòa An, Quận Cẩm Lệ, Đà Nẵng ngay trung tâm",2.5 triệu/tháng,12,"Cẩm Lệ, Đà Nẵng","Căn hộ mini giá rẻ tại 464 Đường Trường Chinh, Phường Hòa An, Quận Cẩm Lệ, Đà Nẵng ngay trung tâm 2.5 triệu/tháng 12 m 2 Cẩm Lệ, Đà Nẵng Hoamep - House for rent.HOAMEP - HOUSE FOR RENT có dự án 5 căn hộ giá rẻ đầy đủ tiện nghi trung tâm thành phố Đà Nẵng, phù hợp với các bạn sinh viên, nhân… 5 năm trước",https://phongtro123.com/can-ho-mini-gia-re-trung-tam-da-nang-pr305702.html,2026-05-15T11:08:47
phongtro123,"Trọ gia đình đường 7,5m đường Thanh Tân Quận Thanh Khê",2.2 triệu/tháng,7.5,"Thanh Khê, Đà Nẵng","Trọ gia đình đường 7,5m đường Thanh Tân Quận Thanh Khê 2.2 triệu/tháng 18 m 2 Thanh Khê, Đà Nẵng Trọ gia đình đường 7,5m Quận Thanh KhêDiện tích gần 20m2 có gác lửngCách trường cấp 1 và cấp 2: 50mCách chợ Kỳ Đồng: 100m 5 năm trước",https://phongtro123.com/tro-gia-dinh-duong-7-5m-quan-thanh-khe-pr305518.html,2026-05-15T11:08:47
phongtro123,"Cho thuê phòng trọ, nhiều diện tích giá cả phải chăng tại đường Trần Huy Liệu, Phường Khuê Trung,…",1.7 triệu/tháng,25,"Cẩm Lệ, Đà Nẵng","Cho thuê phòng trọ, nhiều diện tích giá cả phải chăng tại đường Trần Huy Liệu, Phường Khuê Trung,… 1.7 triệu/tháng 25 m 2 Cẩm Lệ, Đà Nẵng Phòng trọ biệt lập. giờ giấc tự do. Có gác lửng, điều hòa, máy nước nóng, không chung chủ. Gần trường Đh ngoại ngữ, kiến trúc, đông Á. Chợ đầu… 5 năm trước",https://phongtro123.com/cho-thue-phong-tro-nhieu-dien-tich-pr305341.html,2026-05-15T11:08:47
phongtro123,Nhà ở quận Hải châu (trung tâm thành phố),3.7 triệu/tháng,55,"Hải Châu, Đà Nẵng","Nhà ở quận Hải châu (trung tâm thành phố) 3.7 triệu/tháng 55 m 2 Hải Châu, Đà Nẵng Cho thuê nhà ở quận Hải Châu, P Hải Châu 11 phòng ngủ, toilet, bếp, phòng khách + để xe, gần công an Phường, khu phố văn minh, an toàn 5 năm trước",https://phongtro123.com/nha-o-quan-hai-chau-trung-tam-thanh-pho-pr305304.html,2026-05-15T11:08:47
phongtro123,"Cho Thuê Phòng Trọ 80/1 Tô Hiệu (Gần Bến Xe TT Đà Nẵng, Gần Chợ Hòa Mỹ)",1.2 triệu/tháng,16,"Liên Chiểu, Đà Nẵng","Cho Thuê Phòng Trọ 80/1 Tô Hiệu (Gần Bến Xe TT Đà Nẵng, Gần Chợ Hòa Mỹ) 1.2 triệu/tháng 16 m 2 Liên Chiểu, Đà Nẵng Cho thuê phòng trọ :Phòng trọ thoáng mát, mặt tiền đường đi. Vệ sinh khép kín, cổng ngõ riêng, có sân đỗ xe.đường Tô Hiệu, số 80/1, gần bến xe Trung… 5 năm trước",https://phongtro123.com/cho-thue-phong-tro-80-1-to-hieu-gan-ben-xe-tt-da-nang-gan-cho-hoa-my-pr305095.html,2026-05-15T11:08:47
phongtro123,Phòng trọ đường Nguyễn Như Hạnh gần Ngã Ba Huế Đà Nẵng,1.2 triệu/tháng,16,"Liên Chiểu, Đà Nẵng","Phòng trọ đường Nguyễn Như Hạnh gần Ngã Ba Huế Đà Nẵng 1.2 triệu/tháng 16 m 2 Liên Chiểu, Đà Nẵng Phòng trọ kiệt 85 Nguyễn Như Hạnh Đà Nẵng, gần ngã ba Huế, gần bến xe trung tâm, trường đại học sư phạm.Giờ giấc tự do, không chung chủNhà rộng… 5 năm trước",https://phongtro123.com/phong-tro-duong-nguyen-nhu-hanh-gan-nga-ba-hue-da-nang-pr305023.html,2026-05-15T11:08:47
phongtro123,"CHO THUÊ PHÒNG TRỌ QUẬN CẨM LỆ, ĐÀ NẴNG",2 triệu/tháng,25,"CẨM LỆ, ĐÀ NẴNG","CHO THUÊ PHÒNG TRỌ QUẬN CẨM LỆ, ĐÀ NẴNG 2 triệu/tháng 25 m 2 Cẩm Lệ, Đà Nẵng CHO THUÊ PHÒNG TRỌĐỊA CHỈ: 76 Nguyễn Đức Thiệu️Điện 3k/ chữ, nước 7k/ khối, wifi️Dãy trọ 3 tầng, gần đại học Ngoại ngữ, kiến trúc, Đông… 5 năm trước",https://phongtro123.com/cho-thue-phong-tro-quan-cam-le-da-nang-pr304968.html,2026-05-15T11:08:47
phongtro123,"Cho thuê phòng trọ. Đường Phú Thạnh 10, Q.Liên Chiểu, TP Đà Nẵng",2 triệu/tháng,15,"Liên Chiểu, Đà Nẵng","Cho thuê phòng trọ. Đường Phú Thạnh 10, Q.Liên Chiểu, TP Đà Nẵng 2 triệu/tháng 15 m 2 Liên Chiểu, Đà Nẵng Cho thuê phòng trọ, diện tích 15m2. Đường Phú Thạnh 10, Q.Liên Chiểu, TP Đà Nẵng Phòng mới xây , sau lưngTrường Đại Học Bách Khoa, gần chợ, trường… 5 năm trước",https://phongtro123.com/cho-thue-phong-tro-duong-phu-thanh-10-q-lien-chieu-tp-da-nang-pr304931.html,2026-05-15T11:08:47
phongtro123,"Phòng trọ sạch sẽ, mới xây dựng cho thuê tại 10 Đường Giang Châu 1, Phường Mỹ An, Quận Ngũ Hành…",2.2 triệu/tháng,30,"Ngũ Hành Sơn, Đà Nẵng","Phòng trọ sạch sẽ, mới xây dựng cho thuê tại 10 Đường Giang Châu 1, Phường Mỹ An, Quận Ngũ Hành… 2.2 triệu/tháng 30 m 2 Ngũ Hành Sơn, Đà Nẵng Cho thuê phòng trọ, mặt tiền đường Giang Châu 1 (7,5m) thích hợp vợ chồng tre, phòng gọn gàng, sạch sẽ, mới xây 5 năm trước",https://phongtro123.com/phong-tro-sach-se-moi-xay-dung-pr304916.html,2026-05-15T11:08:47
phongtro123,"Cho thuê Phòng Trọ Siêu Bự, Siêu rẻ ngay sau lưng KTX DMC Ngũ Hành Sơn, 52m2 và 30m2",3 triệu/tháng,52,"Ngũ Hành Sơn, Đà Nẵng","Cho thuê Phòng Trọ Siêu Bự, Siêu rẻ ngay sau lưng KTX DMC Ngũ Hành Sơn, 52m2 và 30m2 3 triệu/tháng 53 m 2 Ngũ Hành Sơn, Đà Nẵng Hiện nay Lam Homestay của mình dư 2 phòng tầng ở tầng 2:1. Phòng có 2 giường (từ ảnh 1 - 5): Giá 3 Triệu 1 tháng, Sức Chứa 4 - 5 người, có cửa sổ, có thể… 5 năm trước",https://phongtro123.com/cho-thue-phong-tro-sieu-bu-sieu-re-ngay-sau-lung-ktx-dmc-ngu-hanh-son-52m2-va-30m2-pr302385.html,2026-05-15T11:08:47
phongtro123,PHÒNG TRỌ CHO NỮ 25M2 ĐƯỜNG NGUYỄN CHÍ THANH,1.8 triệu/tháng,25,"Hải Châu, Đà Nẵng","PHÒNG TRỌ CHO NỮ 25M2 ĐƯỜNG NGUYỄN CHÍ THANH 1.8 triệu/tháng 25 m 2 Hải Châu, Đà Nẵng PHÒNG TRỌ CHO NỮ Q.HẢI CHÂU - TRUNG TÂM TP ĐÀ NẴNGNhà mình cho thuê 01 phòng trọ chính chủ ở đường Nguyễn Chí Thanh, quận Hải Châu ngay trung tâm TP Đà… 5 năm trước",https://phongtro123.com/phong-tro-cho-nu-25m2-duong-nguyen-chi-thanh-pr304805.html,2026-05-15T11:08:47
phongtro123,"Phòng trọ mới xây siêu rộng có điều hoà. Diện Tích 28m2 tại Lỗ Giáng 19, Phường Hòa Xuân, Quận…",2.5 triệu/tháng,28,"Cẩm Lệ, Đà Nẵng","Phòng trọ mới xây siêu rộng có điều hoà. Diện Tích 28m2 tại Lỗ Giáng 19, Phường Hòa Xuân, Quận… 2.5 triệu/tháng 28 m 2 Cẩm Lệ, Đà Nẵng Có 3 phòng trọ mới xây. Diện tích 28m2, có trang bị điều hoà, có nhà để xe rieng, camera 24/24. Khu vực dân cư an ninh. Thích hợp cho gia đình trẻ hoặc những… 5 năm trước",https://phongtro123.com/phong-tro-moi-xay-sieu-rong-co-dieu-hoa-pr304589.html,2026-05-15T11:08:47
phongtro123,Cho thuê phòng trọ mặt kiệt rộng!,1.8 triệu/tháng,26,"Thanh Khê, Đà Nẵng","Cho thuê phòng trọ mặt kiệt rộng! 1.8 triệu/tháng 26 m 2 Thanh Khê, Đà Nẵng Cho thuê 5 phòng trọ tại số 15/6 đường trần xuân lê, thanh khê, đà nẵng. diện tích 26m2 - 35m2. Riêng biệt bếp và phòng vệ sinh, từng phòng đều quay mặt ra… 5 năm trước",https://phongtro123.com/cho-thue-phong-tro-mat-kiet-rong-pr304474.html,2026-05-15T11:08:47
phongtro123,CHO THUÊ PHÒNG TRỌ ĐỊA CHỈ 01 AN THƯỢNG 24,4 triệu/tháng,35,"Ngũ Hành Sơn, Đà Nẵng","CHO THUÊ PHÒNG TRỌ ĐỊA CHỈ 01 AN THƯỢNG 24 4 triệu/tháng 35 m 2 Ngũ Hành Sơn, Đà Nẵng Nhà trọ diện tích sử dụng 35m2 có gác lửng, Tolet riêng, mặt tiền đường An Thường 24. Khu dân cư an ninh,ggàn chợ, trường học..... 5 năm trước",https://phongtro123.com/cho-thue-phong-tro-dia-chi-01-an-thuong-24-pr304419.html,2026-05-15T11:08:47
phongtro123,"PHÒNG TRONG NGUYÊN CĂN, RỘNG, MÁT, RẺ",1.8 triệu/tháng,15,"Cẩm Lệ, Đà Nẵng","PHÒNG TRONG NGUYÊN CĂN, RỘNG, MÁT, RẺ 1.8 triệu/tháng 15 m 2 Cẩm Lệ, Đà Nẵng PHÒNG TRONG NHÀ NGUYÊN CĂN NHƯ BIỆT THỰ-SIÊU SẠCH ĐẸP-GIÁ RẺ- GẦN TTTP……..Free dịch vụ chuyển trọ cũ sang trọ mới!(606 TRƯỜNG CHINH)Thuê phòng trong… 5 năm trước",https://phongtro123.com/phong-trong-nguyen-can-rong-mat-re-pr304265.html,2026-05-15T11:08:47
phongtro123,Nhà 3 tầng còn 01 phòng cho thuê,1.5 triệu/tháng,20,"Thanh Khê, Đà Nẵng","Nhà 3 tầng còn 01 phòng cho thuê 1.5 triệu/tháng 20 m 2 Thanh Khê, Đà Nẵng Nhà 3 tầng còn 01 phòng trống cho thuê, khu vực yên tĩnh, dân trí cao, Đường 5,5m giao thông thuận tiện. Gần chợ, gần trường học 5 năm trước",https://phongtro123.com/tinh-thanh/da-nang/nha-3-tang-con-2-phong-cho-thue.html,2026-05-15T11:08:47
phongtro123,Mình còn 1 phòng trọ cho thuê dt: 20m2 có cả gác lửng,2.3 triệu/tháng,20,"Thanh Khê, Đà Nẵng","Mình còn 1 phòng trọ cho thuê dt: 20m2 có cả gác lửng 2.3 triệu/tháng 20 m 2 Thanh Khê, Đà Nẵng Phòng lát gạch men quanh tường, toilet riêng, không chung chủ. Khu vực an ninh, thoáng mát,..Gần tượng mẹ Nhu, Dệt 29/3, trường CĐ thương mại.Ai thuê thì… 5 năm trước",https://phongtro123.com/minh-con-1-phong-tro-cho-thue-dt-20m2-co-ca-gac-lung-pr304230.html,2026-05-15T11:08:51
phongtro123,Cho thuê phòng trọ tốt. Phòng như khách sạn,1.7 triệu/tháng,15,"Thanh Khê, Đà Nẵng","Cho thuê phòng trọ tốt. Phòng như khách sạn 1.7 triệu/tháng 15 m 2 Thanh Khê, Đà Nẵng Phòng trọ tốt như phòng khách sạn. Giá thuê rẻ chỉ từ 1.700.000₫ đến 2.500.000₫LH: Tuấn 0934808100 5 năm trước",https://phongtro123.com/cho-thue-phong-tro-tot-phong-nhu-khach-san-pr304189.html,2026-05-15T11:08:51
phongtro123,"Phòng Trọ Sinh Viên, Bao wifi, Bao Điện Nước",,16,"Liên Chiểu, Đà Nẵng","Phòng Trọ Sinh Viên, Bao wifi, Bao Điện Nước 900.000 đồng/tháng 16 m 2 Liên Chiểu, Đà Nẵng Phòng trọ sinh viên nằm ở KIỆT 1, số nhà 40 , ĐƯỜNG HOÀNG VĂN THÁI , cạnh nhà May Long , phòng thoáng , nằm gần chợ , cây xăng , khu dân cư đông đúc vui… 5 năm trước",https://phongtro123.com/phong-tro-sinh-vien-bao-wifi-bao-dien-nuoc-pr304155.html,2026-05-15T11:08:51
phongtro123,CHO THUÊ PHÒNG TRỌ TRẦN CAO VÂN,1.1 triệu/tháng,16,"Thanh Khê, Đà Nẵng","CHO THUÊ PHÒNG TRỌ TRẦN CAO VÂN 1.1 triệu/tháng 16 m 2 Thanh Khê, Đà Nẵng Cho thuê phòng trọ Trần Cao Vân giá bình dânCho thuê phòng trọ giờ giấc tự do, phòng giá bình dân,Phòng rộng rãi thoáng mát, rộng 12 đến 28 m2, sạch… 5 năm trước",https://phongtro123.com/cho-thue-phong-tro-tran-cao-van-1-pr303729.html,2026-05-15T11:08:51
phongtro123,"Phòng trọ diện tích 20m2, khu vực Hòa An, Cẩm Lệ",6 triệu/tháng,20,"Cẩm Lệ, Đà Nẵng","Phòng trọ diện tích 20m2, khu vực Hòa An, Cẩm Lệ 6 triệu/tháng 20 m 2 Cẩm Lệ, Đà Nẵng Phòng gác lửng, mới xây, có thiết kế kệ bếp và nhà vệ sinh hiện đại.Đường trước trọ 7m5, lề 4m5 rất thông thoáng và tiện đi lại.Khu vực lân… 5 năm trước",https://phongtro123.com/phong-tro-dien-tich-20m2-khu-vuc-hoa-an-cam-le-pr304130.html,2026-05-15T11:08:51
phongtro123,"Phòng trọ 388/2 Núi Thành, Đà Nẵng",3.5 triệu/tháng,30,"Hải Châu, Đà Nẵng","Phòng trọ 388/2 Núi Thành, Đà Nẵng 3.5 triệu/tháng 30 m 2 Hải Châu, Đà Nẵng Cho thuê phòng trọ tại 388/2 Núi Thành, Hải Châu, Đà Nẵng.Phòng rộng 30m2 có gác lửng rộng rãi, an ninh.Nằm ngay tại khu vực trung tâm, gần Helio, công viên… 5 năm trước",https://phongtro123.com/phong-tro-388-2-nui-thanh-da-nang-pr304031.html,2026-05-15T11:08:51
phongtro123,Phòng đầy đủ tiện nghi sát biển Nguyễn Tất Thành,2.1 triệu/tháng,15,"Liên Chiểu, Đà Nẵng","Phòng đầy đủ tiện nghi sát biển Nguyễn Tất Thành 2.1 triệu/tháng 15 m 2 Liên Chiểu, Đà Nẵng Cho thuê phòng đầy đủ tiện nghiĐịa chỉ 398 Kinh Dương Vương. Hòa Minh. Hòa Khánh. Đà Nẵng.Phòng có điều hòa, máy quạt, máy nước nóng, tủ quần áo, … 5 năm trước",https://phongtro123.com/phong-day-du-tien-nghi-sat-bien-nguyen-tat-thanh-pr303811.html,2026-05-15T11:08:51
phongtro123,Cho Thuê Trọ Gần Khu Công Nghiệp Hoà Khánh,1.5 triệu/tháng,50,"Liên Chiểu, Đà Nẵng","Cho Thuê Trọ Gần Khu Công Nghiệp Hoà Khánh 1.5 triệu/tháng 50 m 2 Liên Chiểu, Đà Nẵng Cho thuê phòng trọ có gác lửng, bếp-wc-phòng tắm riêng thích hợp cho sinh viên ở ghép hoặc vợ chồng có con cần thuê tiện đi làm và đi học. Giá cả thương… 5 năm trước",https://phongtro123.com/cho-thue-tro-gan-khu-cong-nghiep-hoa-khanh-pr303810.html,2026-05-15T11:08:51
phongtro123,Trọ mặt tiền 22 Quang Thành 2 - sát Lạc Long Quân - Hòa Khánh,2 triệu/tháng,25,"Liên Chiểu, Đà Nẵng","Trọ mặt tiền 22 Quang Thành 2 - sát Lạc Long Quân - Hòa Khánh 2 triệu/tháng 25 m 2 Liên Chiểu, Đà Nẵng Trọ mặt tiền 22 Quang Thành 2 - sát Lạc Long Quân ( cách Nguyễn Lương Bằng 100m ). có 24 phòng mới xây 25m2/1phòng. Giá 2tr-2tr2 (tuỳ tầng ). có máy giặt +… 5 năm trước",https://phongtro123.com/tro-mat-tien-22-quang-thanh-2-sat-lac-long-quan-hoa-khanh-pr303803.html,2026-05-15T11:08:51
phongtro123,Phòng Cao Cấp Cho Nữ Thuê Giá Rẻ,2.5 triệu/tháng,20,"Thanh Khê, Đà Nẵng","Phòng Cao Cấp Cho Nữ Thuê Giá Rẻ 2.5 triệu/tháng 20 m 2 Thanh Khê, Đà Nẵng Cho thuê phòng cao cấp & sang trọng , phòng sạch sẽ & mới , phòng có nhiều cửa sổ nên rất thoáng mát , trong phòng có đầy đủ rèm cửa & máy lạnh , wc riêng… 5 năm trước",https://phongtro123.com/phong-cao-cap-cho-nu-thue-gia-re-pr303797.html,2026-05-15T11:08:51
phongtro123,"Cho Thuê Phòng Trọ Khép Kín Quận Liên Chiểu, Đà Nẵng",1.7 triệu/tháng,20,"Liên Chiểu, Đà Nẵng","Cho Thuê Phòng Trọ Khép Kín Quận Liên Chiểu, Đà Nẵng 1.7 triệu/tháng 20 m 2 Liên Chiểu, Đà Nẵng Cho thuê phòng trọ khép kínDiện tích từ 17m2 đến 25m2, sạch sẽ thoáng mát, an ninh.Cách ĐH Duy Tân gần 1km.Giá từ 1,6 triệu. Liên hệ Chú Tuệ 0917656987. 5 năm trước",https://phongtro123.com/tinh-thanh/da-nang/cho-thue-phong-tro-khep-kin-quan-lien-chieu-da-nang.html,2026-05-15T11:08:51
phongtro123,"Phòng trọ 2 tầng mới xây, thoáng mát tiện nghi",1.8 triệu/tháng,18,"Cẩm Lệ, Đà Nẵng","Phòng trọ 2 tầng mới xây, thoáng mát tiện nghi 1.8 triệu/tháng 18 m 2 Cẩm Lệ, Đà Nẵng Diện tích phòng từ 18 đến 25 m2 có gác lửng, mê đúng thoáng mát sạch sẽ. Có khu để xe, an ninh camera đầy đủ wifi miễn phí. Nhà mặt tiền đường đi lại… 5 năm trước",https://phongtro123.com/phong-tro-2-tang-moi-xay-thoang-mat-tien-nghi-pr303727.html,2026-05-15T11:08:51
phongtro123,"Cho thuê phòng trọ sạch sẽ, thoáng mát. Giá 1.5 triệu",1.5 triệu/tháng,17,"Hải Châu, Đà Nẵng","Cho thuê phòng trọ sạch sẽ, thoáng mát. Giá 1.5 triệu 1.5 triệu/tháng 17 m 2 Hải Châu, Đà Nẵng Cho thuê phòng giá 1.500.000 số nhà 640/53 kiệt 640 Đường Trưng Nữ Vương Đà Nẵng phòng tầng 2 diện tích 17 mét vuông đổ mê, thoáng mát, an ninh, toilet trong… 5 năm trước",https://phongtro123.com/cho-thue-phong-tro-sach-se-thoang-mat-gia-1-5-trieu-pr303701.html,2026-05-15T11:08:51
phongtro123,Cho thuê phòng trọ cao cấp full nội thất khu Phước Lý,2.5 triệu/tháng,20,"Liên Chiểu, Đà Nẵng","Cho thuê phòng trọ cao cấp full nội thất khu Phước Lý 2.5 triệu/tháng 20 m 2 Liên Chiểu, Đà Nẵng Cho thuê Phòng trọ cao cấp full nội thất có gác lững ở đc 2-4 người , nằm gần bến xe Đà Nẵng, địa chỉ 32 Phước Lý 12– Phòng trọ đầy đủ… 5 năm trước",https://phongtro123.com/cho-thue-phong-tro-cao-cap-full-noi-that-khu-phuoc-ly-pr303662.html,2026-05-15T11:08:51
phongtro123,Phòng trốn cho thuê giá 1tr5 có vệ sinh riêng,1.5 triệu/tháng,11,"Sơn Trà, Đà Nẵng","Phòng trốn cho thuê giá 1tr5 có vệ sinh riêng 1.5 triệu/tháng 11 m 2 Sơn Trà, Đà Nẵng Phòng trọ cho thuê giá rẻ k05/08 Hà thị thân, an hải Tây sơn trà thành phố Đà Nẵng giá thuê 1tr5 5 năm trước",https://phongtro123.com/phong-tron-cho-thue-gia-1tr5-co-ve-sinh-rieng-pr303594.html,2026-05-15T11:08:51
phongtro123,"Phòng trung tâm, gần sân bay, đại học Duy Tân, có gác lửng, lối đi riêng",2.5 triệu/tháng,20,"Hải Châu, Đà Nẵng","Phòng trung tâm, gần sân bay, đại học Duy Tân, có gác lửng, lối đi riêng 2.5 triệu/tháng 20 m 2 Hải Châu, Đà Nẵng Phòng trọ độc lập (có 01 phòng), có cổng và lối đi riêng, tiện ích trong bán kính 500m, khu an ninh, yên tĩnh. 5 năm trước",https://phongtro123.com/phong-trung-tam-gan-san-bay-dai-hoc-duy-tan-co-gac-lung-loi-di-rieng-pr303530.html,2026-05-15T11:08:51
phongtro123,"Cho thuê trọ 18m2-25m2 gần KCN, Gác lững, lối đi riêng, sân phơi sát mỗi phòng",1.6 triệu/tháng,18,"Liên Chiểu, Đà Nẵng","Cho thuê trọ 18m2-25m2 gần KCN, Gác lững, lối đi riêng, sân phơi sát mỗi phòng 1.6 triệu/tháng 18 m 2 Liên Chiểu, Đà Nẵng Cho thuê trọ - gác lửng 18-25m2. Lối đi riêng không chung chủ, thoáng mát, sân phơi mỗi phòng sát bên cạnh. An ninh tốt. Camera giám sát, Gara rộng rãi, chắc… 5 năm trước",https://phongtro123.com/tinh-thanh/da-nang/cho-thue-tro-18m2-gac-lung-loi-di-rieng.html,2026-05-15T11:08:51
phongtro123,Cho thuê phòng trọ giá tầm 1.8 triệu đến 2 triệu,2 triệu/tháng,19,"Thanh Khê, Đà Nẵng","Cho thuê phòng trọ giá tầm 1.8 triệu đến 2 triệu 2 triệu/tháng 19 m 2 Thanh Khê, Đà Nẵng Khu vực thuê trọ an toàn wife free phòng mới và sạch sẽ ko chung chủ và giờ giấc tự do giá phòng là 2 triệu nhưng có thể thương lượng tâm 1 triệu 8 mọi… 5 năm trước",https://phongtro123.com/cho-thue-phong-tro-gia-tam-1-8-trieu-den-2-trieu-pr303474.html,2026-05-15T11:08:51
phongtro123,"Phòng trọ giá rẻ, thoải mái, tự do giờ giấc",2 triệu/tháng,24,"Sơn Trà, Đà Nẵng","Phòng trọ giá rẻ, thoải mái, tự do giờ giấc 2 triệu/tháng 24 m 2 Sơn Trà, Đà Nẵng - Phòng rộng rãi, thoáng mát , giờ giấc tự do.- Đầy đủ nội thất, tiện nghi, khu nhà an ninh.- Vị trí : gần biển , chợ , trường mầm non ,cấp 1 , cấp 2 … 5 năm trước",https://phongtro123.com/phong-tro-gia-re-thoai-mai-tu-do-gio-giac-pr303410.html,2026-05-15T11:08:51
phongtro123,Cho thuê phòng trọ 18 Bình Hoà 10 bên cạnh triển lãm - đối diện bệnh viện Tâm Trí,2.3 triệu/tháng,25,"Cẩm Lệ, Đà Nẵng","Cho thuê phòng trọ 18 Bình Hoà 10 bên cạnh triển lãm - đối diện bệnh viện Tâm Trí 2.3 triệu/tháng 25 m 2 Cẩm Lệ, Đà Nẵng CHO THUÊ PHÒNG TRỌĐịa chỉ: 18 bình hoà 10 bên cạnh triển lãm - đối diện bệnh viện tâm trí—————————————————- Phòng có gát… 5 năm trước",https://phongtro123.com/cho-thue-phong-tro-dia-chi-18-binh-hoa-10-ben-canh-trien-lam-doi-dien-benh-vien-tam-tri-pr303397.html,2026-05-15T11:08:51
phongtro123,"Trọ mới xây gần cầu vượt ngã 3 Huế, giá ưu đãi",2.2 triệu/tháng,29,"Liên Chiểu, Đà Nẵng","Trọ mới xây gần cầu vượt ngã 3 Huế, giá ưu đãi 2.2 triệu/tháng 29 m 2 Liên Chiểu, Đà Nẵng Cho thuê phòng trung tâm quận liên chiểu ( mặt tiền Gò Nảy 5), rộng rãi thoáng mát tiện nghi (18m2 + 9m2 gác lửng), toilet riêng mỗi phòng, có gác lửng, cửa… 5 năm trước",https://phongtro123.com/tro-moi-xay-gan-cau-vuot-nga-3-hue-gia-uu-dai-pr303393.html,2026-05-15T11:08:55
phongtro123,Phòng trọ giá rẻ - Hải Châu - Đà Nẵng,1.5 triệu/tháng,16,"Hải Châu, Đà Nẵng","Phòng trọ giá rẻ - Hải Châu - Đà Nẵng 1.5 triệu/tháng 16 m 2 Hải Châu, Đà Nẵng phòng sạch sẽ , rộng rãi thoáng mát , an ninh tốt, vệ sinh trong, có chỗ để xe.phòng ưu tiên cho nữ thuê. 5 năm trước",https://phongtro123.com/phong-tro-gia-re-hai-chau-da-nang-pr303390.html,2026-05-15T11:08:55
phongtro123,Phòng trọ trong nhà nguyên căn trung tâm thành phố sạch sẽ đầy đủ tiện nghi trong nhà,1.2 triệu/tháng,12,"Hải Châu, Đà Nẵng","Phòng trọ trong nhà nguyên căn trung tâm thành phố sạch sẽ đầy đủ tiện nghi trong nhà 1.2 triệu/tháng 12 m 2 Hải Châu, Đà Nẵng [Phòng trọ] Hiện bên mình có 1 phòng gác lửng trong nhà nguyên căn 25m2 ngay trung tâm thành phố:- Nhà ở sạch sẽ thoáng mát không gian yên tĩnh, có chỗ để xe… 5 năm trước",https://phongtro123.com/phong-tro-trong-nha-nguyen-can-trung-tam-thanh-pho-sach-se-day-du-tien-nghi-trong-nha-pr303208.html,2026-05-15T11:08:55
phongtro123,"Cho thuê phòng trọ khu vực Hòa Xuân, Đà Nẵng",1.5 triệu/tháng,30,"Cẩm Lệ, Đà Nẵng","Cho thuê phòng trọ khu vực Hòa Xuân, Đà Nẵng 1.5 triệu/tháng 30 m 2 Cẩm Lệ, Đà Nẵng Cho thuê phòng trọ MỚI Cho thuê khu vực Hòa Xuân . Số 114 đường Hoàng Đình Ái. Ưu tiên sinh viên, gia đình trẻ .Lh :0905 633 683 (A Hà) Gần cầu… 5 năm trước",https://phongtro123.com/cho-thue-phong-tro-khu-vuc-hoa-xuan-da-nang-pr303187.html,2026-05-15T11:08:55
phongtro123,Cho thuê phòng trọ đường Tô Hiệu,1.5 triệu/tháng,15,"Liên Chiểu, Đà Nẵng","Cho thuê phòng trọ đường Tô Hiệu 1.5 triệu/tháng 15 m 2 Liên Chiểu, Đà Nẵng Phòng mới xây sạch sẽ, thoáng mát, có cửa sổ riêngGiờ giấc tự do, có chìa khóa riêng cho mỗi bạnDiện tích 5 năm trước",https://phongtro123.com/cho-thue-phong-tro-duong-to-hieu-pr303120.html,2026-05-15T11:08:55
phongtro123,"Nhà Hải Châu cho thuê phòng, mặt bằng kinh doanh hoặc nhà nguyên căn",3.5 triệu/tháng,25,"Hải Châu, Đà Nẵng","Nhà Hải Châu cho thuê phòng, mặt bằng kinh doanh hoặc nhà nguyên căn 3.5 triệu/tháng 25 m 2 Hải Châu, Đà Nẵng Chị còn cái phòng đẹp, em muốn thuê phòng với giá êm thì liên hệ 0934.924.448 Cô Niềm1. Nhà mới, toilet riêng, điều hòa, nước nóng lạnh2. Gía 3tr -… 5 năm trước",https://phongtro123.com/nha-hai-chau-cho-thue-phong-mat-bang-kinh-doanh-hoac-nha-nguyen-can-pr303073.html,2026-05-15T11:08:55
phongtro123,CHO THUÊ PHÒNG MỚI 100% ĐẸP HIỆN ĐẠI & THOÁNG MÁT,2 triệu/tháng,25,"Cẩm Lệ, Đà Nẵng","CHO THUÊ PHÒNG MỚI 100% ĐẸP HIỆN ĐẠI & THOÁNG MÁT 2 triệu/tháng 25 m 2 Cẩm Lệ, Đà Nẵng Bạn kiếm tìm nhà nhiều ngày rồi mà chưa ưng ý?? Bạn thân mến chỉ với 3 phút đọc thay vì đi hàng tiếng đồng hồ ngoài trời nắng , mưa... ! HÃY GHÉ… 5 năm trước",https://phongtro123.com/cho-thue-phong-moi-100-dep-hien-dai-thoang-mat-pr302991.html,2026-05-15T11:08:55
phongtro123,Cho thuê phòng trọ sinh viên Hải Châu,2 triệu/tháng,25,"Hải Châu, Đà Nẵng","Cho thuê phòng trọ sinh viên Hải Châu 2 triệu/tháng 25 m 2 Hải Châu, Đà Nẵng Phòng có gác xếp, nhà vệ sinh riêng, khu vực đảm bảo an ninhCó chỗ để xe, gần chợ Hòa Cường BắcGiờ giấc thoải máiSĐT: 0965281744 5 năm trước",https://phongtro123.com/cho-thue-phong-tro-sinh-vien-hai-chau-pr302882.html,2026-05-15T11:08:55
phongtro123,"Phòng 32m2 chung cư Hòa Khánh, Đà Nẵng",2.3 triệu/tháng,32,"Liên Chiểu, Đà Nẵng","Phòng 32m2 chung cư Hòa Khánh, Đà Nẵng 2.3 triệu/tháng 32 m 2 Liên Chiểu, Đà Nẵng Tầng 7 có thang máy đi lạiKhông giới hạn giờ giấcPhòng sạch sẽ thoáng mátTiện lợi cho công nhân, sinh viên, vk ck mới cướiĐiện nước. Tính theo… 5 năm trước",https://phongtro123.com/phong-32m2-chung-cu-hoa-khanh-pr302827.html,2026-05-15T11:08:55
phongtro123,"Phòng Trọ Cao Cấp, View Biển Đầy đủ tiện nghi",2 triệu/tháng,25,"Liên Chiểu, Đà Nẵng","Phòng Trọ Cao Cấp, View Biển Đầy đủ tiện nghi 2 triệu/tháng 25 m 2 Liên Chiểu, Đà Nẵng HO THUÊ PHÒNG TRỌ️Còn vài phòng trống cho thuê giá hữu nghị mùa COVID️Phòng rộng, mới, sạch sẽ, phòng tắm vòi sen nóng lạnh đầy đủ️Địa điểm… 5 năm trước",https://phongtro123.com/phong-tro-cao-cap-view-bien-day-du-tien-nghi-pr302770.html,2026-05-15T11:08:55
phongtro123,"Cho thuê phòng trọ quận Sơn Trà, mới xây 100%, sát biển 200m",2.7 triệu/tháng,200,"Sơn Trà, Đà Nẵng","Cho thuê phòng trọ quận Sơn Trà, mới xây 100%, sát biển 200m 2.7 triệu/tháng 30 m 2 Sơn Trà, Đà Nẵng - Địa chỉ: 18/3 Nguyễn Đức An, P. Mân thái, Sơn Trà.- Diện tích sử dụng: 30-35m- Nhà đổ mê 1 tầng (buổi tối lên sân thượng hóng gió biển :D)- Phòng… 5 năm trước",https://phongtro123.com/cho-thue-phong-tro-quan-son-tra-moi-xay-100-sat-bien-200m-pr302767.html,2026-05-15T11:08:55
phongtro123,Cho thuê phòng giá rẻ mắt tiền 10m5,2 triệu/tháng,10,"Liên Chiểu, Đà Nẵng","Cho thuê phòng giá rẻ mắt tiền 10m5 2 triệu/tháng 20 m 2 Liên Chiểu, Đà Nẵng Cho thuê dãy trọ 5 phòng mới xây khu dân trí cao , đường 10 m5 gần trường duy tân cơ sở 2 , phòng tiện ích khép kín 5 năm trước",https://phongtro123.com/cho-thue-phong-gia-re-mat-tien-10m5-pr302747.html,2026-05-15T11:08:55
phongtro123,"Còn phòng trọ trống tại 08 Đinh Nhật Tân, Cẩm Lệ, Đà Nẵng",1.5 triệu/tháng,15,"Cẩm Lệ, Đà Nẵng","Còn phòng trọ trống tại 08 Đinh Nhật Tân, Cẩm Lệ, Đà Nẵng 1.5 triệu/tháng 15 m 2 Cẩm Lệ, Đà Nẵng Còn phòng trọ trống tại 08 đinh nhật tân. Dtich 15m2. Có gác lửng. Sạch sẽ. Thoáng mát. Yên tĩnh. An ninh tốt.Giờ giấc tự quảnCó chỗ để xe ruêng.… 6 năm trước",https://phongtro123.com/con-phong-tro-trong-tai-08-dinh-nhat-tan-cam-le-da-nang-pr302698.html,2026-05-15T11:08:55
phongtro123,Cho thuê trọ mới xây đẹp yên tĩnh 22 Nguyễn Thị Cận sau bến xe Trung tâm,1.8 triệu/tháng,18,"Liên Chiểu, Đà Nẵng","Cho thuê trọ mới xây đẹp yên tĩnh 22 Nguyễn Thị Cận sau bến xe Trung tâm 1.8 triệu/tháng 18 m 2 Liên Chiểu, Đà Nẵng - Giờ giấc tự do- Nam nữ ở chung được- Ngay sau bến xe trung tâm- Chỗ để xe phơi áo quần rộng rãi- Wifi freeĐiện nước theo giá nhà nước 3k/điện… 6 năm trước",https://phongtro123.com/cho-thue-tro-moi-xay-dep-yen-tinh-22-nguyen-thi-can-sau-ben-xe-trung-tam-pr302619.html,2026-05-15T11:08:55
phongtro123,Cho thuê phòng trọ giá hợp lý thích hợp cho gia đình nhỏ,2.5 triệu/tháng,25,"Thanh Khê, Đà Nẵng","Cho thuê phòng trọ giá hợp lý thích hợp cho gia đình nhỏ 2.5 triệu/tháng 25 m 2 Thanh Khê, Đà Nẵng phòng đây đủ tiện nghi,25-30m2,giá 2tr5-3tr,ngay trung tâm thành phố thich hợp cho mọi người có công việc ổn định 6 năm trước",https://phongtro123.com/cho-thue-phong-tro-gia-hop-ly-thich-hop-cho-gia-dinh-nho-pr302528.html,2026-05-15T11:08:55
phongtro123,"Cho thuê phòng trọ 35m2, Tam Thuận",2.5 triệu/tháng,35,"Thanh Khê, Đà Nẵng","Cho thuê phòng trọ 35m2, Tam Thuận 2.5 triệu/tháng 35 m 2 Thanh Khê, Đà Nẵng Nhà thoát mát rộng rãi-Điện nước đầy đủ-An ninh trật tự-Vệ sinh-Có khu bếp riêng-Không lo sợ mất cấp-Chủ nhà rất thân thiện 6 năm trước",https://phongtro123.com/cho-thue-phong-tro-35m2-tam-thuan-pr302479.html,2026-05-15T11:08:55
phongtro123,"Cho thuê phòng trọ nữ Cẩm Lệ, 19m2",1.5 triệu/tháng,19,"Cẩm Lệ, Đà Nẵng","Cho thuê phòng trọ nữ Cẩm Lệ, 19m2 1.5 triệu/tháng 19 m 2 Cẩm Lệ, Đà Nẵng Cho thuê phòng trọ nữ:- Diện tích 19m2, tầng 2, Đường nguyễn phong sắc, Cẩm lệ.- Gần công viên thanh niên Đà nẵng, siêu thị, chợ.- Sạch sẽ, thoáng… 6 năm trước",https://phongtro123.com/cho-thue-phong-tro-nu-cam-le-19m2-pr302412.html,2026-05-15T11:08:55
phongtro123,122/32/1 PHAN THANH PHÒNG TRỌ MỚI XÂY 2.5TR/TH ĐẦY ĐỦ TIỆN NGHI,2.5 triệu/tháng,10,"Thanh Khê, Đà Nẵng","122/32/1 PHAN THANH PHÒNG TRỌ MỚI XÂY 2.5TR/TH ĐẦY ĐỦ TIỆN NGHI 2.5 triệu/tháng 10 m 2 Thanh Khê, Đà Nẵng PHÒNG TRỌ MỚI XÂYĐẦY ĐỦ NỘI THẤT CHỈ CẦN XÁCH VALI TỚI Ở NGAYCÓ ĐIỀU HOÀMÁY NÓNG LẠNHMÁY QUẠTTỦ QUẦN ÁOKỆ SÁCHGIƯỜNGMÁY… 6 năm trước",https://phongtro123.com/122-32-1-phan-thanh-phong-tro-moi-xay-2-5t-thang-day-du-tien-nghi-pr302393.html,2026-05-15T11:08:55
phongtro123,"Cho thuê phòng trọ dành cho nữ phòng trọ rộng (vệ sinh ngoài, sạch sẽ) 105/20 Nguyễn Tri Phương…",1.5 triệu/tháng,12,"Thanh Khê, Đà Nẵng","Cho thuê phòng trọ dành cho nữ phòng trọ rộng (vệ sinh ngoài, sạch sẽ) 105/20 Nguyễn Tri Phương… 1.5 triệu/tháng 12 m 2 Thanh Khê, Đà Nẵng Cho thuê phòng trọ dành cho nữ phòng trọ rộng ( vệ sinh ngoài , sạch sẽ )Địa chỉ 105/20 Nguyễn Tri Phương (0905876593) 6 năm trước",https://phongtro123.com/tinh-thanh/da-nang/cho-thue-phong-tro-danh-cho-nu-phong-tro-rong-ve-sinh-ngoai-sach-se-dia-chi-105-20-nguyen-tri-phuong-0905876593.html,2026-05-15T11:08:55
phongtro123,Phòng điều hòa giường tầng tiện nghi khép kín cạnh công viên 29/3,1.1 triệu/tháng,40,"Thanh Khê, Đà Nẵng","Phòng điều hòa giường tầng tiện nghi khép kín cạnh công viên 29/3 1.1 triệu/tháng 40 m 2 Thanh Khê, Đà Nẵng Cho Thuê phòng ĐIỀU HÒA giường tầng khép kín Tiện nghi , Trung Tâm Thành Phố Trong Tòa nhà Chung cư 7 TầngNằm trên Mặt tiền đường .ĐỊA CHỈ : 463 HẢI… 6 năm trước",https://phongtro123.com/tinh-thanh/da-nang/phong-dieu-hoa-giuong-tang-tien-nghi-khep-kin-canh-cong-vien-29-3.html,2026-05-15T11:08:55
phongtro123,"Cho thuê phòng trọ tầng kiểu căn hộ mini khép kín, đủ tiện nghi",2.3 triệu/tháng,23,"Sơn Trà, Đà Nẵng","Cho thuê phòng trọ tầng kiểu căn hộ mini khép kín, đủ tiện nghi 2.3 triệu/tháng 23 m 2 Sơn Trà, Đà Nẵng cho thuê phòng trọ đủ tiện nghi, có wifi, nhà để xe riêng, tăm nóng lạnh, điều hòa, quạt...vv phòng có 3 cửa sổ thoáng mát, view đẹp nhìn 3 hướng, Cầu… 6 năm trước",https://phongtro123.com/tinh-thanh/da-nang/cho-thue-phong-tro-tang-kieu-can-ho-mini-khep-kin-du-tien-nghi.html,2026-05-15T11:08:59
phongtro123,"Có phòng trọ tốt cho thuê ở đường ỷ lan nguyên phi, đường Duy Tân (quận hải châu , đà nẵng…",1.2 triệu/tháng,20,"Hải Châu, Đà Nẵng","Có phòng trọ tốt cho thuê ở đường ỷ lan nguyên phi, đường Duy Tân (quận hải châu , đà nẵng… 1.2 triệu/tháng 20 m 2 Hải Châu, Đà Nẵng Có Phòng trọ cho thuê ở đường Ỷ Lan Nguyên Phi, Duy Tân, quận hải châu, đà nẵng, có gác lửng, có cửa sổ, kín đáo, phòng vệ sinh riêng, có chỗ để xe… 6 năm trước",https://phongtro123.com/tinh-thanh/da-nang/co-phong-thue-tro-o-duong-y-lan-nguyen-phi.html,2026-05-15T11:08:59
phongtro123,"Cho thuê phòng chỉ 1,7 triệu ngay gần chợ Thuận An, Thanh Khê.",1.7 triệu/tháng,13,"Thanh Khê, Đà Nẵng","Cho thuê phòng chỉ 1,7 triệu ngay gần chợ Thuận An, Thanh Khê. 1.7 triệu/tháng 13 m 2 Thanh Khê, Đà Nẵng Phòng ngay sau lưng trường tiểu học Bế Văn Đàn chỉ 1,7 triệu/thángNgay gần chợ Thuận An, tiện ích xung quanh đầy đủ.Phòng mới có thể vào ở… 6 năm trước",https://phongtro123.com/tinh-thanh/da-nang/cho-thue-phong-chi-1-7-trieu-ngay-gan-cho-thuan-an-thanh-khe.html,2026-05-15T11:08:59
phongtro123,Cho thuê phòng ở trong nhà nguyên căn,2 triệu/tháng,20,"Thanh Khê, Đà Nẵng","Cho thuê phòng ở trong nhà nguyên căn 2 triệu/tháng 20 m 2 Thanh Khê, Đà Nẵng Cần cho thuê phòng trên tầng 2 trong nhà nguyên căn ở kiệt 304 điện biên phủ rất rộng rãi thoáng đãng, kiệt ô tôGần các siêu thị, chợ, các trường… 6 năm trước",https://phongtro123.com/tinh-thanh/da-nang/cho-thue-phong-o-trong-nha-nguyen-can.html,2026-05-15T11:08:59
phongtro123,"Cho thuê phòng giá rẻ gần cầu Sông Hàn hơn 100m và cầu Rồng, khu vực Phạm Văn Đồng",4 triệu/tháng,100,"Sơn Trà, Đà Nẵng","Cho thuê phòng giá rẻ gần cầu Sông Hàn hơn 100m và cầu Rồng, khu vực Phạm Văn Đồng 4 triệu/tháng 25 m 2 Sơn Trà, Đà Nẵng + Phòng Thoáng Đẹp , An Ninh tốt+ Thiết kế đơn giản và tinh tế nhưng không kém phần tiện nghi+ Có đầy đủ nội thất sang trọng như trong hình+ Wifi… 6 năm trước",https://phongtro123.com/tinh-thanh/da-nang/cho-thue-phong-gia-re-gan-cau-song-han-hon-100m-va-cau-rong-khu-vuc-pham-van-dong.html,2026-05-15T11:08:59
phongtro123,CHO THUÊ NHÀ TRỌ SINH VIÊN GIÁ RẺ GẦN TRƯỜNG ĐH KINH TẾ KHU GIÁO VIÊN,1.3 triệu/tháng,16,"Ngũ Hành Sơn, Đà Nẵng","CHO THUÊ NHÀ TRỌ SINH VIÊN GIÁ RẺ GẦN TRƯỜNG ĐH KINH TẾ KHU GIÁO VIÊN 1.3 triệu/tháng 16 m 2 Ngũ Hành Sơn, Đà Nẵng * Có phòng trọ cho thuê trọ giá từ 1.3tr đến 1.5tr/phòng ở được 2 người trở lên.* Diện tích: 14-16m2/ phòng* Cách trường ĐHKTE 50M, cách biển 1km, cách… 6 năm trước",https://phongtro123.com/tinh-thanh/da-nang/cho-thue-nha-tro-sinh-vien-gia-re-gan-truong-dh-kinh-te-khu-giao-vien.html,2026-05-15T11:08:59
phongtro123,‼‼CHO THUÊ PHÒNG TRỌ ĐÀ NẴNG‼‼,2 triệu/tháng,25,"Cẩm Lệ, Đà Nẵng","‼‼CHO THUÊ PHÒNG TRỌ ĐÀ NẴNG‼‼ 2 triệu/tháng 25 m 2 Cẩm Lệ, Đà Nẵng CHO THUÊ PHÒNG TRỌĐỊA CHỈ: 76 Nguyễn Đức Thiệu️Điện 3k/ chữ, nước 7k/ khối, wifi ️Dãy trọ 3 tầng, gần đại học Ngoại ngữ, kiến trúc, Đông… 6 năm trước",https://phongtro123.com/tinh-thanh/da-nang/cho-thue-phong-tro-da-nang-2.html,2026-05-15T11:08:59
phongtro123,"PHÒNG TRỌ GIÁ RẺ NGAY TTTP, MẶT BIỂN, GIỜ GIẤC TỰ DO",1.7 triệu/tháng,15,"Thanh Khê, Đà Nẵng","PHÒNG TRỌ GIÁ RẺ NGAY TTTP, MẶT BIỂN, GIỜ GIẤC TỰ DO 1.7 triệu/tháng 15 m 2 Thanh Khê, Đà Nẵng Phòng đầy đủ điều hòa, giường, nệm, tủ áo quần, nhà vệ sinh riêng. Giá thuê khá rẻ so với nhiều nơi khác trong khu vực phố.Giờ giấc ra vào tự do,… 6 năm trước",https://phongtro123.com/tinh-thanh/da-nang/phong-tro-gia-re-ngay-tttp-mat-bien-gio-giac-tu-do.html,2026-05-15T11:08:59
phongtro123,phòng trong nhà nguyên căn gần chợ đống đa,3.2 triệu/tháng,39,"Hải Châu, Đà Nẵng","phòng trong nhà nguyên căn gần chợ đống đa 3.2 triệu/tháng 39 m 2 Hải Châu, Đà Nẵng CHO THUÊ PHÒNG 30M2 TRONG NHÀ MẶT TIỀN. HẢI CHÂU- Phòng ở tầng 3, có ban công và có sẵn bộ tập gym cho ai cần.- Tiện ích: điều hòa, nóng lạnh, bếp, máy… 6 năm trước",https://phongtro123.com/tinh-thanh/da-nang/phong-trong-nha-nguyen-can-gan-cho-dong-da.html,2026-05-15T11:08:59
phongtro123,Cho thuê phòng trọ mới xây tại 162 Hồ Tùng Mậu,2 triệu/tháng,20,"Liên Chiểu, Đà Nẵng","Cho thuê phòng trọ mới xây tại 162 Hồ Tùng Mậu 2 triệu/tháng 20 m 2 Liên Chiểu, Đà Nẵng Phòng 20m2: giá 2trPhòng 30m2 : giá 3 trTất cả đều có gác, cửa sổ và điện nc đầy đủ. Giá cả phải chăng. 6 năm trước",https://phongtro123.com/tinh-thanh/da-nang/cho-thue-phong-tro-moi-xay-tai-162-ho-tung-mau.html,2026-05-15T11:08:59
phongtro123,Cho thuê phòng trọ gần Đại học sư phạm,1.2 triệu/tháng,25,"Liên Chiểu, Đà Nẵng","Cho thuê phòng trọ gần Đại học sư phạm 1.2 triệu/tháng 25 m 2 Liên Chiểu, Đà Nẵng Phòng rộng rãi thoáng mát có la phông đồng hồ điện nước riêng khu vuc an ninh tốt gần tạp hoá trương học ... 6 năm trước",https://phongtro123.com/tinh-thanh/da-nang/cho-thue-phong-tro-gan-dai-hoc-su-pham.html,2026-05-15T11:08:59
phongtro123,"Phòng trọ trung tâm Hải Châu, gần chợ, trường, cạnh bệnh viện.",3 triệu/tháng,35,"Hải Châu, Đà Nẵng","Phòng trọ trung tâm Hải Châu, gần chợ, trường, cạnh bệnh viện. 3 triệu/tháng 35 m 2 Hải Châu, Đà Nẵng Căn hộ cho thuê giá rẻ tại Quận Hải Châu, tiết kiệm chi phí hằng tháng vào nơi ở của mình.Địa chỉ: K33B/12 Cao Thắng, phường Thanh Bình, Quận Hải… 6 năm trước",https://phongtro123.com/tinh-thanh/da-nang/phong-tro-trung-tam-hai-chau-gan-cho-truong-canh-benh-vien.html,2026-05-15T11:08:59
phongtro123,"Cho thuê phòng trọ 78, An Dương Vương, Q. Ngũ Hành Sơn, Đà Nẵng",2 triệu/tháng,20,"Ngũ Hành Sơn, Đà Nẵng","Cho thuê phòng trọ 78, An Dương Vương, Q. Ngũ Hành Sơn, Đà Nẵng 2 triệu/tháng 20 m 2 Ngũ Hành Sơn, Đà Nẵng Cho thuê phòng trọ 78, An Dương Vương, Q. Ngũ Hành Sơn, Đà Nẵng. Rộng khoảng 20m2, vệ sinh trong riêng, gác lững, wifi miễn phí, khu thoáng mát, đường rộng… 6 năm trước",https://phongtro123.com/tinh-thanh/da-nang/cho-thue-phong-tro-78-an-duong-vuong-q-ngu-hanh-son-da-nang.html,2026-05-15T11:08:59
phongtro123,Cho thuê nhà trọ full nội thất,3 triệu/tháng,30,"Ngũ Hành Sơn, Đà Nẵng","Cho thuê nhà trọ full nội thất 3 triệu/tháng 30 m 2 Ngũ Hành Sơn, Đà Nẵng Căn hộ Nam Việt ÁGiá: 3 Triệu. Diện tích: 18 m2Căn Studio Khu vực gần sông, yên tĩnh.Đầy đủ nội thất, vào ở.Giá: 3 triệu/ tháng ______Wifi,… 6 năm trước",https://phongtro123.com/tinh-thanh/da-nang/cho-thue-nha-tro-full-noi-that.html,2026-05-15T11:08:59
phongtro123,Phòng trọ nữ- Liên Chiểu (còn 2 phòng),1.5 triệu/tháng,25,"Liên Chiểu, Đà Nẵng","Phòng trọ nữ- Liên Chiểu (còn 2 phòng) 1.5 triệu/tháng 25 m 2 Liên Chiểu, Đà Nẵng Cho thuê phòng trọ Nữ đường Nguyễn XíGần trường CD thương mại, ĐH FTP, gần ngã ba cầu vượt,..Phòng ở tầng 2, có ban công (có vòi nước) cây xanh mát… 6 năm trước",https://phongtro123.com/tinh-thanh/da-nang/phong-tro-nu-lien-chieu-con-2-phong.html,2026-05-15T11:08:59
phongtro123,Khu nhà Trọ cho thuê sau lưng trg Phương Đông,2 triệu/tháng,17,"Hải Châu, Đà Nẵng","Khu nhà Trọ cho thuê sau lưng trg Phương Đông 2 triệu/tháng 17 m 2 Hải Châu, Đà Nẵng Địa chỉ: k14/2 nam sơn 1, sau lưng trường cao đẳng phương đôngTiện ích: Có sân phơi; nhà xe; camera an ninh; giờ giất tự doLiên hệ: Cô Hương (Chủ nhà)… 6 năm trước",https://phongtro123.com/tinh-thanh/da-nang/khu-nha-tro-cho-thue-sau-lung-trg-phuong-dong.html,2026-05-15T11:08:59
phongtro123,"Phòng trọ có gác lửng, 164/78 Nguyễn Chánh, cách biển 100m",1 triệu/tháng,100,"Liên Chiểu, Đà Nẵng","Phòng trọ có gác lửng, 164/78 Nguyễn Chánh, cách biển 100m 1 triệu/tháng 20 m 2 Liên Chiểu, Đà Nẵng Còn 1 phòng trọ tại 164/78 Nguyễn Chánh.- Phòng rộng 20m2, có gác lửng.- Cách biển Nguyễn Tất Thành 100m, nhìn ra biển.- Cách trường ĐHBK, cao đẳng Kế… 6 năm trước",https://phongtro123.com/tinh-thanh/da-nang/phong-tro-co-gac-lung-164-78-nguyen-chanh-cach-bien-100m.html,2026-05-15T11:08:59
phongtro123,Cho thuê phòng trọ đường Lâm Hoành,1.8 triệu/tháng,16,"Sơn Trà, Đà Nẵng","Cho thuê phòng trọ đường Lâm Hoành 1.8 triệu/tháng 16 m 2 Sơn Trà, Đà Nẵng Cho thuê phòng trọ đường lâm hoành, có gác lửng , trtrung tam khu du lịch thuận tiện, an ninh, liên hệ Hoàng 0775222557 6 năm trước",https://phongtro123.com/tinh-thanh/da-nang/cho-thue-phong-tro-duong-lam-hoanh.html,2026-05-15T11:08:59
phongtro123,"PHÒNG TRỌ có Internet WIFI, camera an ninh tại làng đại học Đà Nẵng",,14,"Ngũ Hành Sơn, Đà Nẵng","PHÒNG TRỌ có Internet WIFI, camera an ninh tại làng đại học Đà Nẵng 700.000 đồng/tháng 14 m 2 Ngũ Hành Sơn, Đà Nẵng + Địa chỉ: Lô 52-B1, Khu đô thị 1B, đường 7,5m liền kề trục đường Trần Đại Nghĩa, gần ranh giới giữa Đà Nẵng và Quảng Nam, Cách khu đô thị mới FPT… 6 năm trước",https://phongtro123.com/tinh-thanh/da-nang/cho-thue-phong-tro-co-internet-wifi-camera-chong-trom.html,2026-05-15T11:08:59
phongtro123,"Cho thuê phòng trọ tại 25 Đường Nguyễn Khang, Phường An Khê, Quận Thanh Khê, Đà Nẵng",1.5 triệu/tháng,25,"Thanh Khê, Đà Nẵng","Cho thuê phòng trọ tại 25 Đường Nguyễn Khang, Phường An Khê, Quận Thanh Khê, Đà Nẵng 1.5 triệu/tháng 25 m 2 Thanh Khê, Đà Nẵng DIỆN TÍCH SỬ DỤNG 25m2PHÒNG CÓ GÁC LỬNG ,TOILET RIÊNG,LỐI ĐI RIÊNGĐỊA CHỈ: 25 Đường Nguyễn Khang, Phường An Khê, Quận Thanh Khê, Đà NẵngLIÊN HỆ… 6 năm trước",https://phongtro123.com/tinh-thanh/da-nang/cho-thue-phong-tro-14697136238.html,2026-05-15T11:08:59
phongtro123,"Cho thuê phòng trọ trên lầu, gác lửng",1.7 triệu/tháng,16,"Thanh Khê, Đà Nẵng","Cho thuê phòng trọ trên lầu, gác lửng 1.7 triệu/tháng 16 m 2 Thanh Khê, Đà Nẵng Chỗ mình còn trống một phòng trọ trên lầu, phòng sạch sẽ thoáng mát, 16m2, có gác lửng, có phòng để xe riêng, wc riêng. Địa chỉ là: K123/H83/21 Cù Chính… 6 năm trước",https://phongtro123.com/tinh-thanh/da-nang/cho-thue-phong-tro-tren-lau-gac-lung.html,2026-05-15T11:09:03
phongtro123,Cho thuê phòng trong nhà nguyên căn không chủ,2 triệu/tháng,20,"Thanh Khê, Đà Nẵng","Cho thuê phòng trong nhà nguyên căn không chủ 2 triệu/tháng 20 m 2 Thanh Khê, Đà Nẵng Cần cho thuê lại phòng trên tầng 3 trong nhà nguyên căn ở kiệt 304 điện biên phủ rất rộng rãi thoáng đãng, kiệt ô tôGần các siêu thị, chợ, rạp chiếu… 6 năm trước",https://phongtro123.com/tinh-thanh/da-nang/cho-thue-phong-trong-nha-nguyen-can-khong-chu.html,2026-05-15T11:09:03
phongtro123,"Cho thuê nhà trọ giá bình dân, khu vực an ninh và tiện ích",2 triệu/tháng,25,"Ngũ Hành Sơn, Đà Nẵng","Cho thuê nhà trọ giá bình dân, khu vực an ninh và tiện ích 2 triệu/tháng 25 m 2 Ngũ Hành Sơn, Đà Nẵng Nhà trọ mới xây . Thoáng mát . Có gác lửng rộng rải .Ở ngay măt tiền đường lớn 7.5m .Xung quanh nhiều tiện nghi. Bệnh viện ..Truòng học 6 năm trước",https://phongtro123.com/tinh-thanh/da-nang/cho-thue-nha-tro-gia-binh-dan-khu-vuc-an-ninh-va-tien-ichd.html,2026-05-15T11:09:03
phongtro123,️️CHO THUÊ PHÒNG TRỌ ĐÀ NẴNG️️️,2.2 triệu/tháng,25,"Cẩm Lệ, Đà Nẵng","️️CHO THUÊ PHÒNG TRỌ ĐÀ NẴNG️️️ 2.2 triệu/tháng 25 m 2 Cẩm Lệ, Đà Nẵng CHO THUÊ PHÒNG TRỌĐỊA CHỈ: 76 Nguyễn Đức Thiệu️Điện 3k/ chữ, nước 7k/ khối, wifi ️Dãy trọ 3 tầng, mới xây, gần đại học Ngoại ngữ, kiến… 6 năm trước",https://phongtro123.com/tinh-thanh/da-nang/cho-thue-phong-tro-da-nang-1.html,2026-05-15T11:09:03
phongtro123,CHO THUÊ PHÒNG ĐẸP GIÁ RẺ THOÁNG MÁT SẠCH,2 triệu/tháng,20,"Cẩm Lệ, Đà Nẵng","CHO THUÊ PHÒNG ĐẸP GIÁ RẺ THOÁNG MÁT SẠCH 2 triệu/tháng 20 m 2 Cẩm Lệ, Đà Nẵng CHO THUÊ PHÒNG ĐẸP GIÁ RẺ THOÁNG MÁT SẠCH Vị Trí :41 hÓA MỸ - GẦN chợ đầu mối , nằm song song với đường xuân thủy️️ liên hệ thuê phòng :… 6 năm trước",https://phongtro123.com/tinh-thanh/da-nang/cho-thue-phong-dep-gia-re-thoang-mat-sach.html,2026-05-15T11:09:03
phongtro123,"Cho thuê nhà trọ diện tích gần 20m2, 3 đến 4 người ở",1.7 triệu/tháng,20,"Ngũ Hành Sơn, Đà Nẵng","Cho thuê nhà trọ diện tích gần 20m2, 3 đến 4 người ở 1.7 triệu/tháng 20 m 2 Ngũ Hành Sơn, Đà Nẵng Phòng đầy đủ tiện nghi, sạch sẽ, an ninh tốt, môi trường sinh viên kinh tế, cách trường 100m, cách biển 1km. Giá cả phải chăng. Nơi để xe rộng rãi, nắng… 6 năm trước",https://phongtro123.com/tinh-thanh/da-nang/cho-thue-nha-tro-dien-tich-gan-20m2-3-den-4-nguoi-o.html,2026-05-15T11:09:03
phongtro123,Cho thuê phòng trọ vị trí sau lưng bến xe,2.8 triệu/tháng,35,"Cẩm Lệ, Đà Nẵng","Cho thuê phòng trọ vị trí sau lưng bến xe 2.8 triệu/tháng 35 m 2 Cẩm Lệ, Đà Nẵng Phòng rộng rãi thoát mát có gác lửngPhòng mặt tiền đường 17,5 diện tích sử dụng 35mvCó chỗ để xe camera an ninh an toànGần bến xe trung tâm ,chợ… 6 năm trước",https://phongtro123.com/tinh-thanh/da-nang/cho-thue-phong-tro-vi-tri-sau-lung-ben-xe.html,2026-05-15T11:09:03
phongtro123,"Phòng trọ 1tr2/tháng, ở tự do, không quản",1.2 triệu/tháng,4,"Sơn Trà, Đà Nẵng","Phòng trọ 1tr2/tháng, ở tự do, không quản 1.2 triệu/tháng 4 m 2 Sơn Trà, Đà Nẵng Phòng 1tr2/tháng, chưa bao gồm điện nướcMình cần chia lại 1 số đồ mình đã sắm gồm: nẹm, gối, mền, bàn ghế và 1 số đồ lặt vặt nữaMình cũng… 6 năm trước",https://phongtro123.com/tinh-thanh/da-nang/phong-tro-1tr2-thang-o-tu-do-k-quan.html,2026-05-15T11:09:03
phongtro123,"Phòng trọ gần chợ Hoà Xuân, Q.Cẩm Lệ",2 triệu/tháng,25,"Cẩm Lệ, Đà Nẵng","Phòng trọ gần chợ Hoà Xuân, Q.Cẩm Lệ 2 triệu/tháng 25 m 2 Cẩm Lệ, Đà Nẵng Phòng mới xây, có gác lửng, phù hợp với gia đình trẻ. Dtsd: 25m2. Miễn phí wifi, điện nước theo giá nhà nước. 6 năm trước",https://phongtro123.com/tinh-thanh/da-nang/phong-tro-gan-cho-hoa-xuan-q-cam-le.html,2026-05-15T11:09:03
phongtro123,"Phòng cho thuê rẻ bắt ngờ gần Đường Phạm Văn Đồng, Đà Nẵng, cách VinCom 250m, Cách Công viên…",4.5 triệu/tháng,250,"Sơn Trà, Đà Nẵng","Phòng cho thuê rẻ bắt ngờ gần Đường Phạm Văn Đồng, Đà Nẵng, cách VinCom 250m, Cách Công viên… 4.5 triệu/tháng 25 m 2 Sơn Trà, Đà Nẵng + Phòng Thoáng Đẹp , An Ninh tốt+ Thiết kế đơn giản và tinh tế nhưng không kém phần tiện nghi+ Có đầy đủ nội thất sang trọng như trong hình+ Wifi… 6 năm trước",https://phongtro123.com/tinh-thanh/da-nang/phong-cho-thue-re-bat-ngo-gan-duong-pham-van-dong-da-nang-cach-vincom-250m-cach-cong-vien-bien-dong-1-5km.html,2026-05-15T11:09:03
phongtro123,CHo Thuê Phòng Đường Phạm Văn Đồng,3 triệu/tháng,25,"Sơn Trà, Đà Nẵng","CHo Thuê Phòng Đường Phạm Văn Đồng 3 triệu/tháng 25 m 2 Sơn Trà, Đà Nẵng Cho Thuê Phòng Trọ đầy đủ tiện nghi như homestay đường phạm văn đồng giá 3tr-3tr5 .ĐiềuHòa,Thang Máy,Giường Nệm, Có bếp xài chung máy giặt xài chung free 6 năm trước",https://phongtro123.com/tinh-thanh/da-nang/cho-thue-phong-duong-pham-van-dong.html,2026-05-15T11:09:03
phongtro123,Phòng trọ bảo vệ 24/24 tại Cẩm Lệ,2.7 triệu/tháng,23,"Cẩm Lệ, Đà Nẵng","Phòng trọ bảo vệ 24/24 tại Cẩm Lệ 2.7 triệu/tháng 23 m 2 Cẩm Lệ, Đà Nẵng Nhanh chân thì còn, chậm chân thì hết. Chỉ còn vài phòng cho ai nhanh tay cọc từ hôm nay. Phòng trọ quy chuẩn với các tiện ích không nơi nào có tại Đà… 6 năm trước",https://phongtro123.com/tinh-thanh/da-nang/phong-tro-bao-ve-24-24-tai-cam-le.html,2026-05-15T11:09:03
phongtro123,CHO THUÊ PHÒNG TRỌ GIÁ 2 TRIỆU,2 triệu/tháng,15,"Thanh Khê, Đà Nẵng","CHO THUÊ PHÒNG TRỌ GIÁ 2 TRIỆU 2 triệu/tháng 15 m 2 Thanh Khê, Đà Nẵng Phòng trọ 15m2, sạch đẹp thoáng mát, KV an ninh tốt, gần chợ và bệnh viện. Phòng có gác lững và khu vệ sinh riêng. Có lối đi riêng. Giá 2 triệu đồng/tháng… 6 năm trước",https://phongtro123.com/tinh-thanh/da-nang/cho-thue-phong-tro-gia-2-trieu.html,2026-05-15T11:09:03
phongtro123,"Cho thuê phòng trọ đường Phạm Viết Chánh, phòng trọ rộng rãi, diện tích: 25m2",1.7 triệu/tháng,25,"Cẩm Lệ, Đà Nẵng","Cho thuê phòng trọ đường Phạm Viết Chánh, phòng trọ rộng rãi, diện tích: 25m2 1.7 triệu/tháng 25 m 2 Cẩm Lệ, Đà Nẵng cần cho thuê phòng trọ rộng rãi , an ninh tốt đường phạm viết chánh. có đầy đủ wifi, bãi để xe, giờ giấc tự do.diện tích phòng: 21m2( gác 8m2)nằm… 6 năm trước",https://phongtro123.com/tinh-thanh/da-nang/cho-thue-phong-tro-duong-pham-viet-chanh-phong-tro-rong-rai-dien-tich-25m2.html,2026-05-15T11:09:03
phongtro123,‼️CHO THUÊ PHÒNG TRỌ ĐÀ NẴNG‼️,2 triệu/tháng,25,"Cẩm Lệ, Đà Nẵng","‼️CHO THUÊ PHÒNG TRỌ ĐÀ NẴNG‼️ 2 triệu/tháng 25 m 2 Cẩm Lệ, Đà Nẵng ️Điện 3k/ chữ, nước 7k/ khối, wifi ️Dãy trọ 3 tầng, gần đại học Ngoại ngữ, kiến trúc, Đông á. ️Gần chợ , bệnh viện️Phòng có máy nóng… 6 năm trước",https://phongtro123.com/tinh-thanh/da-nang/cho-thue-phong-tro-da-nang.html,2026-05-15T11:09:03
phongtro123,Căn hộ mini mặt tiền Nguyễn Hữu Thọ,2.5 triệu/tháng,25,"Hải Châu, Đà Nẵng","Căn hộ mini mặt tiền Nguyễn Hữu Thọ 2.5 triệu/tháng 25 m 2 Hải Châu, Đà Nẵng Cho thuê căn hộ mini mới sạch, đẹp, vệ sinh riêngĐầy đủ tiện nghi: có giường nệm, điều hòa, nước nóng đầy đủ.Vị trí: mặt tiền Nguyễn Hữu… 6 năm trước",https://phongtro123.com/tinh-thanh/da-nang/cho-thue-phong-tro-ngay-trung-tam-day-du-tien-nghi.html,2026-05-15T11:09:03
phongtro123,Phòng trọ 5* tại Trung tâm Quận Cẩm Lệ,2.5 triệu/tháng,23,"Cẩm Lệ, Đà Nẵng","Phòng trọ 5* tại Trung tâm Quận Cẩm Lệ 2.5 triệu/tháng 23 m 2 Cẩm Lệ, Đà Nẵng GRAND OPENING - CHUNG CƯ MINI TRẦN HUY LIỆU - TOÀ NHÀ XANH ĐẦY NẮNG VÀ GIÓ ️ Haviland House chào mừng thêm 01 toà nhà quy chuẩn bậc nhất gia nhập vào chuỗi hệ… 6 năm trước",https://phongtro123.com/tinh-thanh/da-nang/chung-cu-mini-35-can-tai-trung-tam-quan-cam-le.html,2026-05-15T11:09:03
phongtro123,Cho thuê phòng trọ Q.Liên Chiểu,2.3 triệu/tháng,35,"Liên Chiểu, Đà Nẵng","Cho thuê phòng trọ Q.Liên Chiểu 2.3 triệu/tháng 35 m 2 Liên Chiểu, Đà Nẵng Phòng trọ 2 mặt tiền đường chơn tâm 6 và đường thanh nghị diện tích sử dụng 35m2 có gát lửng nằm sau lưng bệnh viện ung bứu, cách trường đại học… 6 năm trước",https://phongtro123.com/tinh-thanh/da-nang/cho-thue-phong-tro-q-lien-chieu.html,2026-05-15T11:09:03
phongtro123,"Cho thuê phòng trọ mới xây, gác lững, đẹp, rộng rãi",1.5 triệu/tháng,25,"Liên Chiểu, Đà Nẵng","Cho thuê phòng trọ mới xây, gác lững, đẹp, rộng rãi 1.5 triệu/tháng 25 m 2 Liên Chiểu, Đà Nẵng Phòng trọ mới xây,đẹp,rộng rãi,thoáng mát.Gần đường chính Hoàng Văn Thái.Hiện có 20 phòng mới xây xong,có gác lững rộng,có sân để xe.Giá thuê… 6 năm trước",https://phongtro123.com/tinh-thanh/da-nang/cho-thue-phong-tro-moi-xay-gac-lung-dep-rong-rai.html,2026-05-15T11:09:03
phongtro123,Phòng trọ 2 mặt tiền sau lưng bệnh viện Ung Bướu,2.3 triệu/tháng,2,"Liên Chiểu, Đà Nẵng","Phòng trọ 2 mặt tiền sau lưng bệnh viện Ung Bướu 2.3 triệu/tháng 35 m 2 Liên Chiểu, Đà Nẵng Phòng trọ 2 mặt tiền đường 10m5 và 5m5 , mới xâyThoáng mát, có gác lửngGần trường học, bệnh viện, biển, công viênDiện tích sử dụng 35m2Giá… 6 năm trước",https://phongtro123.com/tinh-thanh/da-nang/phong-tro-2-mat-tien-sau-lung-benh-vien-ung-buou.html,2026-05-15T11:09:03
phongtro123,CHO THUÊ NHÀ TRỌ SINH VIÊN GIÁ RẺ,1.5 triệu/tháng,15,"Ngũ Hành Sơn, Đà Nẵng","CHO THUÊ NHÀ TRỌ SINH VIÊN GIÁ RẺ 1.5 triệu/tháng 15 m 2 Ngũ Hành Sơn, Đà Nẵng Phòng toilet trong, kề trường ĐH KINH TẾ, XUNG QUANH SV ĐANG Ở, GẦN NGÂN HÀNG, CHỢ . AN NINH TỐT. THOÁNG MÁT, RỘNG RÃI. 6 năm trước",https://phongtro123.com/tinh-thanh/da-nang/cho-thue-nha-tro-sinh-vien-gia-re-3.html,2026-05-15T11:09:06
phongtro123,"Cho thuê phòng trọ riêng biệt, độc lập",1.2 triệu/tháng,15,"Thanh Khê, Đà Nẵng","Cho thuê phòng trọ riêng biệt, độc lập 1.2 triệu/tháng 15 m 2 Thanh Khê, Đà Nẵng Cho thuê phòng trọ, giá 1,2 tr / tháng, riêng biệt, sạch sẽ, thoáng mát, nhà vệ sinh, điện nước riêng, gần chợ, gần Đại học TDTD, diện tích 17 m2, đường… 6 năm trước",https://phongtro123.com/tinh-thanh/da-nang/cho-thue-phong-tro-rieng-biet-doc-lap.html,2026-05-15T11:09:06
phongtro123,Phòng trọ giá rẻ 16m2 Quận Hải Châu,2.2 triệu/tháng,16,"Hải Châu, Đà Nẵng","Phòng trọ giá rẻ 16m2 Quận Hải Châu 2.2 triệu/tháng 16 m 2 Hải Châu, Đà Nẵng • Cho thuê phòng trọ giá rẻ 16m2 - 2 triệu 2, đường Hoàng Thúc Trâm, quận Hải Châu, Đà Nẵng• Phòng vệ sinh sạch sẽ, đầy đủ tiện nghi• Gần chợ… 6 năm trước",https://phongtro123.com/tinh-thanh/da-nang/phong-tro-gia-re-16m2-quan-hai-chau.html,2026-05-15T11:09:06
phongtro123,"Cho thuê 1 phòng trong chung cư 2 phòng ngủ, chung cư B2 Vicoland",1.5 triệu/tháng,16,"Sơn Trà, Đà Nẵng","Cho thuê 1 phòng trong chung cư 2 phòng ngủ, chung cư B2 Vicoland 1.5 triệu/tháng 16 m 2 Sơn Trà, Đà Nẵng Cho thuê 1 Phòng trong căn chung cư 2 phòng, khu chung cư B2 Vicoland, Vân Đồn, Sơn Trà , Đà Nẵng.- Trung tâm thành phố, gần cầu sông Hàn, Vincom, chợ Hàn.Đầy… 6 năm trước",https://phongtro123.com/tinh-thanh/da-nang/cho-thue-1-phong-trong-chung-cu-2-phong-ngu-chung-cu-b2-vicoland.html,2026-05-15T11:09:06
phongtro123,Phòng trọ chung cư mini trung tâm TP. Đà Nẵng,2.5 triệu/tháng,20,"Thanh Khê, Đà Nẵng","Phòng trọ chung cư mini trung tâm TP. Đà Nẵng 2.5 triệu/tháng 20 m 2 Thanh Khê, Đà Nẵng Tiện ích kèm theo: Phòng trọ riêng biệt, có sân phơi, khuôn bếp, nhà vệ sinh trong phòng. Có bảo vệ, camera giám sát 24/24. Khu vực riêng để xe,… 6 năm trước",https://phongtro123.com/tinh-thanh/da-nang/phong-tro-chung-cu-mini-trung-tam-tp.html,2026-05-15T11:09:06
phongtro123,CHO THUÊ PHÒNG KHU VỰC HÒA XUÂN- CẨM LỆ,4 triệu/tháng,32,"Cẩm Lệ, Đà Nẵng","CHO THUÊ PHÒNG KHU VỰC HÒA XUÂN- CẨM LỆ 4 triệu/tháng 32 m 2 Cẩm Lệ, Đà Nẵng Cho thuê phòng đầy đủ tiện nghi, dạng căn hộ mini. Trong phòng có:- Tủ lạnh- Máy Giặt- Tivi-Điều Hòa-Quạt hút mùi- Giường + nệm1m6- Tủ áo… 6 năm trước",https://phongtro123.com/tinh-thanh/da-nang/cho-thue-phong-khu-vuc-hoa-xuan-cam-le.html,2026-05-15T11:09:06
phongtro123,Cho thuê nhà trọ nguyên căn quận Sơn Trà 120m2,4.5 triệu/tháng,120,"Sơn Trà, Đà Nẵng","Cho thuê nhà trọ nguyên căn quận Sơn Trà 120m2 4.5 triệu/tháng 120 m 2 Sơn Trà, Đà Nẵng - Cho thuê nhà nguyên căn K79/12 Võ Duy Ninh (Sơn Trà, Đà Nẵng), diện tích 100m2. DTSD: 120m2- Gồm: phòng khách, 2 phòng ngủ, bếp, 1 WC, giường. Thiết kế thoáng… 6 năm trước",https://phongtro123.com/tinh-thanh/da-nang/cho-thue-nha-tro-nguyen-can-quan-son-tra-120m2.html,2026-05-15T11:09:06
phongtro123,"Phòng trọ rẻ, miễn phí điện nước, có khu bếp và vệ sinh nóng lạnh, sân phơi...",1.5 triệu/tháng,12,"Ngũ Hành Sơn, Đà Nẵng","Phòng trọ rẻ, miễn phí điện nước, có khu bếp và vệ sinh nóng lạnh, sân phơi... 1.5 triệu/tháng 12 m 2 Ngũ Hành Sơn, Đà Nẵng Giá 1.5 triệu,mặt tiền, bao điện nước, Trần thả, thông gió,có khu vực bếp, sân phơi, vệ sinh nóng lạnh năng lượng mặt trời, gần biển, dãy resort...khu… 6 năm trước",https://phongtro123.com/tinh-thanh/da-nang/phong-tro-re-mien-phi-dien-nuoc-co-khu-bep-va-ve-sinh-nong-lanh-san-phoi.html,2026-05-15T11:09:06
phongtro123,Phòng trọ Liên Chiểu mặt kiệt đường Hoàng Văn Thái,1.8 triệu/tháng,30,"Liên Chiểu, Đà Nẵng","Phòng trọ Liên Chiểu mặt kiệt đường Hoàng Văn Thái 1.8 triệu/tháng 30 m 2 Liên Chiểu, Đà Nẵng Phòng trọ ngay vị trí trung tâm quận Liên Chiểu.Kiệt rộng 5m, cách bến xe hơn 1km, cách trung tâm thành phố 10p đi xe,gần các khu vui chơi quận Liên… 6 năm trước",https://phongtro123.com/tinh-thanh/da-nang/phong-tro-lien-chieu-mat-kiet-duong-hoang-van-thai.html,2026-05-15T11:09:06
phongtro123,"Phòng trọ cao cấp, an ninh cao tại Hải Châu, Đà Nẵng",2.7 triệu/tháng,25,"Hải Châu, Đà Nẵng","Phòng trọ cao cấp, an ninh cao tại Hải Châu, Đà Nẵng 2.7 triệu/tháng 25 m 2 Hải Châu, Đà Nẵng Vị trí ngay lõi trung tâm TP Đà NẵngHoạt động xuyên suốt 24/7Bảo vệ trực ca an toàn cả toà nhà 24/24Quản lý toà nhà giải đáp toàn bộ vấn đề phát… 6 năm trước",https://phongtro123.com/tinh-thanh/da-nang/phong-tro-cao-cap-an-ninh-cao-tai-hai-chau-da-nang.html,2026-05-15T11:09:06
phongtro123,"Phòng trọ rộng 15m2, thoáng mát, sạch sẽ - cho 1 nam thuê",1.8 triệu/tháng,15,"Sơn Trà, Đà Nẵng","Phòng trọ rộng 15m2, thoáng mát, sạch sẽ - cho 1 nam thuê 1.8 triệu/tháng 13 m 2 Sơn Trà, Đà Nẵng - Cách đường Võ Văn Kiệt 300m, cách biển Mỹ Khê 500m, đường 7.5m- Gần bênh viện, chợ, các trường cao đẳng, đại học trên địa bàn. Vị trí TRUNG TÂM… 6 năm trước",https://phongtro123.com/tinh-thanh/da-nang/phong-tro-rong-15m2-thoang-mat-sach-se-cho-1-nam-thue.html,2026-05-15T11:09:06
phongtro123,"Cho thuê phòng trọ 20m vuông, wc riêng",2.5 triệu/tháng,20,"Thanh Khê, Đà Nẵng","Cho thuê phòng trọ 20m vuông, wc riêng 2.5 triệu/tháng 20 m 2 Thanh Khê, Đà Nẵng Phòng trọ sạch sẽ, thoáng mát, mới, có wc riêng biệt, ưu tiên sinh viên, khu vực gần trường ĐH TDTT. Liên hệ: c. Hương 0905425505 6 năm trước",https://phongtro123.com/tinh-thanh/da-nang/cho-thue-phong-tro-20m-vuong-wc-rieng.html,2026-05-15T11:09:06
phongtro123,Cho thuê phòng trọ Q.Hải Châu mới đẹp có gác lửng,3 triệu/tháng,20,"Hải Châu, Đà Nẵng","Cho thuê phòng trọ Q.Hải Châu mới đẹp có gác lửng 3 triệu/tháng 20 m 2 Hải Châu, Đà Nẵng Phòng trọ 14m 2, chưa kể gác lửng mới đẹp, độc lập , kiệt rộng ô tô vào được nằm trên đường Nguyễn Tri Phương.( đoạn cắt Trưng Nữ Vương và Lê… 6 năm trước",https://phongtro123.com/tinh-thanh/da-nang/cho-thue-phong-tro-q-hai-chau-moi-dep-co-gac-lung.html,2026-05-15T11:09:06
phongtro123,"Cho thuê phòng cao cấp, đầy đủ tiện nghi gần helio, lotte",2.6 triệu/tháng,20,"Hải Châu, Đà Nẵng","Cho thuê phòng cao cấp, đầy đủ tiện nghi gần helio, lotte 2.6 triệu/tháng 20 m 2 Hải Châu, Đà Nẵng 95 Phan Đăng Lưu, sang trọng đường lớn có chổ đậu xe hơi.Gần 2/9, 30/4, Lê Thanh Nghị helio,Khu Trường CĐ Bách Khoa,, Kiến Trúc,..- Tự do giờ giấc.- An… 6 năm trước",https://phongtro123.com/tinh-thanh/da-nang/cho-thue-phong-cao-cap-day-du-tien-nghi-gan-helio-lotte.html,2026-05-15T11:09:06
phongtro123,Cho thuê phòng trọ quận Ngũ Hành Sơn,2.5 triệu/tháng,21,"Ngũ Hành Sơn, Đà Nẵng","Cho thuê phòng trọ quận Ngũ Hành Sơn 2.5 triệu/tháng 21 m 2 Ngũ Hành Sơn, Đà Nẵng -phòng trọ mới xây, sạch đẹp, thoáng mát -Có gác lửng đúc lát đá -Bếp và nhà vệ sinh khép kín cho từng phòng. -Điện nước có công tơ riêng và… 6 năm trước",https://phongtro123.com/tinh-thanh/da-nang/cho-thue-phong-tro-quan-ngu-hanh-son.html,2026-05-15T11:09:06
phongtro123,"Cho thuê phòng trọ cao cấp đường Minh Mạng, khu Nam Hòa Xuân",2 triệu/tháng,30,"Ngũ Hành Sơn, Đà Nẵng","Cho thuê phòng trọ cao cấp đường Minh Mạng, khu Nam Hòa Xuân 2 triệu/tháng 30 m 2 Ngũ Hành Sơn, Đà Nẵng Nội Thất đầy đủ gồm :Bình nóng lạnh.Bếp từ gồm 2 bếp ,có hẹn giờ nấu ăn nhanh và rất sạch.Chậu rửa chén 2 găn và rộng.Bàn ănTủ treo… 6 năm trước",https://phongtro123.com/tinh-thanh/da-nang/cho-thue-phong-tro-cao-cap-duong-minh-mang-khu-nam-hoa-xuan.html,2026-05-15T11:09:06
phongtro123,"Cho thuê trọ Đinh Tiên Hoàng đầy đủ nội thất, Dịch vụ",4 triệu/tháng,25,"Hải Châu, Đà Nẵng","Cho thuê trọ Đinh Tiên Hoàng đầy đủ nội thất, Dịch vụ 4 triệu/tháng 25 m 2 Hải Châu, Đà Nẵng CÙNG TRẢI NGHIỆM CHUỖI PHÒNG TRỌ 5* FULL SERVICE TẠI NGAY TRUNG TÂM TP ĐÀ NẴNGVị trí ngay lõi trung tâm TP Đà NẵngHoạt động xuyên suốt 24/7Bảo vệ trực… 6 năm trước",https://phongtro123.com/tinh-thanh/da-nang/cho-thue-tro-dinh-tien-hoang-day-du-noi-that-dich-vu.html,2026-05-15T11:09:06
phongtro123,"CHO THUÊ TRỌ TỰ DO GIỜ GIẤC, TIỆN NGHI ĐẦY ĐỦ GIÁ 2TR7 - 3TR",2.5 triệu/tháng,20,"Thanh Khê, Đà Nẵng","CHO THUÊ TRỌ TỰ DO GIỜ GIẤC, TIỆN NGHI ĐẦY ĐỦ GIÁ 2TR7 - 3TR 2.5 triệu/tháng 20 m 2 Thanh Khê, Đà Nẵng CHO THUÊ TRỌ TỰ DO GIỜ GIẤC, TIỆN NGHI ĐẦY ĐỦ GIÁ 2tr5 - 2tr9Bạn đang muốn một căn phòng tự do giờ giấc tiện nghi gần trung tâm Thanh Khê Đà Nẵng. Hãy… 6 năm trước",https://phongtro123.com/tinh-thanh/da-nang/cho-thue-tro-tu-do-gio-giac-tien-nghi-day-du-gia-2tr7-3tr.html,2026-05-15T11:09:06
phongtro123,"Phòng trọ 30m2, K158 Trần Cao Vân, rộng rãi, sạch sẽ",3 triệu/tháng,30,"Thanh Khê, Đà Nẵng","Phòng trọ 30m2, K158 Trần Cao Vân, rộng rãi, sạch sẽ 3 triệu/tháng 300 m 2 Thanh Khê, Đà Nẵng CHO THUÊ PHÒNGTRỌ Còn 1 phòng trong nhà nguyên căn - 5 phòng (phòng mới sơn sửa hoàn thiện xong)Giá: 3tr/tháng, Phòng rộng 30m2, có 2 cửa sổ, mát mẽ,… 6 năm trước",https://phongtro123.com/tinh-thanh/da-nang/phong-tro-30m2-k158-tran-cao-van-rong-rai-sach-se.html,2026-05-15T11:09:06
phongtro123,"Cho thuê phòng trong nhà nguyên căn, giá 1.7 triệu/tháng",1.7 triệu/tháng,20,"Thanh Khê, Đà Nẵng","Cho thuê phòng trong nhà nguyên căn, giá 1.7 triệu/tháng 1.7 triệu/tháng 20 m 2 Thanh Khê, Đà Nẵng Cần cho thuê lại 2 phòng trên tầng 2 trong nhà nguyên căn ở kiệt 304 điện biên phủ rất rộng rãi thoáng đãng, kiệt ô tôGần các siêu thị, chợ, rạp… 6 năm trước",https://phongtro123.com/tinh-thanh/da-nang/c-hue-phong-trong-nha-nguyen-can.html,2026-05-15T11:09:06
phongtro123,"Còn 2 phòng, K550 Điện Biên Phủ gần siêu thị Coop Mart",3 triệu/tháng,25,"Thanh Khê, Đà Nẵng","Còn 2 phòng, K550 Điện Biên Phủ gần siêu thị Coop Mart 3 triệu/tháng 25 m 2 Thanh Khê, Đà Nẵng Cho thuê phòng trọ, k550 điện biên phủ, Có gác lửng, máy nước nóng năng lượng, máy giặT, wifi, phòng mới xây, gần các tiện ích sân bay, chợ, bến xe, nhà… 6 năm trước",https://phongtro123.com/tinh-thanh/da-nang/con-2-phong-k550-dien-bien-phu-gan-sthi-coopmart.html,2026-05-15T11:09:10
phongtro123,"Phòng trọ có gác lửng, bếp, khép kín, chỗ để xe, camera an ninh, độc lập",2.5 triệu/tháng,25,"Cẩm Lệ, Đà Nẵng","Phòng trọ có gác lửng, bếp, khép kín, chỗ để xe, camera an ninh, độc lập 2.5 triệu/tháng 25 m 2 Cẩm Lệ, Đà Nẵng Cho thuê phòng trọ sạch sẽ thoáng mát an ninh trật tự, độc lập với nhà chủCó sân phơi quần áo, có chỗ để xe rộng rãi. Có camera giám sátTrong phòng… 6 năm trước",https://phongtro123.com/tinh-thanh/da-nang/phong-tro-co-gac-lung-bep-khep-kin-cho-de-xe-camera-an-ninh-doc-lap.html,2026-05-15T11:09:10
phongtro123,"Cho thuê phòng trọ cao cấp đường Trần Huấn, Khuê Trung, Cẩm Lệ",2.9 triệu/tháng,32,"Cẩm Lệ, Đà Nẵng","Cho thuê phòng trọ cao cấp đường Trần Huấn, Khuê Trung, Cẩm Lệ 2.9 triệu/tháng 32 m 2 Cẩm Lệ, Đà Nẵng Cho thuê phòng gần đường Thăng Long (khúc Thăng Long giao với Trần Huấn).Phòng thoáng rộng (32m2), đầy đủ nội thất cơ bản (giường, điều hoà, nóng… 6 năm trước",https://phongtro123.com/tinh-thanh/da-nang/cho-thue-phong-tro-cao-cap-duong-tran-huan-khue-trung-cam-le.html,2026-05-15T11:09:10
phongtro123,"Cho thuê phòng trọ wifi free, không chung chủ",1.5 triệu/tháng,21,"Liên Chiểu, Đà Nẵng","Cho thuê phòng trọ wifi free, không chung chủ 1.5 triệu/tháng 21 m 2 Liên Chiểu, Đà Nẵng Phòng mới 100%, dãy 4 phòngPhòng rộng, thoáng mát. Phòng ốp gạch sạch sẽ tinh tươm.Không chung chủ (nam/nữ có thể ở chung). Giờ giấc tự doVệ sinh… 6 năm trước",https://phongtro123.com/tinh-thanh/da-nang/cho-thue-phong-tro-wifi-free-khong-chung-chu.html,2026-05-15T11:09:10
phongtro123,"Cho thuê phòng khách sạn mini đầy đủ tiện nghi, nằm giữa trung tâm thành phố",3.5 triệu/tháng,25,"Thanh Khê, Đà Nẵng","Cho thuê phòng khách sạn mini đầy đủ tiện nghi, nằm giữa trung tâm thành phố 3.5 triệu/tháng 25 m 2 Thanh Khê, Đà Nẵng Cho thuê phòng khách sạn mini, ngay bờ hồ Hàm Nghi, trung tâm thành phố, gần trường học, sân bay...Phòng đầy đủ tiện nghi: Giường, tủ quần áo, tủ lạnh,… 6 năm trước",https://phongtro123.com/tinh-thanh/da-nang/cho-thue-phong-khach-san-mini-day-du-tien-nghi-nam-giua-trung-tam-thanh-pho.html,2026-05-15T11:09:10
phongtro123,"Cho thuê phòng trọ nam cầu Cẩm Lệ, Hòa Xuân",2.2 triệu/tháng,26,"Cẩm Lệ, Đà Nẵng","Cho thuê phòng trọ nam cầu Cẩm Lệ, Hòa Xuân 2.2 triệu/tháng 26 m 2 Cẩm Lệ, Đà Nẵng Cho thuê phòng trọ Hòa Xuân, Nam Cầu Cẩm LệPhòng mới xây, thoáng mát, sạch đẹp, khu vực an ninh tốt, chỗ phơi rộng rãiGiờ giấc tự do, thoải mãi, yên… 6 năm trước",https://phongtro123.com/tinh-thanh/da-nang/cho-thue-phong-tro-nam-cau-cam-le-hoa-xuan.html,2026-05-15T11:09:10
phongtro123,Cho thuê phòng trọ giá rẻ gần Chợ Lệ Trạch,,24,"Hoà Vang, Đà Nẵng","Cho thuê phòng trọ giá rẻ gần Chợ Lệ Trạch 650.000 đồng/tháng 24 m 2 Hoà Vang, Đà Nẵng Cho thuê Phòng trọ 1 phòng mặt tiền có sân rộng có mái che và khung sắt bao quanh có thể đậu xe ôtô, bán đồ ăn vặt hoặc setup sơ lại làm tiệm hớt tóc,… 6 năm trước",https://phongtro123.com/tinh-thanh/da-nang/cho-thue-phong-tro-gia-re-gan-cho-le-trach.html,2026-05-15T11:09:10
phongtro123,"Cho thuê phòng trọ Hoà Thọ Đông, Đà Nẵng",1.5 triệu/tháng,20,"Cẩm Lệ, Đà Nẵng","Cho thuê phòng trọ Hoà Thọ Đông, Đà Nẵng 1.5 triệu/tháng 20 m 2 Cẩm Lệ, Đà Nẵng Phòng sạch sẽ rộng rãi thoáng mát gần đường trường học gần chợ khu An Ninh không chung chủ không quy định giờ giấc 6 năm trước",https://phongtro123.com/tinh-thanh/da-nang/cho-thue-phong-tro-hoa-tho-dong.html,2026-05-15T11:09:10
phongtro123,Cho Thuê Phòng Trọ (Chỉ Cho Nữ),2.5 triệu/tháng,20,"Thanh Khê, Đà Nẵng","Cho Thuê Phòng Trọ (Chỉ Cho Nữ) 2.5 triệu/tháng 20 m 2 Thanh Khê, Đà Nẵng CHO THUÊ PHÒNG TRỌ (CHỈ CHO NỮ)- Nhà nguyên căn, có 2 phòng và 1 bếp, toilet riêng.-> Địa chỉ: K43/1A Mẹ Nhu, TP. Đà Nẵng- Gần CÔNG TY DỆT MAY 29/3, CHỢ… 6 năm trước",https://phongtro123.com/tinh-thanh/da-nang/cho-thue-phong-tro-chi-cho-nu.html,2026-05-15T11:09:10
phongtro123,"Cho thuê phòng trọ ngay trung tâm thành phố, liên hệ số điện thoại 0934 989 667",3 triệu/tháng,20,"Hải Châu, Đà Nẵng","Cho thuê phòng trọ ngay trung tâm thành phố, liên hệ số điện thoại 0934 989 667 3 triệu/tháng 20 m 2 Hải Châu, Đà Nẵng Cho thuê phòng trọ ngay trung tâm thành phố k66/35 Đống đa , đầy đủ tiện nghi, khu an ninh rất tốtDiện tích : 20m2, 30m2 giá : 3.000k, 4.000kLiên hệ : C. Quyên… 6 năm trước",https://phongtro123.com/tinh-thanh/da-nang/cho-thue-phong-tro-ngay-trung-tam-thanh-pho-lien-he-so-dien-thoai-0934-989-667.html,2026-05-15T11:09:10
phongtro123,Phòng trọ 25m2 ngay tại BV 600 giường,2 triệu/tháng,25,"Ngũ Hành Sơn, Đà Nẵng","Phòng trọ 25m2 ngay tại BV 600 giường 2 triệu/tháng 25 m 2 Ngũ Hành Sơn, Đà Nẵng - Phòng trọ rộng rãi, thoáng mát, có chỗ phơi đồ, nấu nướng, an ninh tốt... số lượng có hạn!- Gần trục đường chính, gần chợ, khu vui chơi, trường… 6 năm trước",https://phongtro123.com/tinh-thanh/da-nang/phong-tro-25m2-ngay-tai-bv-600-giuong.html,2026-05-15T11:09:10
phongtro123,Nhà trọ mini đầy đủ tiện nghi ngay trung tâm thành phố,4.5 triệu/tháng,30,"Hải Châu, Đà Nẵng","Nhà trọ mini đầy đủ tiện nghi ngay trung tâm thành phố 4.5 triệu/tháng 30 m 2 Hải Châu, Đà Nẵng - Nhà một trệt, một gác suốt- Lối đi riêng- Giờ giấc tự do- Khu dân cư an ninh, phong thủy tốt- Gần siêu thị, chợ ( 5 phút đi bộ ), khu vui chơi trẻ… 6 năm trước",https://phongtro123.com/tinh-thanh/da-nang/nha-tro-mini-day-du-tien-nghi-ngay-trung-tam-thanh-pho.html,2026-05-15T11:09:10
phongtro123,"Phòng trọ trong nhà nguyên căn, kiên cố, giờ giấc tự do, ngay bờ hồ Hàm Nghi",3.2 triệu/tháng,25,"Thanh Khê, Đà Nẵng","Phòng trọ trong nhà nguyên căn, kiên cố, giờ giấc tự do, ngay bờ hồ Hàm Nghi 3.2 triệu/tháng 25 m 2 Thanh Khê, Đà Nẵng Cho thuê phòng ngay bờ hồ Hàm Nghi ⏩ Phòng có giường tầng, điều hoà, toilet trong, máy nước nóng, tủ đồ riêng biệt. Có sân phơi đồ riêng - sân… 6 năm trước",https://phongtro123.com/tinh-thanh/da-nang/phong-tro-trong-nha-nguyen-can-kien-co-gio-giac-tu-do-ngay-bo-ho-ham-nghi.html,2026-05-15T11:09:10
phongtro123,"Cho thuê phòng đẹp đường Đỗ Quang gần bờ hồ Hàm Nghi, đầy đủ nội thất. Giá 3tr",3 triệu/tháng,20,"Thanh Khê, Đà Nẵng","Cho thuê phòng đẹp đường Đỗ Quang gần bờ hồ Hàm Nghi, đầy đủ nội thất. Giá 3tr 3 triệu/tháng 20 m 2 Thanh Khê, Đà Nẵng Cho thuê phòng căn hộ đẹp giá rẻ bất ngờ chỉ từ 3tr/ tháng.Vị trí: Đường Đỗ Quang, bờ hồ Hàm Nghi.- Cách trường Đh Duy Tân 300m.- Cách chợ Cồn,… 6 năm trước",https://phongtro123.com/tinh-thanh/da-nang/cho-thue-phong-dep-duong-do-quang-gan-bo-ho-ham-nghi-day-du-noi-that-3tr.html,2026-05-15T11:09:10
phongtro123,Cho Thuê Phòng Trọ - Giá Rẻ - Diện tích 50m2,2.8 triệu/tháng,50,"Sơn Trà, Đà Nẵng","Cho Thuê Phòng Trọ - Giá Rẻ - Diện tích 50m2 2.8 triệu/tháng 50 m 2 Sơn Trà, Đà Nẵng Cho thuê phòng trọ - Diện tích 50m2 - số 8 Hồ Hán Thương, ngay cầu Thuận Phước, ngay trung tâm thành phố Đà Nẵng. Liên hệ: 0934790821 (Cô Sáu) 6 năm trước",https://phongtro123.com/tinh-thanh/da-nang/cho-thue-phong-tro-gia-re-dien-tich-50m2.html,2026-05-15T11:09:10
phongtro123,Còn 1 phòng cho thuê gần sân bay,1.8 triệu/tháng,12,"Hải Châu, Đà Nẵng","Còn 1 phòng cho thuê gần sân bay 1.8 triệu/tháng 12 m 2 Hải Châu, Đà Nẵng Phòng 12m2 có lối đi riêng giá 1tr8 gần sân bay , Đại học Duy Tân . Phòng cho thuê 2 người ko cho thuê gia đình. Thanh toán 2 tháng 1 kỳ. 6 năm trước",https://phongtro123.com/tinh-thanh/da-nang/con-1-phong-cho-thue-gan-san-bay.html,2026-05-15T11:09:10
phongtro123,CHO THUÊ PHÒNG KHU VỰC HẢI CHÂU GIÁ RẺ!!!!,2.8 triệu/tháng,75,"Hải Châu, Đà Nẵng","CHO THUÊ PHÒNG KHU VỰC HẢI CHÂU GIÁ RẺ!!!! 2.8 triệu/tháng 75 m 2 Hải Châu, Đà Nẵng Homestay Anh Thư cho thuê phòng trọ khu vực Hải Châu gía rẻ phù hợp cho các bạn sinh viên , nhân viên văn phòng Đầy đủ tiện nghi , có sẵn nội thất chỉ… 6 năm trước",https://phongtro123.com/tinh-thanh/da-nang/cho-thue-phong-khu-vuc-hai-chau-gia-re.html,2026-05-15T11:09:10
phongtro123,Cho thuê phòng trọ gần đường 2/9,1.6 triệu/tháng,15,"Hải Châu, Đà Nẵng","Cho thuê phòng trọ gần đường 2/9 1.6 triệu/tháng 15 m 2 Hải Châu, Đà Nẵng Phòng có gác , vệ sinh trong , có sân phơi . Khu vực gần chợ , bệnh viện , trường học , an ninh đảm bảo . Thích hợp cho ngưòi đi làm 6 năm trước",https://phongtro123.com/tinh-thanh/da-nang/cho-thue-phong-tro-gan-duong-2-9.html,2026-05-15T11:09:10
phongtro123,Cho thuê phòng căn hộ studio giá rẻ đẹp gần công viên châu á [r],4.9 triệu/tháng,30,"Hải Châu, Đà Nẵng","Cho thuê phòng căn hộ studio giá rẻ đẹp gần công viên châu á [r] 4.9 triệu/tháng 30 m 2 Hải Châu, Đà Nẵng Cho thuê phòng căn hộ studio giá rẻ đẹp gần công viên châu á [r]ĐỊA CHỈ : 60 tiểu la, hoà cường bắc, quận hải châu , đà Nẵng. [r][r1] … 6 năm trước",https://phongtro123.com/tinh-thanh/da-nang/cho-thue-phong-can-ho-studio-gia-re-dep-gan-cong-vien-chau-a-r.html,2026-05-15T11:09:10
phongtro123,Cho thuê phòng trọ đường Phan Thanh,1.9 triệu/tháng,14,"Thanh Khê, Đà Nẵng","Cho thuê phòng trọ đường Phan Thanh 1.9 triệu/tháng 14 m 2 Thanh Khê, Đà Nẵng K 152/40c Phan ThanhVị trí trung tâmGiao thông thuận lợiAn ninh tôtGần ĐH Duy Tân, BV Hoàn Mỹ, gần chợChỉ cho nữ thuê 6 năm trước",https://phongtro123.com/tinh-thanh/da-nang/cho-thue-phong-tro-duong-phan-thanh.html,2026-05-15T11:09:10
phongtro123,Duy nhất một phòng sót lại cho ai cần ở Đống Đa,2.5 triệu/tháng,12,"Hải Châu, Đà Nẵng","Duy nhất một phòng sót lại cho ai cần ở Đống Đa 2.5 triệu/tháng 12 m 2 Hải Châu, Đà Nẵng Phòng sạch đẹp- giá hợp lý- kỷ luật nề nếpĐã có giường- đã lót sàn+ 1 quạt như hìnhVệ sinh ngoàiLiên hệ sớm để được xem phòng- số lượng… 6 năm trước",https://phongtro123.com/tinh-thanh/da-nang/duy-nhat-mot-phong-sot-lai-cho-ai-can-o-dong-da.html,2026-05-15T11:09:14
phongtro123,Phòng Dorm con nhộng cho sinh viên và người đi làm,1.8 triệu/tháng,18,"Hải Châu, Đà Nẵng","Phòng Dorm con nhộng cho sinh viên và người đi làm 1.8 triệu/tháng 18 m 2 Hải Châu, Đà Nẵng Mọi thứ RIT Dormitory & Apartment đều đã chuẩn bị sẵn sàng và GIÀNH CHO BẠN với mức giá cực kỳ lý tưởng từ 1,800,000 VNĐ/người/tháng. ????????̛????… 6 năm trước",https://phongtro123.com/tinh-thanh/da-nang/phong-dorm-con-nhong-cho-sinh-vien-va-nguoi-di-lam.html,2026-05-15T11:09:14
phongtro123,"Cho thuê phòng trọ nữ, 16m2, có ban công, để xe rộng rãi, thoáng",1.2 triệu/tháng,16,"Cẩm Lệ, Đà Nẵng","Cho thuê phòng trọ nữ, 16m2, có ban công, để xe rộng rãi, thoáng 1.2 triệu/tháng 16 m 2 Cẩm Lệ, Đà Nẵng - Cho thuê phòng trọ nữ- Diện tích 16m2,- Có ban công, thoáng- Để xe rộng rãi.- Có wifi, điện nước ổn định. 6 năm trước",https://phongtro123.com/tinh-thanh/da-nang/cho-thue-phong-tro-nu-16m2-co-ban-cong-de-xe-rong-rai-thoang.html,2026-05-15T11:09:14
phongtro123,"Phòng trọ cho sinh viên, kỹ sư, cán bộ, vợ chồng nuôi con nhỏ",1.8 triệu/tháng,30,"Cẩm Lệ, Đà Nẵng","Phòng trọ cho sinh viên, kỹ sư, cán bộ, vợ chồng nuôi con nhỏ 1.8 triệu/tháng 30 m 2 Cẩm Lệ, Đà Nẵng Phòng trọ ở tầng 2 diện tích 30m2, bếp 20m2. WC riêng. Sạch đẹp tiện nghi cao cấp, lịch sựCho thuê giá rẻ 1.8 triệuLH đt: 090526865(Thời gian liên hệ… 6 năm trước",https://phongtro123.com/tinh-thanh/da-nang/phong-tro-cho-sinh-vien-ky-su-can-bo-vo-chong-nuoi-con-nho.html,2026-05-15T11:09:14
phongtro123,Cho thuê phòng trọ quận Cẩm lệ 1tr6,1.6 triệu/tháng,18,"Cẩm Lệ, Đà Nẵng","Cho thuê phòng trọ quận Cẩm lệ 1tr6 1.6 triệu/tháng 18 m 2 Cẩm Lệ, Đà Nẵng CHO THUÊ PHÒNG TRỌ CẨM LỆPhòng trọ có gác lửng riêng, bếp, bồn nước, đồng hồ nước, vệ sinh riêng. Tất cả đều có cửa sổ nhìn ra ngoài, rất sáng… 6 năm trước",https://phongtro123.com/tinh-thanh/da-nang/cho-thue-phong-tro-quan-cam-le-1tr6.html,2026-05-15T11:09:14
phongtro123,Cho thuê phòng trọ mới xây cạnh KCN Hòa Kháh,1.3 triệu/tháng,21,"Hoà Vang, Đà Nẵng","Cho thuê phòng trọ mới xây cạnh KCN Hòa Kháh 1.3 triệu/tháng 21 m 2 Hoà Vang, Đà Nẵng - Hành lang rộng, thoáng mát, có gác lửng- Wifi tốc độ cao miễn phí, camera an ninh- Giờ giấc tự do.- Gần chợ An Ngãi Đông, Sát cạnh KCN.- Điện nước… 6 năm trước",https://phongtro123.com/tinh-thanh/da-nang/cho-thue-phong-tro-moi-xay-canh-kcn-hoa-khah.html,2026-05-15T11:09:14
phongtro123,Cho thuê phòng ngay trung tâm thành phố,1.6 triệu/tháng,20,"Hải Châu, Đà Nẵng","Cho thuê phòng ngay trung tâm thành phố 1.6 triệu/tháng 20 m 2 Hải Châu, Đà Nẵng Cần cho thuê phòngDiện tích: 25m2Có tolet riêng, máy nóng lạnhNgay trung tâm, phố mua sắm, phố ăn únLH: 0905162050Ưu tiên nữ 6 năm trước",https://phongtro123.com/tinh-thanh/da-nang/cho-thue-phong-ngay-trung-tam-thanh-pho.html,2026-05-15T11:09:14
phongtro123,Cho thuê phòng trọ mới q. ngũ hành sơn gần đh Kinh Tế ĐN,2.8 triệu/tháng,30,"Ngũ Hành Sơn, Đà Nẵng","Cho thuê phòng trọ mới q. ngũ hành sơn gần đh Kinh Tế ĐN 2.8 triệu/tháng 30 m 2 Ngũ Hành Sơn, Đà Nẵng Cho thuê phòng ở đ/C: 12 khuê mỹ đông 7 gần đh Kinh Tế ĐN-Gần đại học kinh tế, có gác lửng, có kệp bếp, WC riêng trong phòng(có vòi sen), có sân thượng… 6 năm trước",https://phongtro123.com/tinh-thanh/da-nang/cho-thue-phong-tro-moi-q-ngu-hanh-son-gan-dh-kinh-te-dn.html,2026-05-15T11:09:14
phongtro123,"PHÒNG TRỌ TỰ DO GIỜ GIẤC, TIỆN NGHI - GẦN BẾN XE TRUNG TÂM GIÁ RẺ 1.8 – 2.2tr đ/tháng- 20 m2",2 triệu/tháng,20,"Cẩm Lệ, Đà Nẵng","PHÒNG TRỌ TỰ DO GIỜ GIẤC, TIỆN NGHI - GẦN BẾN XE TRUNG TÂM GIÁ RẺ 1.8 – 2.2tr đ/tháng- 20 m2 2 triệu/tháng 20 m 2 Cẩm Lệ, Đà Nẵng CHO THUÊ PHÒNG TỰ DO GIỜ GIẤC, TIỆN NGHI - GIÁ RẺBạn đang muốn một căn phòng tự do giờ giấc tiện nghi gần trung tâm Đà Nẵng. Hãy đến với chúng… 6 năm trước",https://phongtro123.com/tinh-thanh/da-nang/phong-tro-tu-do-gio-giac-tien-nghi-gia-re-1-8-2-2tr-d-thang-20-m2.html,2026-05-15T11:09:14
phongtro123,Cho Thuê Phòng Trọ Tại Phong Bắc 17,1.8 triệu/tháng,15,"Cẩm Lệ, Đà Nẵng","Cho Thuê Phòng Trọ Tại Phong Bắc 17 1.8 triệu/tháng 15 m 2 Cẩm Lệ, Đà Nẵng Cho thuê phòng trọ tại Phong Bắc 17, Cẩm Lệ Giá phòng: 1,600,000 - 2,200,000Số người ở: tối đa 3 ngườiTiền nước: 50,000/ngườiTiền điện:… 6 năm trước",https://phongtro123.com/tinh-thanh/da-nang/cho-thue-phong-tro-tai-phong-bac-17.html,2026-05-15T11:09:14
phongtro123,Ký túc xá cao cấp dành cho sinh viên và nhân viên văn phòng,1.2 triệu/tháng,20,"Liên Chiểu, Đà Nẵng","Ký túc xá cao cấp dành cho sinh viên và nhân viên văn phòng 1.2 triệu/tháng 20 m 2 Liên Chiểu, Đà Nẵng T-HOME: Ký Túc Xá cao cấp dành cho sinh viên và nhân viên văn phòng, khu vực Liên Chiểu, Đà NẵngCho thuê trọ ở ghép.Địa chỉ: Đặng Huy Trứ, phường Hòa… 6 năm trước",https://phongtro123.com/tinh-thanh/da-nang/ky-tuc-xa-cao-cap-danh-cho-sinh-vien-va-nhan-vien-van-phong.html,2026-05-15T11:09:14
phongtro123,"Phòng trọ cho người đi làm, tiện ích, giá rẻ tại trung tâm Đà Nẵng",2.7 triệu/tháng,27.5,"Cẩm Lệ, Đà Nẵng","Phòng trọ cho người đi làm, tiện ích, giá rẻ tại trung tâm Đà Nẵng 2.7 triệu/tháng 27.5 m 2 Cẩm Lệ, Đà Nẵng = Cho thuê phòng tại 02 Nguyễn Dữ, P. Khuê Trung.TP ĐN. Gần Vinmec, Đại Học ngoại ngữ.., trung tâm thành phố đi lại thuận tiện.- Diện tích Phòng 20m2,… 6 năm trước",https://phongtro123.com/tinh-thanh/da-nang/phong-tro-cho-nguoi-di-lam-tien-ich-gia-re-tai-trung-tam-da-nang.html,2026-05-15T11:09:14
phongtro123,Cho thuê phòng trọ kiểu căn hộ mini,2.5 triệu/tháng,20,"Sơn Trà, Đà Nẵng","Cho thuê phòng trọ kiểu căn hộ mini 2.5 triệu/tháng 20 m 2 Sơn Trà, Đà Nẵng Cho thuê phòng trọ kiểu căn hộ mini Trong toà 4 tầng, phòng thiết kế hiện đại tiện ích khá đầy đủ( có wifi, tắm nước nóng lạnh, điều hoà đời… 6 năm trước",https://phongtro123.com/tinh-thanh/da-nang/cho-thue-phong-tro-kieu-can-ho-mini.html,2026-05-15T11:09:14
phongtro123,"Phòng có ban công, giờ giấc tự do, mặt tiền H.Châu",2.5 triệu/tháng,22,"Hải Châu, Đà Nẵng","Phòng có ban công, giờ giấc tự do, mặt tiền H.Châu 2.5 triệu/tháng 22 m 2 Hải Châu, Đà Nẵng Cho thuê phòng mặt tiền tầng 2 trong nhà nguyên căn, 56 đường Đặng Nguyên Cẩn, q Hải Châu, ngay cạnh trường ĐH Kiến trúc, ĐH Đông Á, cao đẳng Đại Việt,… 6 năm trước",https://phongtro123.com/tinh-thanh/da-nang/phong-co-ban-cong-gio-giac-tu-do-mat-tien-h-chau.html,2026-05-15T11:09:14
phongtro123,"Phòng Trọ Đường Phước Lý 4, Khu đô thị Phước Lý, Hòa Minh, Liên Chiểu",1.8 triệu/tháng,18,"Liên Chiểu, Đà Nẵng","Phòng Trọ Đường Phước Lý 4, Khu đô thị Phước Lý, Hòa Minh, Liên Chiểu 1.8 triệu/tháng 18 m 2 Liên Chiểu, Đà Nẵng - Nhà trọ 3 tầng, 13 phòng, mới 100%, loading 95%, như hình, 10/2 nhận phòng.- Camera an ninh, free wifi, Độc lập với chủ- Vệ sinh trong phòng, có vòi sen, bệ cao,… 6 năm trước",https://phongtro123.com/tinh-thanh/da-nang/phong-tro-duong-phuoc-ly-4-khu-do-thi-phuoc-ly-hoa-minh-lien-chieu.html,2026-05-15T11:09:14
phongtro123,Cho thuê phòng trọ tại 77 Yên Khê 2,2.5 triệu/tháng,17,"Thanh Khê, Đà Nẵng","Cho thuê phòng trọ tại 77 Yên Khê 2 2.5 triệu/tháng 17 m 2 Thanh Khê, Đà Nẵng Còn 1 phòng trọ 17m2, tầng 2 ở 77 Yên Khê 2. Nhà mới xây, sạch sẽ, khu vực rất an ninhGiá 2tr5/thángCọc 1 thángĐiện 3k 1 chữNước 23k 1 ngườiLh… 6 năm trước",https://phongtro123.com/tinh-thanh/da-nang/cho-thue-phong-tro-tai-77-yen-khe-2.html,2026-05-15T11:09:14
phongtro123,CHO THUÊ PHÒNG TRỌ SINH VIÊN GIÁ 1.5 TR/ THÁNG,1.3 triệu/tháng,15,"Liên Chiểu, Đà Nẵng","CHO THUÊ PHÒNG TRỌ SINH VIÊN GIÁ 1.5 TR/ THÁNG 1.3 triệu/tháng 15 m 2 Liên Chiểu, Đà Nẵng Cho thuê ôhngf trọ đường Trung Nghĩa 6. Hoà Minh .Gần Hoàng Thị Loan, Cầu vượt Ngã Ba Huế.Phòng sạch sẽ , thoáng mát, wifi đầy đủ. Toilet riêngGiá 1.3… 6 năm trước",https://phongtro123.com/tinh-thanh/da-nang/cho-thue-phong-tro-sinh-vien-gia-1-5-tr-thang.html,2026-05-15T11:09:14
phongtro123,"Cho thuê phòng trọ 15m2 đường Điện Biên Phủ, giá 1.3tr / 1 tháng",1.3 triệu/tháng,15,"Thanh Khê, Đà Nẵng","Cho thuê phòng trọ 15m2 đường Điện Biên Phủ, giá 1.3tr / 1 tháng 1.3 triệu/tháng 15 m 2 Thanh Khê, Đà Nẵng Cho thuê phòng trọ 15m2, vệ sinh khép kín sạch sẽ, phòng mới đẹp, an ninh đảm bảo, phù hợp với sinh viên hoặc người đã đi làm 6 năm trước",https://phongtro123.com/tinh-thanh/da-nang/cho-thue-phong-tro-15m2-duong-dien-bien-phu-gia-1-3tr-1-thang.html,2026-05-15T11:09:14
phongtro123,"CHO THUÊ PHÒNG TRỌ MỚI XÂY, CÓ ĐÈN NĂNG LƯỢNG MT KHÔNG TỐN TIỀN ĐIỆN",2 triệu/tháng,100,"Ngũ Hành Sơn, Đà Nẵng","CHO THUÊ PHÒNG TRỌ MỚI XÂY, CÓ ĐÈN NĂNG LƯỢNG MT KHÔNG TỐN TIỀN ĐIỆN 2 triệu/tháng 100 m 2 Ngũ Hành Sơn, Đà Nẵng - GẦN CHỢ BẮC MỸ AN, GẦN ĐH KINH TẾ, KIẾN TRÚC,...- Điện nước tính theo giá của Nhà Nước- có wifi- có nước nóng/lạnh, có điều hòa- HỆ THỐNG… 6 năm trước",https://phongtro123.com/tinh-thanh/da-nang/cho-thue-phong-tro-moi-xay-co-den-nang-luong-mt-khong-ton-tien-dien.html,2026-05-15T11:09:14
phongtro123,"Cho thuê phòng trọ quận Cẩm Lệ đẹp, thoáng",2.4 triệu/tháng,25,"Cẩm Lệ, Đà Nẵng","Cho thuê phòng trọ quận Cẩm Lệ đẹp, thoáng 2.4 triệu/tháng 25 m 2 Cẩm Lệ, Đà Nẵng Cho thuê phòng trọ mới xây kv Cẩm Lệ, đường Nguyễn Phước Tần (gần CMT8, Lê Đại Hành, dệt may Hòa Thọ). - DTSD rộng rãi từ 23-28m2 cả gác lửng.-… 6 năm trước",https://phongtro123.com/tinh-thanh/da-nang/cho-thue-phong-tro-quan-cam-le-dep-thoang.html,2026-05-15T11:09:14
phongtro123,"Cho thuê phòng trọ thoáng mát, sạch sẽ, rộng rãi tại quận Ngũ Hành Sơn",1.8 triệu/tháng,18,"Ngũ Hành Sơn, Đà Nẵng","Cho thuê phòng trọ thoáng mát, sạch sẽ, rộng rãi tại quận Ngũ Hành Sơn 1.8 triệu/tháng 18 m 2 Ngũ Hành Sơn, Đà Nẵng Còn 1 phòng cho thuê, rộng rãi phòng có dtich 18m2 và gác lửng 8m2, có phòng vệ sinh và bếp, wifi miễn phíVị trí thuận tiện, gần chợ Bắc Mỹ An, gần khu du… 6 năm trước",https://phongtro123.com/tinh-thanh/da-nang/cho-thue-phong-tro-thoang-mat-sach-se-rong-rai-tai-quan-ngu-hanh-son.html,2026-05-15T11:09:18
phongtro123,Cho thuê phòng trọ rộng rãi sạch đẹp giá rẻ,2 triệu/tháng,25,"Sơn Trà, Đà Nẵng","Cho thuê phòng trọ rộng rãi sạch đẹp giá rẻ 2 triệu/tháng 25 m 2 Sơn Trà, Đà Nẵng Nhà trọ mới xây 3 tầng, mỗi phòng 20-25m2, thoáng mát, sạch sẽ, sang trọng, riêng biệt, tự do, cầu thang ngoài sân, an ninh, an toàn tuyệt đối. Vị trí gần… 6 năm trước",https://phongtro123.com/tinh-thanh/da-nang/cho-thue-phong-tro-rong-rai-sach-dep-gia-re.html,2026-05-15T11:09:18
phongtro123,"Cho thuê phòng trọ tại 30 Trần Văn Dư, Ngũ Hành Sơn, Đà Nẵng",2.3 triệu/tháng,18,"Ngũ Hành Sơn, Đà Nẵng","Cho thuê phòng trọ tại 30 Trần Văn Dư, Ngũ Hành Sơn, Đà Nẵng 2.3 triệu/tháng 18 m 2 Ngũ Hành Sơn, Đà Nẵng Cho thuê phòng trọ tại 30 Trần Văn Dư, Ngũ Hành Sơn, Đà Nẵng. Liên hệ trực tiếp để xem phòng và biết thêm chi tiết 6 năm trước",https://phongtro123.com/tinh-thanh/da-nang/cho-thue-phong-tro-tai-30-tran-van-du-ngu-hanh-son-da-nang.html,2026-05-15T11:09:18
phongtro123,"Cho thuê phòng trọ đẹp: Hòa Minh, Liên Chiểu, Đà Nẵng",2 triệu/tháng,25,"Liên Chiểu, Đà Nẵng","Cho thuê phòng trọ đẹp: Hòa Minh, Liên Chiểu, Đà Nẵng 2 triệu/tháng 25 m 2 Liên Chiểu, Đà Nẵng Cho thuê phòng trọ đẹp: Hòa Minh, Liên Chiểu, Đà NẵngCho thuê: Phòng trọ cao cấp trong biệt thự kiểu Pháp 3 tầng mới xây: MINH NGỌC APARTMENTĐịa điểm:… 6 năm trước",https://phongtro123.com/tinh-thanh/da-nang/cho-thue-phong-trodep-hoa-minh-lien-chieu-da-nang.html,2026-05-15T11:09:18
phongtro123,"Cho thuê phòng trọ mới, đẹp, tiện nghi vừa đủ",4 triệu/tháng,24,"Ngũ Hành Sơn, Đà Nẵng","Cho thuê phòng trọ mới, đẹp, tiện nghi vừa đủ 4 triệu/tháng 24 m 2 Ngũ Hành Sơn, Đà Nẵng Một khu nhà với không gian thoáng mát, tràn ngập ánh sáng tự nhiên, gió mát đến từ các hướng. Một sân thượng thoáng đãng, một vườn rau be bé xinh xinh,… 6 năm trước",https://phongtro123.com/tinh-thanh/da-nang/cho-thue-phong-tro-moi-dep-1.html,2026-05-15T11:09:18
phongtro123,Phòng trọ Hải Châu 30m2 Lê Thanh Nghị,2.5 triệu/tháng,30,"Hải Châu, Đà Nẵng","Phòng trọ Hải Châu 30m2 Lê Thanh Nghị 2.5 triệu/tháng 30 m 2 Hải Châu, Đà Nẵng phòng trọ rộng rãi , sạch sẽ , thoáng mát , phòng trọ gần chợ đầu mối và các trường đại học , giờ giấc tự do , ưu tiên 1,2 người ở 6 năm trước",https://phongtro123.com/tinh-thanh/da-nang/phong-tro-hai-chau-30m2-le-thanh-nghi.html,2026-05-15T11:09:18
phongtro123,Cho thuê phòng trọ giá sinh viên 2020,1.6 triệu/tháng,18,"Thanh Khê, Đà Nẵng","Cho thuê phòng trọ giá sinh viên 2020 1.6 triệu/tháng 18 m 2 Thanh Khê, Đà Nẵng Phòng sạch sẽ , thoáng mát , yên tĩnh phù hợp cho sinh viên ở học tập ! Có chỗ để xe , có sân phơi , không phải ở gần chủ ,.... gần trung tâm thành phố ,… 6 năm trước",https://phongtro123.com/tinh-thanh/da-nang/cho-thue-phong-tro-gia-sinh-vien-2020.html,2026-05-15T11:09:18
phongtro123,Phòng trọ VIP trung tâm thành phố,3 triệu/tháng,25,"Thanh Khê, Đà Nẵng","Phòng trọ VIP trung tâm thành phố 3 triệu/tháng 25 m 2 Thanh Khê, Đà Nẵng Phòng trọ VIP trung tâm thành phố. Thuận tiện đến các trường học, bệnh viện, chợ, nhà ga , bãi biển ....ưu tiên vợ chồng, hoặc sinh viên nữ ... 6 năm trước",https://phongtro123.com/tinh-thanh/da-nang/phong-tro-vip-trung-tam-thanh-pho.html,2026-05-15T11:09:18
phongtro123,Phòng trọ Điện Biên Phủ gần công viên 29/3. Giá 2tr8/tháng,2.8 triệu/tháng,23,"Thanh Khê, Đà Nẵng","Phòng trọ Điện Biên Phủ gần công viên 29/3. Giá 2tr8/tháng 2.8 triệu/tháng 23 m 2 Thanh Khê, Đà Nẵng Còn 01 phòng trọ cho thuê khu vực Điện Biên Phủ, cách công viên 29/3 1Km.Diện tích: >20m2 (có thể ở được 3 người)Địa chỉ: 194/34 Điện Biên Phủ, Chính… 6 năm trước",https://phongtro123.com/tinh-thanh/da-nang/phong-tro-dien-bien-phu-gan-cong-vien-29-3-2tr8-thang.html,2026-05-15T11:09:18
phongtro123,"Cho thuê phòng trọ tại Đà Nẵng, đường Lê Thanh Nghị",2.5 triệu/tháng,25,"Hải Châu, Đà Nẵng","Cho thuê phòng trọ tại Đà Nẵng, đường Lê Thanh Nghị 2.5 triệu/tháng 25 m 2 Hải Châu, Đà Nẵng Phòng trọ sạch sẽ. thoáng mát , rộng rãi , phòng vệ sinh sạch sẽ , có sân thượng phơi đồ , phòng trọ gần chợ đầu mối và các trường đại học , ưu… 6 năm trước",https://phongtro123.com/tinh-thanh/da-nang/cho-thue-phong-tro-tai-da-nang-duong-le-thanh-nghi.html,2026-05-15T11:09:18
phongtro123,Phòng trọ cao cấp Đà Nẵng chuẩn khách sạn 1 sao Hải Vân Sơn * Free Wifi - Giữ xe - Nước Nóng lạnh *.…,2.5 triệu/tháng,20,"Thanh Khê, Đà Nẵng","Phòng trọ cao cấp Đà Nẵng chuẩn khách sạn 1 sao Hải Vân Sơn * Free Wifi - Giữ xe - Nước Nóng lạnh *.… 2.5 triệu/tháng 20 m 2 Thanh Khê, Đà Nẵng Phòng trọ cao cấp Đà Nẵng chuẩn khách sạn 1 sao Hải Vân Sơn* Free Wifi - Giữ xe - Nước Nóng lạnh *- Diện tích : 20 m2- Yên tĩnh, thoáng mát,- Đầy đủ… 6 năm trước",https://phongtro123.com/tinh-thanh/da-nang/phong-tro-cao-cap-da-nang-chuan-khach-san-1-sao-hai-van-son-free-wifi-giu-xe-nuoc-nong-lanh-lh-0854506001.html,2026-05-15T11:09:18
phongtro123,"Phòng cho thuê, nhiều lựa chọn, thoáng mát",2 triệu/tháng,20,"Hải Châu, Đà Nẵng","Phòng cho thuê, nhiều lựa chọn, thoáng mát 2 triệu/tháng 20 m 2 Hải Châu, Đà Nẵng Dãy phòng trọ mới xây.còn 15 ngày nữa đi vào hoạt động.có điều hoà.sân phơi cá nhân từng phòng.có gác lửng.co camera .wifi.có nhà để xe rộng riêng… 6 năm trước",https://phongtro123.com/tinh-thanh/da-nang/phong-cho-thue-nhieu-lua-chon-thoang-mat.html,2026-05-15T11:09:18
phongtro123,Cho thuê phòng trọ dưới cầu vượt Ngô Sỹ Liên,,14,"Liên Chiểu, Đà Nẵng","Cho thuê phòng trọ dưới cầu vượt Ngô Sỹ Liên 600.000 đồng/tháng 14 m 2 Liên Chiểu, Đà Nẵng Phòng 14 m2 sạch sẽ: có gường ngũ hai người, có nhà vệ sinh riêng, có bếp giá phù hợp cho sinh viên, công nhân 6 năm trước",https://phongtro123.com/tinh-thanh/da-nang/cho-thue-phong-tro-duoi-cau-vuot-ngo-sy-lien.html,2026-05-15T11:09:18
phongtro123,Phòng trọ gần Đại học ngoại ngữ Đà Nẵng,2 triệu/tháng,16,"Cẩm Lệ, Đà Nẵng","Phòng trọ gần Đại học ngoại ngữ Đà Nẵng 2 triệu/tháng 16 m 2 Cẩm Lệ, Đà Nẵng Hiện đại - sạch sẽ - đầy đủ tiện nghi - phòng mớiPHÒNG TRỌ VÀ DỊCH VỤ LƯU TRÚ NGẮN HẠNAn Ninh tốtPhòng mớiSạch sẽCamera An NinhPhòng… 6 năm trước",https://phongtro123.com/tinh-thanh/da-nang/phong-tro-gan-dai-hoc-ngoai-ngu-da-nang.html,2026-05-15T11:09:18
phongtro123,"CHO THUÊ NHÀ TRỌ MỚI XÂY, SẠCH ĐẸP, Ở TỪ THÁNG 2/2020",2.5 triệu/tháng,19,"Cẩm Lệ, Đà Nẵng","CHO THUÊ NHÀ TRỌ MỚI XÂY, SẠCH ĐẸP, Ở TỪ THÁNG 2/2020 2.5 triệu/tháng 19 m 2 Cẩm Lệ, Đà Nẵng NHÀ TRỌ SẼ HOÀN THÀNH tầm ngày 10/01/2020Sạch đẹp, tiện nghi.Địa chỉ tại 218 Lý Nhân Tông, P. Khuê Trung, Q. Cẩm Lệ, Tp. Đà NẵngGiá từ 2,5tr - 3,5tr/… 6 năm trước",https://phongtro123.com/tinh-thanh/da-nang/cho-thue-nha-tro-moi-xay-sach-dep-o-tu-thang-2-2020.html,2026-05-15T11:09:18
phongtro123,"Cho thuê phòng trọ mới xây, đầy đủ tiện nghi",3.5 triệu/tháng,35,"Hải Châu, Đà Nẵng","Cho thuê phòng trọ mới xây, đầy đủ tiện nghi 3.5 triệu/tháng 35 m 2 Hải Châu, Đà Nẵng Cho thuê 3 phòng mới xây, có lối đi riêng, dt sử dụng lớn từ 35m2 đến 55m2, rộng rãi thoáng mát, phòng ngủ, bếp, wc riêng biệt, đã trang bị điều hòa,… 6 năm trước",https://phongtro123.com/tinh-thanh/da-nang/cho-thue-phong-tro-moi-xay-day-du-tien-nghi.html,2026-05-15T11:09:18
phongtro123,Phòng trọ cho sinh viên thuê gần mẹ nhu,1.2 triệu/tháng,10,"Thanh Khê, Đà Nẵng","Phòng trọ cho sinh viên thuê gần mẹ nhu 1.2 triệu/tháng 10 m 2 Thanh Khê, Đà Nẵng Còn 1 phòng cho sinh viên thuê,gần trường cao đẳng thể dục thể thao,hướng tượng mẹ nhu đi xuống, đc : 146 dũng sỹ thanh khê,giá 1tr2 lh : 0929392589 gặp cô hữu. 6 năm trước",https://phongtro123.com/tinh-thanh/da-nang/phong-tro-cho-sinh-vien-thue-gan-me-nhu.html,2026-05-15T11:09:18
phongtro123,Phòng trọ tại KĐT Sinh thái Hòa Xuân - Đà Nẵng,2.5 triệu/tháng,18,"Cẩm Lệ, Đà Nẵng","Phòng trọ tại KĐT Sinh thái Hòa Xuân - Đà Nẵng 2.5 triệu/tháng 18 m 2 Cẩm Lệ, Đà Nẵng Cho thuê phòng trọ tại Khu ĐT Sinh thái Hòa Xuân, Cẩm Lệ, Đà NẵngPhòng 18m2, tầng 2, trong phòng có máy điều hòa, giường gỗ 1m6, khu để xe máy riêng, giờ… 6 năm trước",https://phongtro123.com/tinh-thanh/da-nang/phong-tro-tai-kdt-sinh-thai-hoa-xuan-da-nang.html,2026-05-15T11:09:18
phongtro123,"Phòng trọ 15m2 gần siêu thị lottemart, Cao đẳng Đại Việt",1.5 triệu/tháng,15,"Hải Châu, Đà Nẵng","Phòng trọ 15m2 gần siêu thị lottemart, Cao đẳng Đại Việt 1.5 triệu/tháng 15 m 2 Hải Châu, Đà Nẵng Còn 1 phòng duy nhất cho thuê gần siêu thị Lottemart, CĐ đại việt, Đại học kiến trúc đông á.ưu tiên cho người đã đi làm, và có 1 chiếc xe máy.Giá:… 6 năm trước",https://phongtro123.com/tinh-thanh/da-nang/phong-tro-15m2-gan-sieu-thi-lottemart-cao-dang-dai-viet.html,2026-05-15T11:09:18
phongtro123,"Phòng trọ 11m2, lửng 5.5m2, giá 1tr1, vệ sinh riêng + hành lang để xe 2,5m",1.1 triệu/tháng,11,"Liên Chiểu, Đà Nẵng","Phòng trọ 11m2, lửng 5.5m2, giá 1tr1, vệ sinh riêng + hành lang để xe 2,5m 1.1 triệu/tháng 16 m 2 Liên Chiểu, Đà Nẵng Dãy trọ an ninh, yên tĩnh. Còn 3 phòng , gần KCN Hòa Khánh, chợ Thanh Vinh, Bách Khoa, chợ Hòa KhánhPhòng 11m2, có lửng lớn 5.5m2, lợp laphong , vệ sinh riêng -… 6 năm trước",https://phongtro123.com/tinh-thanh/da-nang/phong-tro-11m2-lung-5-5m2-gia-1tr1-ve-sinh-rieng-hanh-lang-de-xe-2-5m.html,2026-05-15T11:09:18
phongtro123,Cho thuê phòng trọ dạng giường tầng khu vực công viên 29-3,1.1 triệu/tháng,45,"Thanh Khê, Đà Nẵng","Cho thuê phòng trọ dạng giường tầng khu vực công viên 29-3 1.1 triệu/tháng 45 m 2 Thanh Khê, Đà Nẵng Cho thuê giường tầng. 1tr1/người/giường/tháng (chưa bao gồm điện nước) Phòng tắm + vệ sinh trong ngoài. Có khu vực nấu ăn và sinh hoạt. Địa điểm: 147/2… 6 năm trước",https://phongtro123.com/tinh-thanh/da-nang/cho-thue-phong-tro-dang-giuong-tang-khu-vuc-cong-vien-29-3.html,2026-05-15T11:09:22
phongtro123,Cho thuê phòng trọ ngay trung tâm TP,2.3 triệu/tháng,20,"Hải Châu, Đà Nẵng","Cho thuê phòng trọ ngay trung tâm TP 2.3 triệu/tháng 20 m 2 Hải Châu, Đà Nẵng Cho thuê PHÒNG TRỌ , ĐẸP NGAY TRUNG TÂM THÀNH PHỐ , SỐ 19 HÀN THUYÊN- Còn 1phòng , Ngay tầng trệt, phòng có cửa sổ bên hành lang , phòng rộng rãi ( kể cả… 6 năm trước",https://phongtro123.com/tinh-thanh/da-nang/cho-thue-phong-tro-ngay-trung-tam-tp.html,2026-05-15T11:09:22
phongtro123,Phòng trọ Ký túc xá cho Sinh viên - Người đi làm,1.2 triệu/tháng,20,"Ngũ Hành Sơn, Đà Nẵng","Phòng trọ Ký túc xá cho Sinh viên - Người đi làm 1.2 triệu/tháng 20 m 2 Ngũ Hành Sơn, Đà Nẵng Phòng trọ Ký túc xá cho Sinh viên - Người đi làm tại đường Trần Văn Dư Phường Mỹ An - Đà Nẵng Lưu Ý: Chỉ Cho Nữ ThuêGiá thuê 1.200.000 ( Phòng 4… 6 năm trước",https://phongtro123.com/tinh-thanh/da-nang/phong-tro-ky-tuc-xa-cho-sinh-vien-nguoi-di-lam.html,2026-05-15T11:09:22
phongtro123,Căn hộ Mini K78/2B Lê Thanh Nghị - Mới Xây 100% Chưa Sử Dụng,4 triệu/tháng,30,"Hải Châu, Đà Nẵng","Căn hộ Mini K78/2B Lê Thanh Nghị - Mới Xây 100% Chưa Sử Dụng 4 triệu/tháng 30 m 2 Hải Châu, Đà Nẵng Cho Thuê Căn Hộ Mini nằm ngay TTTP. Phòng Mới 1000% CHƯA QUA SỬ DỤNGGần chợ Hoà Cường, chợ Nguyễn Tri Phương, và các trường đại học: Đông Á, Ngọai… 6 năm trước",https://phongtro123.com/tinh-thanh/da-nang/can-ho-mini-k78-2b-le-thanh-nghi-moi-xay-100-chua-su-dung.html,2026-05-15T11:09:22
phongtro123,CHO THUÊ PHÒNG DORM MỚI-HIỆN ĐẠI,2.2 triệu/tháng,45,"Ngũ Hành Sơn, Đà Nẵng","CHO THUÊ PHÒNG DORM MỚI-HIỆN ĐẠI 2.2 triệu/tháng 45 m 2 Ngũ Hành Sơn, Đà Nẵng ????DORM FOR RENT????Bên mình cho thuê phòng Dorm, 6 giường/ 1 phòng với đầy đủ tất cả các tiện nghi bao gồm:-Phòng vệ sinh hiện đại, có nước… 6 năm trước",https://phongtro123.com/tinh-thanh/da-nang/cho-thue-phong-dorm-moi-hien-dai.html,2026-05-15T11:09:22
phongtro123,Cho thuê nhà trọ theo kiểu hộ gia đình,2 triệu/tháng,30,"Liên Chiểu, Đà Nẵng","Cho thuê nhà trọ theo kiểu hộ gia đình 2 triệu/tháng 30 m 2 Liên Chiểu, Đà Nẵng Cho thuê nhà trọ theo kiểu hộ gia đình, phòng ở có gác lửng, diện tích phòng 30m vuông, phòng có vệ sinh riêng, bếp, đồng hồ điện, đồng hồ nước,… 6 năm trước",https://phongtro123.com/tinh-thanh/da-nang/cho-thue-nha-tro-theo-kieu-ho-gia-dinh.html,2026-05-15T11:09:22
phongtro123,"Cho thuê phòng trọ Trần Cao Vân, Quận Thanh Khê, Đà Nẵng",1.5 triệu/tháng,20,"Thanh Khê, Đà Nẵng","Cho thuê phòng trọ Trần Cao Vân, Quận Thanh Khê, Đà Nẵng 1.5 triệu/tháng 20 m 2 Thanh Khê, Đà Nẵng Cho thuê phòng trọ Trần Cao VânPhòng rộng rãi thoáng mát, sạch sẽ, yên tĩnh, an ninh tốt, có wifiPhòng tiện nghi, Có sẵn tủ lanh ,quạt, tủ ….Diện tích… 6 năm trước",https://phongtro123.com/tinh-thanh/da-nang/cho-thue-phong-tro-tran-cao-van.html,2026-05-15T11:09:22
phongtro123,Cho thuê phòng trọ gần đại học Kiến Trúc,2.3 triệu/tháng,16,"Hải Châu, Đà Nẵng","Cho thuê phòng trọ gần đại học Kiến Trúc 2.3 triệu/tháng 16 m 2 Hải Châu, Đà Nẵng Mình đăng tin dùm cô chủ trọ ạ bạn nào cần nghiêm túc thì liên hệ cô sdt 0934786468 nhé. Phòng trọ gần trường đại học kiến trúc thuận tiện cho việc… 6 năm trước",https://phongtro123.com/tinh-thanh/da-nang/cho-thue-phong-tro-gan-dai-hoc-kien-truc.html,2026-05-15T11:09:22
phongtro123,"Cho thuê phòng, quận Cẩm Lệ (gần Cầu vượt Ngã Ba Huế)",2 triệu/tháng,25,"Cẩm Lệ, Đà Nẵng","Cho thuê phòng, quận Cẩm Lệ (gần Cầu vượt Ngã Ba Huế) 2 triệu/tháng 25 m 2 Cẩm Lệ, Đà Nẵng 382 Tôn ĐảnPhòng, sạch, rộng, thoáng mátGiá: từ 2 triệu, thanh toán 2 thángCó chỗ để xe, bếp nấu ăn, camera 24hGiờ giấc tự do, ko chung chủLH: 0899233007 6 năm trước",https://phongtro123.com/tinh-thanh/da-nang/cho-nu-thue-phong-quan-cam-le-gan-cau-vuot-nga-ba-hue.html,2026-05-15T11:09:22
phongtro123,Phòng trọ quận Cẩm Lệ xây mới tiện nghi phù hợp gia đình,1.8 triệu/tháng,26,"Cẩm Lệ, Đà Nẵng","Phòng trọ quận Cẩm Lệ xây mới tiện nghi phù hợp gia đình 1.8 triệu/tháng 26 m 2 Cẩm Lệ, Đà Nẵng Nhà 3 tầng mặt tiền Lô 6 Phước Tường 2 (đường rộng 5.5m) với tổng cộng 8 căn hộ mini. Vị trí thuận lợi gần chợ và nhiều nhà trẻ/ mẫu giáo, gần… 6 năm trước",https://phongtro123.com/tinh-thanh/da-nang/phong-tro-quan-cam-le-xay-moi-tien-nghi-phu-hop-gia-dinh.html,2026-05-15T11:09:22
phongtro123,Cho thuê phòng trọ sinh viên Đà Nẵng,1.8 triệu/tháng,20,"Thanh Khê, Đà Nẵng","Cho thuê phòng trọ sinh viên Đà Nẵng 1.8 triệu/tháng 20 m 2 Thanh Khê, Đà Nẵng Phòng sạch sẽ , thoáng mát , yên tĩnh phù hợp cho sinh viên học vào mùa thi ! Không ở chung với chủ . Gần trung tâm thành phố , gần chợ , gần trường đại… 6 năm trước",https://phongtro123.com/tinh-thanh/da-nang/cho-thue-phong-tro-sinh-vien-da-nang.html,2026-05-15T11:09:22
phongtro123,"Cho thuê phòng trọ Kiệt Trần, Cao Vân gần Lê Độ, giá 2.2 triệu/tháng, Thanh Khê, Đà Nẵng",2.2 triệu/tháng,20,"Thanh Khê, Đà Nẵng","Cho thuê phòng trọ Kiệt Trần, Cao Vân gần Lê Độ, giá 2.2 triệu/tháng, Thanh Khê, Đà Nẵng 2.2 triệu/tháng 20 m 2 Thanh Khê, Đà Nẵng Tôi cho thuê phòng trọ có diện tích gần 20m2, WC, bếp riêng biệt.Khu dân cư văn minh, thoáng mát, ngay trung tâm thành phố.Địa chỉ: Kiệt 329 Trần Cao Vân… 6 năm trước",https://phongtro123.com/tinh-thanh/da-nang/cho-thue-phong-tro-kiet-tran-cao-van-gan-le-do-gia-2-2-trieu-thang-thanh-khe-da-nang.html,2026-05-15T11:09:22
phongtro123,"Cho thuê phòng trọ, căn hộ khu vực Cẩm Lệ, Đà Nẵng",3.5 triệu/tháng,30,"Cẩm Lệ, Đà Nẵng","Cho thuê phòng trọ, căn hộ khu vực Cẩm Lệ, Đà Nẵng 3.5 triệu/tháng 30 m 2 Cẩm Lệ, Đà Nẵng PHÒNG TRỌ VĨ NGỌC CẨM LỆ- ĐÀ NẴNG - FULL NỘI THẤT 100% NEWĐịa chỉ: 10/4 Nguyễn Xuân Hữu - phường Hòa Thọ Đông - quận Cẩm Lệ - Đà Nẵng (Gần cầu… 6 năm trước",https://phongtro123.com/tinh-thanh/da-nang/cho-thue-phong-tro-can-ho-khu-vuc-cam-le-da-nang.html,2026-05-15T11:09:22
phongtro123,Cho thuê phòng trọ đầy đủ tiện nghi trung tâm thành phố,3 triệu/tháng,12,"Hải Châu, Đà Nẵng","Cho thuê phòng trọ đầy đủ tiện nghi trung tâm thành phố 3 triệu/tháng 12 m 2 Hải Châu, Đà Nẵng Nhà mình mới xây còn mấy phòng trọ đầy đủ tiện nghi sạch sẽ thoáng mát, dọn vào ở ngay không cần mua sắm gi. Giá 3tr/ tháng (Bao luôn điện nước), ai co… 6 năm trước",https://phongtro123.com/tinh-thanh/da-nang/cho-thue-phong-tro-day-du-tien-nghi-trung-tam-thanh-pho.html,2026-05-15T11:09:22
phongtro123,"PHÒNG CHO THUÊ HỘ GIA ĐÌNH, CÔNG NHÂN VIÊN CHỨC, SINH VIÊN",4.5 triệu/tháng,48,"Ngũ Hành Sơn, Đà Nẵng","PHÒNG CHO THUÊ HỘ GIA ĐÌNH, CÔNG NHÂN VIÊN CHỨC, SINH VIÊN 4.5 triệu/tháng 48 m 2 Ngũ Hành Sơn, Đà Nẵng Địa chỉ: 09 Mỹ An 20, quận Ngũ Hành Sơn, Đà Nẵng (giữa chân cầu Trần Thị Lý và cầu Tuyên Sơn) – Gần các trường mầm non, tiểu học, trung học, đại… 6 năm trước",https://phongtro123.com/tinh-thanh/da-nang/phong-cho-thue-ho-gia-dinh-cong-nhan-vien-chuc-sinh-vien.html,2026-05-15T11:09:22
phongtro123,"Cho Nữ Thuê phòng trong nhà, gần Cầu ngã ba Huế, bến Xe",2 triệu/tháng,350,"Cẩm Lệ, Đà Nẵng","Cho Nữ Thuê phòng trong nhà, gần Cầu ngã ba Huế, bến Xe 2 triệu/tháng 350 m 2 Cẩm Lệ, Đà Nẵng Cho Nữ thuê phòng trong nhà nguyên căn giá rẻ, quận Cẩm Lệ, (Gần Cầu vượt ngã Ba huế)Giá 2 triệu (30m2 phòng sạch, rộng, sạch, thoáng mát,)Có nhà… 6 năm trước",https://phongtro123.com/tinh-thanh/da-nang/cho-nu-thue-phong-trong-nha-gan-cau-nga-ba-hue-ben-xe.html,2026-05-15T11:09:22
phongtro123,"Phòng trọ giá rẻ 264/16 Tô Hiệu, Đà Nẵng",1.2 triệu/tháng,10,"Liên Chiểu, Đà Nẵng","Phòng trọ giá rẻ 264/16 Tô Hiệu, Đà Nẵng 1.2 triệu/tháng 10 m 2 Liên Chiểu, Đà Nẵng Phòng trọ mới xây , sạch sẽ , thoáng mát, có gác lửng, chỗ để xe, có wifi camera, hàng xóm yên tĩnh, liên hệ Tâm, sđt 0934910845 6 năm trước",https://phongtro123.com/tinh-thanh/da-nang/phong-tro-gia-re-264-16-to-hieu-da-nang.html,2026-05-15T11:09:22
phongtro123,Phòng trọ Cẩm Lệ còn 1 phòng cuối cùng,2.5 triệu/tháng,25,"Cẩm Lệ, Đà Nẵng","Phòng trọ Cẩm Lệ còn 1 phòng cuối cùng 2.5 triệu/tháng 25 m 2 Cẩm Lệ, Đà Nẵng Phòng trọ mới xây, có gác lửngKhu dân cư yên tĩnh, gần Lê Đại HànhGần chợChỉ còn 1 phòng cuối cùng.Cảm ơn đã đọc tinLiên hệ ngay: 070275… 6 năm trước",https://phongtro123.com/tinh-thanh/da-nang/phong-tro-cam-le-con-1-phong-cuoi-cung.html,2026-05-15T11:09:22
phongtro123,"Chp thuê phòng trọ khu vực Mỹ An 1, Đà Nẵng",3 triệu/tháng,18,"Ngũ Hành Sơn, Đà Nẵng","Chp thuê phòng trọ khu vực Mỹ An 1, Đà Nẵng 3 triệu/tháng 18 m 2 Ngũ Hành Sơn, Đà Nẵng Không gian với đầy đủ tiện nghi: Máy lạnh, điều hòa, ti vi, tủ lạnh, quạt, bình nước nóng, tủ, giường, bàn,máy giặt, bếpVệ sinh khép kín, wifi free ,… 6 năm trước",https://phongtro123.com/tinh-thanh/da-nang/chp-thue-phong-tro-khu-vuc-my-an-1-da-nang.html,2026-05-15T11:09:22
phongtro123,"Cho thuê nhà nguyên căn, Nguyễn Huy Tưởng, Gần bến xe trung tâm, Đà Nẵng",4 triệu/tháng,140,"Liên Chiểu, Đà Nẵng","Cho thuê nhà nguyên căn, Nguyễn Huy Tưởng, Gần bến xe trung tâm, Đà Nẵng 4 triệu/tháng 140 m 2 Liên Chiểu, Đà Nẵng - Nhà 2 tầng, kiên cố- 4 phòng ngủ, 1 phòng khách, 1 nhà bép, 2 sân phơi, 2 toilet- Yên tỉnh, an ninh tốtLH: 0903595436 6 năm trước",https://phongtro123.com/tinh-thanh/da-nang/cho-thue-nha-nguyen-can-nguyen-huy-tuong-gan-ben-xe-trung-tam-da-nang.html,2026-05-15T11:09:22
phongtro123,"Cho thuê phòng trọ đường 29 tháng 3, phường Hòa Xuân",2.5 triệu/tháng,25,"Cẩm Lệ, Đà Nẵng","Cho thuê phòng trọ đường 29 tháng 3, phường Hòa Xuân 2.5 triệu/tháng 25 m 2 Cẩm Lệ, Đà Nẵng - Phòng trọ sạch sẽ thoáng mát.- Thoải mái giờ giấc.- Có camera an ninh, yên tĩnh.- Có đầy đủ tiện nghi: Máy điều hòa, Máy nóng lạnh, Giường, Tủ… 6 năm trước",https://phongtro123.com/tinh-thanh/da-nang/cho-thue-phong-tro-duong-29-thang-3-phuong-hoa-xuan.html,2026-05-15T11:09:26
phongtro123,Phòng cao cấp tiện nghi 30m2 Hải Châu,5 triệu/tháng,30,"Hải Châu, Đà Nẵng","Phòng cao cấp tiện nghi 30m2 Hải Châu 5 triệu/tháng 30 m 2 Hải Châu, Đà Nẵng Cho thuê căn hộ dịch vụ cao cấp tại Lưu Trọng Lư, quận Hải Châu.- Gần ngay trung tâm tp,gần Đại Học Đông Á, Đại học Kiến Trúc.- Khu vực tập… 6 năm trước",https://phongtro123.com/tinh-thanh/da-nang/phong-cao-cap-tien-nghi-30m2-hai-chau.html,2026-05-15T11:09:26
phongtro123,"Cho thuê phòng trọ mới đầy đủ tiện nghi quận Hải Châu, gần cầu Rồng",4.5 triệu/tháng,38,"Hải Châu, Đà Nẵng","Cho thuê phòng trọ mới đầy đủ tiện nghi quận Hải Châu, gần cầu Rồng 4.5 triệu/tháng 38 m 2 Hải Châu, Đà Nẵng Cho thuê căn hộ giá 4 triệu /tháng ( 1 người ở ) , 5 triệu 2 người DT : 38 m2 , phòng mới , thoáng mát , an ninh Địa chỉ : kiệt lớn đường Lê Hồng… 6 năm trước",https://phongtro123.com/tinh-thanh/da-nang/cho-thue-phong-tro-moi-day-du-tien-nghi-quan-hai-chau-gan-cau-rong.html,2026-05-15T11:09:26
phongtro123,"Cho Thuê Phòng Trọ Đẹp 25m2, Hải Châu, trung tâm TP",3 triệu/tháng,25,"Hải Châu, Đà Nẵng","Cho Thuê Phòng Trọ Đẹp 25m2, Hải Châu, trung tâm TP 3 triệu/tháng 25 m 2 Hải Châu, Đà Nẵng Nhà Mặt tiền Cho thuê phòng trọ Đẹp,sạch sẽ, thoáng mát , mới xây dựng:có điều hoà, tủ quần áo, máy giặt,bếp riêng, Wi-Fi, lối đi riêng,chỗ để xe… 6 năm trước",https://phongtro123.com/tinh-thanh/da-nang/cho-thue-phong-tro-dep-25-m-2-hai-chau-trung-tam-tp.html,2026-05-15T11:09:26
phongtro123,"Phòng trọ tiện lợi, mới xây, mặt đường",2.2 triệu/tháng,20,"Liên Chiểu, Đà Nẵng","Phòng trọ tiện lợi, mới xây, mặt đường 2.2 triệu/tháng 20 m 2 Liên Chiểu, Đà Nẵng Phòng trọ mới xây đẹp, sạch sẽ, diện tích 20m2, gác lửng 10 m2, có bếp, phòng vệ sinh rộng rãi, điên nước dùng riêng có đồng hồ riêng, ngay mặt đường 6 năm trước",https://phongtro123.com/tinh-thanh/da-nang/phong-tro-tien-loi-moi-xay-mat-duong.html,2026-05-15T11:09:26
phongtro123,"Phòng trọ cho sinh viên Kinh Tế, Cao Đẳng Nghề",2.7 triệu/tháng,15,"Ngũ Hành Sơn, Đà Nẵng","Phòng trọ cho sinh viên Kinh Tế, Cao Đẳng Nghề 2.7 triệu/tháng 15 m 2 Ngũ Hành Sơn, Đà Nẵng - Phòng sạch sẽ, mát mẻ, thông thoáng- WC khép kín- Có bếp nấu ăn- Có nước nóng lạnh- Wifi, camera giám sát tuyệt đối an toàn, không mất cắp.- Có… 6 năm trước",https://phongtro123.com/tinh-thanh/da-nang/phong-tro-cho-sinh-vien-kinh-te-cao-dang-nghe.html,2026-05-15T11:09:26
phongtro123,"Cho thuê phòng trọ tttp, khu vực an ninh",1.8 triệu/tháng,15,"Thanh Khê, Đà Nẵng","Cho thuê phòng trọ tttp, khu vực an ninh 1.8 triệu/tháng 15 m 2 Thanh Khê, Đà Nẵng DT 15m2, phong sach thoang mat, chi cho nu thue, khu vuc an ninh, tttp, gan Chợ,Trương hoc , siêu thị, ga, sân bay 6 năm trước",https://phongtro123.com/tinh-thanh/da-nang/cho-thue-phong-tro-tttp-khu-vuc-an-ninh.html,2026-05-15T11:09:26
phongtro123,"Phòng trọ nhà mặt tiền Phan Thanh, dt 25m2_35m2",3.5 triệu/tháng,25,"Thanh Khê, Đà Nẵng","Phòng trọ nhà mặt tiền Phan Thanh, dt 25m2_35m2 3.5 triệu/tháng 25 m 2 Thanh Khê, Đà Nẵng Phòng trọ nhà mặt tiền Phanh Thanh, tiện nghi gồm điều hòa, bình tắm nước nóng, thông thoáng, trung tâm thành phố, giao thông thuận tiện. Diện tích 25m2_35m2.… 6 năm trước",https://phongtro123.com/tinh-thanh/da-nang/phong-tro-nha-mat-tien-phan-thanh-dt-25m235m2.html,2026-05-15T11:09:26
phongtro123,"Cho thuê phòng trọ, 2 triệu/tháng",2 triệu/tháng,20,"Cẩm Lệ, Đà Nẵng","Cho thuê phòng trọ, 2 triệu/tháng 2 triệu/tháng 20 m 2 Cẩm Lệ, Đà Nẵng Diên tich 20m vuong, có cửa sổ, cho nấu ăn, tắm giặt và vệ sinh khép kín, bên ngoài có chỗ để xe máy, phơi đồ. Trong phòng đã trang bị giường, quạt, kệ… 6 năm trước",https://phongtro123.com/tinh-thanh/da-nang/cho-thue-phong-tro-2trieu-thang.html,2026-05-15T11:09:26
phongtro123,Phòng trọ phường Hoà Khánh Nam,1.8 triệu/tháng,25,"Liên Chiểu, Đà Nẵng","Phòng trọ phường Hoà Khánh Nam 1.8 triệu/tháng 25 m 2 Liên Chiểu, Đà Nẵng Phòng rộng rãi sạch sẽ ở được 2-3 ngườiGiờ giấc tự do không chung chủ, tự sinh hoạt riêng , có chỗ để xe trong nhàBếp chung rộng rãi, sử dụng… 6 năm trước",https://phongtro123.com/tinh-thanh/da-nang/phong-tro-phuong-hoa-khanh-nam.html,2026-05-15T11:09:26
phongtro123,"Cho Thuê Phòng Đầy Đủ Tiện Nghi, Bao Điện Nước",3 triệu/tháng,20,"Ngũ Hành Sơn, Đà Nẵng","Cho Thuê Phòng Đầy Đủ Tiện Nghi, Bao Điện Nước 3 triệu/tháng 20 m 2 Ngũ Hành Sơn, Đà Nẵng NHÀ NGHỈ SAO BIỂN CHO THUÊ PHÒNG DÀI HẠN BAO ĐIỆN NƯỚCTIỆN ÍCH: phòng đầy đủ thiết bị: tivi, tủ lạnh, nóng lạnh điều hòa, chăn, ga, gối...CHỈ CẦN… 6 năm trước",https://phongtro123.com/tinh-thanh/da-nang/cho-thue-phong-day-du-tien-nghi-bao-dien-nuoc.html,2026-05-15T11:09:26
phongtro123,"Cho thuê phòng tại 64 Phạm Quang Ảnh, ngay đầu cầu Rồng, LH 0905901105",3 triệu/tháng,19,"Sơn Trà, Đà Nẵng","Cho thuê phòng tại 64 Phạm Quang Ảnh, ngay đầu cầu Rồng, LH 0905901105 3 triệu/tháng 19 m 2 Sơn Trà, Đà Nẵng Cho thuê phòng trọ địa chỉ 64 Phạm Quang Ảnh –Sơn Trà, ngay đầu cầu Rồng, khu vực an ninh.Nhà vừa mới xây xong (vào ở từ 15/10), mới, sạch, thoáng mát,… 6 năm trước",https://phongtro123.com/tinh-thanh/da-nang/cho-thue-phong-tai-64-pham-quang-anh-ngay-dau-cau-rong-lh-0905901105.html,2026-05-15T11:09:26
phongtro123,Cho thuê phòng nội thất siêu rẻ nhất khu vực,4.5 triệu/tháng,25,"Thanh Khê, Đà Nẵng","Cho thuê phòng nội thất siêu rẻ nhất khu vực 4.5 triệu/tháng 25 m 2 Thanh Khê, Đà Nẵng Cho thuê phòng siêu rẻ full nội thất giá từ 4,5tr đến 5tr-VỊ TRÍ: 191 Đỗ Quang. Đường 5m lề 3m. Đường đậu oto trên lề. +Gần ĐH Duy Tân cách 3p đi… 6 năm trước",https://phongtro123.com/tinh-thanh/da-nang/cho-thue-phong-noi-that-sieu-re-nhat-khu-vuc.html,2026-05-15T11:09:26
phongtro123,Cho thuê phòng trọ đầy đủ tiện nghi sinh hoạt,3.5 triệu/tháng,20,"Ngũ Hành Sơn, Đà Nẵng","Cho thuê phòng trọ đầy đủ tiện nghi sinh hoạt 3.5 triệu/tháng 20 m 2 Ngũ Hành Sơn, Đà Nẵng Phòng mới sạch đẹp, có phòng tắm riêng, free wifi, điều hòa, nước nóng lạnh và các đồ đạc cơ bản.Vị trí tốt, gần bus, chợ Mỹ An, trường đại… 6 năm trước",https://phongtro123.com/tinh-thanh/da-nang/cho-thue-phong-tro-day-du-tien-nghi-sinh-hoat.html,2026-05-15T11:09:26
phongtro123,"Phòng căn hộ tiện nghi, khép kín, giá rẻ",5.5 triệu/tháng,25,"Hải Châu, Đà Nẵng","Phòng căn hộ tiện nghi, khép kín, giá rẻ 5.5 triệu/tháng 25 m 2 Hải Châu, Đà Nẵng Chuyển công tác nên cần nhượng lại phòngVị trí: Nằm trung tâm, gần đại học Đông Á và Kiến Trúc, Lotte Mart, chợ đêm Helio…Đường xá giao thông… 6 năm trước",https://phongtro123.com/tinh-thanh/da-nang/phong-can-ho-tien-nghi-khep-kingia-re.html,2026-05-15T11:09:26
phongtro123,Phòng trọ gần ĐH Greenwich và Bệnh viện Sản Nhi Đà Nẵng,2.9 triệu/tháng,27,"Ngũ Hành Sơn, Đà Nẵng","Phòng trọ gần ĐH Greenwich và Bệnh viện Sản Nhi Đà Nẵng 2.9 triệu/tháng 27 m 2 Ngũ Hành Sơn, Đà Nẵng Còn 2 phòng trọ cho thuê.Đc: kiệt 45 Đường K20, mặt sau Bệnh Viện sản nhi đà Nẵng.Đặc biệt gần ĐH GREENWICH chưa tới 10 phút đi bộ.Công năng căn hộ:… 6 năm trước",https://phongtro123.com/tinh-thanh/da-nang/phong-tro-gan-dh-greenwich-va-benh-vien-san-nhi-da-nang.html,2026-05-15T11:09:26
phongtro123,Căn hộ mini có sẵn gần 30-4 giao Lê Thanh nghị,3.8 triệu/tháng,28,"Hải Châu, Đà Nẵng","Căn hộ mini có sẵn gần 30-4 giao Lê Thanh nghị 3.8 triệu/tháng 28 m 2 Hải Châu, Đà Nẵng Phòng có sẵn khu vực 30-4 giao Lê thanh nghịDiện tích tổng 28 m2 kể cả gácVị trí trung tâm thành phố nên tiện ích kể không hết Địa chỉ k72/12 Lê… 6 năm trước",https://phongtro123.com/tinh-thanh/da-nang/can-ho-mini-co-san-gan-30-4-giao-le-thanh-nghi.html,2026-05-15T11:09:26
phongtro123,Cho thuê căn hộ sạch sẽ đầy đủ tiện nghi,4.8 triệu/tháng,30,"Sơn Trà, Đà Nẵng","Cho thuê căn hộ sạch sẽ đầy đủ tiện nghi 4.8 triệu/tháng 30 m 2 Sơn Trà, Đà Nẵng Phòng có sẵn tủ, giường chỉ cần dọn vào ở. Thích hợp ở 3-4 người hoặc cặp vợ chồng.1, Vị trí nằm gần trung tâm thành phố (Địa chỉ: 171 Nguyễn… 6 năm trước",https://phongtro123.com/tinh-thanh/da-nang/cho-thue-can-ho-khep-kin-sach-se-day-du-tien-nghi.html,2026-05-15T11:09:26
phongtro123,34m2 Phòng Trọ Trung Tâm Đà Nẵng-Đầy đủ Tiện Nghi,5 triệu/tháng,34,"Hải Châu, Đà Nẵng","34m2 Phòng Trọ Trung Tâm Đà Nẵng-Đầy đủ Tiện Nghi 5 triệu/tháng 34 m 2 Hải Châu, Đà Nẵng - Khu trung tâm: K113 đường Nguyễn Chí Thanh, Q. Hải Châu - Gần Trung tâm hành chính và đại học Duy Tân. - Đầy đủ tiện nghi: Wifi, tủ lạnh, máy giặt, máy… 6 năm trước",https://phongtro123.com/tinh-thanh/da-nang/34m2-phong-tro-trung-tam-da-nang-day-du-tien-nghi-1.html,2026-05-15T11:09:26
phongtro123,Phòng trọ sinh viên Kinh Tế Đà Nẵng,3 triệu/tháng,14,"Ngũ Hành Sơn, Đà Nẵng","Phòng trọ sinh viên Kinh Tế Đà Nẵng 3 triệu/tháng 14 m 2 Ngũ Hành Sơn, Đà Nẵng - Phòng mới, sạch sẽ và thoáng mát, hệ thống điện và ánh sáng hoàn chỉnh.- WC khép kín- Đối diện trường đại học, đi bộ khoảng 1 phút- Có nước… 6 năm trước",https://phongtro123.com/tinh-thanh/da-nang/phong-tro-sinh-vien-kinh-te-da-nang.html,2026-05-15T11:09:26
phongtro123,"Cho thuê nhà trọ rộng rãi có thể nhiều người ở, đầu đường Phạm Như Xương, ngay sát Đại học…",3 triệu/tháng,30,"Liên Chiểu, Đà Nẵng","Cho thuê nhà trọ rộng rãi có thể nhiều người ở, đầu đường Phạm Như Xương, ngay sát Đại học… 3 triệu/tháng 30 m 2 Liên Chiểu, Đà Nẵng Cho thuê nhà trọ nguyên căn K20 Phạm Như Xương, mặt tiền đường kiệt, ngay đầu kiệt 20, có gác lửng, 01 phòng ngủ, 01 phòng khách, 01 nhà VS, lối đi riêng,… 6 năm trước",https://phongtro123.com/tinh-thanh/da-nang/cho-thue-nha-tro-rong-rai-co-the-nhieu-nguoi-o-dau-duong-pham-nhu-xuong-ngay-sat-dai-hoc-su-pham-da-nang.html,2026-05-15T11:09:31
phongtro123,Phòng trọ gia đình tại Hòa Xuân,3.5 triệu/tháng,34,"Cẩm Lệ, Đà Nẵng","Phòng trọ gia đình tại Hòa Xuân 3.5 triệu/tháng 34 m 2 Cẩm Lệ, Đà Nẵng Phòng trọ gia đình thích hợp cho vợ chồng và con nhỏDT: 35m2Có sân để xe riêngCó Điều hòa + Nước Nóng + Wifi + Camera an ninh1 Phòng ngủ1 Bếp1… 6 năm trước",https://phongtro123.com/tinh-thanh/da-nang/phong-tro-gia-dinh-tai-hoa-xuan.html,2026-05-15T11:09:31
phongtro123,Cho thuê phòng trọ ở được 3 - 4 người,3.5 triệu/tháng,20,"Sơn Trà, Đà Nẵng","Cho thuê phòng trọ ở được 3 - 4 người 3.5 triệu/tháng 20 m 2 Sơn Trà, Đà Nẵng Mình cần cho thuê gấp phòng trọ với các tiện nghi như sau: - Phòng có toilet trong, có điều hoà, máy nóng lạnh, giường tủ,..., máy giặt, wifi, bếp (tầng 1)… 6 năm trước",https://phongtro123.com/tinh-thanh/da-nang/can-cho-thue-gap-phong-tro-thoang-mat-sach-se-o-duoc-3-4-nguoi.html,2026-05-15T11:09:31
phongtro123,"Cho thuê phòng trọ giá rẻ, mới xây – Cao Bá Đạt",1.6 triệu/tháng,21,"Hoà Vang, Đà Nẵng","Cho thuê phòng trọ giá rẻ, mới xây – Cao Bá Đạt 1.6 triệu/tháng 21 m 2 Hoà Vang, Đà Nẵng CHO THUÊ PHÒNG TRỌ GIÁ RẺ MỚI XÂY:** Mô tả:Trần thả laphong, xây cao 5m đảm bảo thoáng mát, không nóng nực trong những ngày hè.Thiết bị vệ sinh… 6 năm trước",https://phongtro123.com/tinh-thanh/da-nang/cho-thue-phong-tro-gia-re-moi-xay-cao-ba-dat.html,2026-05-15T11:09:31
phongtro123,"CHO THUÊ PHÒNG TRỌ 16M2, 87 THÀNH THÁI - KHUÊ TRUNG - CẨM LỆ - ĐÀ NẴNG",1.5 triệu/tháng,16,"Cẩm Lệ, Đà Nẵng","CHO THUÊ PHÒNG TRỌ 16M2, 87 THÀNH THÁI - KHUÊ TRUNG - CẨM LỆ - ĐÀ NẴNG 1.5 triệu/tháng 16 m 2 Cẩm Lệ, Đà Nẵng CHO THUÊ PHÒNG TRỌ:**Còn 1 Phòng Duy Nhất Vào Đầu Tháng 10/2019, Ở Chính Giữa Dãy Trọ **Lưu ý: Chỉ Giữ Phòng Khi Đặt Cọc TrướcĐịa chỉ : 87 Thành… 6 năm trước",https://phongtro123.com/tinh-thanh/da-nang/cho-thue-phong-tro-16m2-87-thanh-thai-khue-trung-cam-le-da-nang.html,2026-05-15T11:09:31
phongtro123,"Cho thuê phòng trọ đủ đồ, có vệ sinh trong, gần chợ Hòa Xuân, Đà Nẵng",2.5 triệu/tháng,50,"Cẩm Lệ, Đà Nẵng","Cho thuê phòng trọ đủ đồ, có vệ sinh trong, gần chợ Hòa Xuân, Đà Nẵng 2.5 triệu/tháng 50 m 2 Cẩm Lệ, Đà Nẵng Cho thuê phòng trọ đủ đồ, có vệ sinh trong, gần chợ Hòa Xuân, Đà NẵngHiện nay chúng tôi đang có 4 phòng trọ mới sơn sửa đang có nhu cầu cho… 6 năm trước",https://phongtro123.com/tinh-thanh/da-nang/cho-thue-5-phong-tro-du-do-co-ve-sinh-trong-gan-cho-hoa-xuan-da-nang.html,2026-05-15T11:09:31
phongtro123,PHÒNG CHO THUÊ CAO CẤP - TRUNG TÂM TP,2.9 triệu/tháng,23,"Thanh Khê, Đà Nẵng","PHÒNG CHO THUÊ CAO CẤP - TRUNG TÂM TP 2.9 triệu/tháng 23 m 2 Thanh Khê, Đà Nẵng Phòng cho thuê cao cấp Oledo Maison - Nơi tận hưởng cuộc sống tự do.Giá chỉ: 2.9 triệu/ tháng - Diện tích: 23m2.Một không gian sống văn minh, trong lành, yên… 6 năm trước",https://phongtro123.com/tinh-thanh/da-nang/phong-cho-thue-cao-cap-trung-tam-tp.html,2026-05-15T11:09:31
phongtro123,"HÓT HOT ,MÌNH ĐANG TRỐNG 2 PHÒNG Ở NGAY CẦU SÔNG HÀN, AN HẢI BẮC, SƠN TRÀ ĐÂY Ạ.",3.7 triệu/tháng,20,"Sơn Trà, Đà Nẵng","HÓT HOT ,MÌNH ĐANG TRỐNG 2 PHÒNG Ở NGAY CẦU SÔNG HÀN, AN HẢI BẮC, SƠN TRÀ ĐÂY Ạ. 3.7 triệu/tháng 20 m 2 Sơn Trà, Đà Nẵng HÓT HOT ,MÌNH ĐANG TRỐNG 2 PHÒNG Ở NGAY CẦU SÔNG HÀN, AN HẢI BẮC, SƠN TRÀ ĐÂY Ạ.Địa chỉ: 56A Hoàng Sĩ Khải ,Phường An Hải Bắc, Quận Sơn Trà, Tp Đà… 6 năm trước",https://phongtro123.com/tinh-thanh/da-nang/cho-thue-phong-tro-day-du-tien-nghi-ngay-nga-ba-hue.html,2026-05-15T11:09:31
phongtro123,Phòng trọ full nội thất trung tâm phố đường Phạm Nhữ Tăng,4 triệu/tháng,30,"Thanh Khê, Đà Nẵng","Phòng trọ full nội thất trung tâm phố đường Phạm Nhữ Tăng 4 triệu/tháng 30 m 2 Thanh Khê, Đà Nẵng Cho thuê phòng đầy đủ tiện nghi và nội thất MT đường Phạm Nhữ Tăng.P1: 30m2 giá 3,5tr/tháng.P2: 50m2 giá 4tr/tháng.Cho thuê lâu dài thích hợp cho sinh… 6 năm trước",https://phongtro123.com/tinh-thanh/da-nang/phong-tro-full-noi-that-trung-tam-pho-duong-pham-nhu-tang.html,2026-05-15T11:09:31
phongtro123,Cho thuê phòng trọ trung tâm quận Thanh khê. Giá 2 tr/thg,2 triệu/tháng,11,"Thanh Khê, Đà Nẵng","Cho thuê phòng trọ trung tâm quận Thanh khê. Giá 2 tr/thg 2 triệu/tháng 11 m 2 Thanh Khê, Đà Nẵng Cho thuê phòng trọ trung tâm quận Thanh khê có wc khép kín, có wifi miễn phí, có chỗ để xe máy ở tầng trệt tại đường Lê Quang Sung, phường Chính gián,… 6 năm trước",https://phongtro123.com/tinh-thanh/da-nang/cho-thue-phong-tro-trung-tam-quan-thanh-khe-gia-2-tr-thg.html,2026-05-15T11:09:31
phongtro123,Cho thuê hai phòng trọ có wc kép kính,2 triệu/tháng,5,"Thanh Khê, Đà Nẵng","Cho thuê hai phòng trọ có wc kép kính 2 triệu/tháng 5 m 2 Thanh Khê, Đà Nẵng Cho thuê 2 phòng, phòng rộng wc trong phòng. Phòng gần bến xe Đà Nẵng. Ưu tiên các bạn đi làm và sinh viên hiền lành lịch sự. Giá 2 triệu/tháng. 6 năm trước",https://phongtro123.com/tinh-thanh/da-nang/cho-thue-hai-phong-tro-co-wc-kep-kinh.html,2026-05-15T11:09:31
phongtro123,"Cho thuê phòng trọ gần các trường DH: Bach Khoa, Sư Phạm, Duy Tân, gần chợ & bến xe trung tâm TP….",1.5 triệu/tháng,14,"Liên Chiểu, Đà Nẵng","Cho thuê phòng trọ gần các trường DH: Bach Khoa, Sư Phạm, Duy Tân, gần chợ & bến xe trung tâm TP…. 1.5 triệu/tháng 14 m 2 Liên Chiểu, Đà Nẵng Phòng trọ mới xây đang hoàn thiện,Số lượng: 09 phòngƯu tiên: Sinh viên nữGiá phòng: 1,5 triệu đồng/tháng (tối đa 3 người/phòng)Điện nước theo quy… 6 năm trước",https://phongtro123.com/tinh-thanh/da-nang/cho-thue-phong-tro-gan-cac-truong-dh-bach-khoa-su-pham-duy-tan-gan-cho-ben-xe-trung-tam-tp.html,2026-05-15T11:09:31
phongtro123,Cho Thuê Phòng Trọ Giá Rẻ Khu Vực Hoà Khánh,1.3 triệu/tháng,15,"Liên Chiểu, Đà Nẵng","Cho Thuê Phòng Trọ Giá Rẻ Khu Vực Hoà Khánh 1.3 triệu/tháng 15 m 2 Liên Chiểu, Đà Nẵng Cho Thuê Phòng Trọ khu vực Hoà Khánh liên hệ Sđt 0907337806-0966602475 (Cô Phương)Sạch sẽ, thoáng mát, đầy đủ tiện nghi, an ninh đảm bảo (có camera chống… 6 năm trước",https://phongtro123.com/tinh-thanh/da-nang/cho-thue-phong-tro-gia-re-khu-vuc-hoa-khanh.html,2026-05-15T11:09:31
phongtro123,"Cho thuê phòng trọ tại 18 Chơn Tâm 3, Đà Nẵng",1.2 triệu/tháng,15,"Liên Chiểu, Đà Nẵng","Cho thuê phòng trọ tại 18 Chơn Tâm 3, Đà Nẵng 1.2 triệu/tháng 15 m 2 Liên Chiểu, Đà Nẵng Mình đang còn 1 phòng trọ tại 18 Chơn tâm 3 (cắt đường Nguyễn Khuyến) Đà nẵng. Phòng rộng 15m2 có gác lửng; sân phơi đồ và cửa ra vào, gần trường… 6 năm trước",https://phongtro123.com/tinh-thanh/da-nang/cho-thue-phong-tro-tai-18-chon-tam-3-da-nang.html,2026-05-15T11:09:31
phongtro123,Cho thuê phòng trọ Đà Nẵng - Đường Nguyễn Hoàng,1.7 triệu/tháng,14,"Thanh Khê, Đà Nẵng","Cho thuê phòng trọ Đà Nẵng - Đường Nguyễn Hoàng 1.7 triệu/tháng 14 m 2 Thanh Khê, Đà Nẵng PHÒNG TRỌ SINH VIÊN Phòng có toilet trong, nằm trong một dãy trọ, nấu ăn trong phòng, có giường, có chỗ phơi đồ, sân để xe rộng rãi, 10h30 tối đóng cổng.… 6 năm trước",https://phongtro123.com/tinh-thanh/da-nang/cho-thue-phong-tro-da-nang-duong-nguyen-hoang.html,2026-05-15T11:09:31
phongtro123,"Phòng trọ K183 đường Phan Thanh, 1.5 triệu",1.5 triệu/tháng,15,"Thanh Khê, Đà Nẵng","Phòng trọ K183 đường Phan Thanh, 1.5 triệu 1.5 triệu/tháng 15 m 2 Thanh Khê, Đà Nẵng Cho thuê 1 phòng trọ, K183 đường Phan Thanh.Diện tích: 15 m2, không gác lửngSân để xe chungưu tiê: 1 nữ1.5 triệu, thanh toán 3 tháng/lầnLiên hệ c Hoà… 6 năm trước",https://phongtro123.com/tinh-thanh/da-nang/phong-tro-k183-duong-phan-thanh-1-5-trieu.html,2026-05-15T11:09:31
phongtro123,"Cho thuê phòng trọ đường Trần Phú gần cầu Rồng, quận hải châu",2.2 triệu/tháng,15,"Hải Châu, Đà Nẵng","Cho thuê phòng trọ đường Trần Phú gần cầu Rồng, quận hải châu 2.2 triệu/tháng 15 m 2 Hải Châu, Đà Nẵng Cho thuê trọ 268/16 trần phú gần cầu rồng, trung tâm thành phố, thoáng mát, toilet riêng, có chỗ để xe, wifi miễn phí. Liên hệ sdt: 0905225253 gặp a Hoàng 6 năm trước",https://phongtro123.com/tinh-thanh/da-nang/cho-thue-phong-tro-duong-tran-phu-gan-cau-rong.html,2026-05-15T11:09:31
phongtro123,Phòng trọ bên hông bến xe trung tâm,1.4 triệu/tháng,20,"Cẩm Lệ, Đà Nẵng","Phòng trọ bên hông bến xe trung tâm 1.4 triệu/tháng 20 m 2 Cẩm Lệ, Đà Nẵng Cho thuê phòng trọ bên hông bến xe trung tâm, đi đường Nguyễn Công Hoan hoặc nguyễn Văn tạo vào đều được! Phòng có gác lửng rộng rãi, wifi miễn phí, an… 6 năm trước",https://phongtro123.com/tinh-thanh/da-nang/phong-tro-ben-hong-ben-xe-trung-tam.html,2026-05-15T11:09:31
phongtro123,Phòng trọ tiện ích thân thiện còn phòng cho thuê,2.2 triệu/tháng,25,"Cẩm Lệ, Đà Nẵng","Phòng trọ tiện ích thân thiện còn phòng cho thuê 2.2 triệu/tháng 25 m 2 Cẩm Lệ, Đà Nẵng Khu nhà nằm trong khu đô thị sinh thái Hòa Xuân, khí hậu cực tốt cho phụ nữ, trẻ em. 12 phòng khép kín đầy đủ tiện nghi cho đối tượng là các hộ gia… 6 năm trước",https://phongtro123.com/tinh-thanh/da-nang/phong-tro-tien-ich-than-thien-con-phong-cho-thue.html,2026-05-15T11:09:31
phongtro123,Cho thuê phòng trọ quận Sơn Trà,2 triệu/tháng,25,"Sơn Trà, Đà Nẵng","Cho thuê phòng trọ quận Sơn Trà 2 triệu/tháng 25 m 2 Sơn Trà, Đà Nẵng Ngày 2/7 mình lấy lại 01 phòng trọ tại địa chỉ 197/17 ngô quyền. Dtsd 25m2, có gác lửng đúc men, có bếp, vệ sinh riêng, không chung chủ, yêu cầu ở sạch… 6 năm trước",https://phongtro123.com/tinh-thanh/da-nang/cho-thue-phong-tro-quan-son-tra.html,2026-05-15T11:09:31
phongtro123,CHO THUÊ PHÒNG TRỌ TRUNG TÂM THÀNH PHỐ GẦN CẦU RỒNG,3.5 triệu/tháng,30,"Sơn Trà, Đà Nẵng","CHO THUÊ PHÒNG TRỌ TRUNG TÂM THÀNH PHỐ GẦN CẦU RỒNG 3.5 triệu/tháng 30 m 2 Sơn Trà, Đà Nẵng Còn trống phòng 30m2 trong nhà nguyên căn có 6 phòng. Phòng được trang bị điều hòa inverter mới 100%, có chỗ nấu ăn riêng và nhà vệ sinh riêng, có ban công,… 6 năm trước",https://phongtro123.com/tinh-thanh/da-nang/cho-thue-phong-tro-trung-tam-thanh-pho-gan-cau-rong.html,2026-05-15T11:09:35
phongtro123,"Phòng trọ cho thuê đẹp, sạch, yên tĩnh, mát mẻ",1 triệu/tháng,16,"Thanh Khê, Đà Nẵng","Phòng trọ cho thuê đẹp, sạch, yên tĩnh, mát mẻ 1 triệu/tháng 16 m 2 Thanh Khê, Đà Nẵng Nhà trọ thoáng mát rộng 16 m2 ở thanh khê, có chỗ để xe riêng rộng rãi an toàn,sân phơi đồ riêng , điện nước có đồng hồ riêng,an ninh tuyệt đối an… 6 năm trước",https://phongtro123.com/tinh-thanh/da-nang/phong-tro-cho-thue-dep-sach-yen-tinh-mat-me.html,2026-05-15T11:09:35
phongtro123,Phòng trọ cao cấp Đà Nẵng chuẩn khách sạn 1 sao full nội thất giá cực rẻ. LH: 0989446750,2.2 triệu/tháng,30,"Thanh Khê, Đà Nẵng","Phòng trọ cao cấp Đà Nẵng chuẩn khách sạn 1 sao full nội thất giá cực rẻ. LH: 0989446750 2.2 triệu/tháng 30 m 2 Thanh Khê, Đà Nẵng Phòng trọ cao cấp Đà Nẵng chuẩn khách sạn 1 sao Hải Vân Sơn - Diện tích : 20 m2- Yên tĩnh, thoáng mát, - Đầy đủ tiện nghi: Toilet, bàn ghế, giường… 6 năm trước",https://phongtro123.com/tinh-thanh/da-nang/phong-tro-cao-cap-da-nang-chuan-khach-san-1-sao-full-noi-that-gia-cuc-re-0989446750.html,2026-05-15T11:09:35
phongtro123,CĂN HỘ MẶT TIỀN NGAY ĐỐI DIỆN BẾN XE ĐÀ NẴNG,4.3 triệu/tháng,32,"Liên Chiểu, Đà Nẵng","CĂN HỘ MẶT TIỀN NGAY ĐỐI DIỆN BẾN XE ĐÀ NẴNG 4.3 triệu/tháng 32 m 2 Liên Chiểu, Đà Nẵng Căn hộ 4 tầng 14 phòng đầy đủ nội thất cao cấp, có thang máy, nhà để xe, sân thượng, ban công,…tầng 1 thích hợp làm shophouseTiện ích: Tivi, điều hòa,… 6 năm trước",https://phongtro123.com/tinh-thanh/da-nang/can-ho-mat-tien-ngay-doi-dien-ben-xe-da-nang.html,2026-05-15T11:09:35
phongtro123,"Nhượng lại phòng trọ trung tâm thành phố Đà Nẵng, kiệt 50 Hàm Nghi",2 triệu/tháng,15,"Hải Châu, Đà Nẵng","Nhượng lại phòng trọ trung tâm thành phố Đà Nẵng, kiệt 50 Hàm Nghi 2 triệu/tháng 15 m 2 Hải Châu, Đà Nẵng Nhượng phòng kiệt 50 hàm nghi trung tâm thành phố giá 2 triệu cọc 500 . Có chỗ để xe riêng. K chung chủ giờ giấc thoải mái tự do . Phòng mát mẻ chủ dễ… 6 năm trước",https://phongtro123.com/tinh-thanh/da-nang/nhuong-lai-phong-tro-trung-tam-thanh-pho-da-nang-kiet-50-ham-nghi.html,2026-05-15T11:09:35
phongtro123,Mình có việc ở Đà Nẵng và cần thuê một phòng khách sạn trong một tháng,2 triệu/tháng,20,"Liên Chiểu, Đà Nẵng","Mình có việc ở Đà Nẵng và cần thuê một phòng khách sạn trong một tháng 2 triệu/tháng 20 m 2 Liên Chiểu, Đà Nẵng Thật ra mình cần tìm phòng, nhưng chỉ ở một tháng thôi ạ, phòng khách sạn cũng được mà phòng trọ cũng được ạ. Giá khoảng 2.000.000 trở xuống. Nếu có… 6 năm trước",https://phongtro123.com/tinh-thanh/da-nang/minh-co-viec-o-dn-va-can-thue-mot-phong-khach-san-trong-mot-thang.html,2026-05-15T11:09:35
phongtro123,"Cho thuê phòng trọ khu vực yên tĩnh, thoáng mát",1.5 triệu/tháng,20,"Ngũ Hành Sơn, Đà Nẵng","Cho thuê phòng trọ khu vực yên tĩnh, thoáng mát 1.5 triệu/tháng 20 m 2 Ngũ Hành Sơn, Đà Nẵng Cần cho thuê 3 phòng trọ đang còn trống. Phong sạch có cửa sổ thoáng mát. Khu vực an ninh sạch sẽ yên tĩnh. Ưu tiên nữ thuê. 6 năm trước",https://phongtro123.com/tinh-thanh/da-nang/cho-thue-phong-tro-khu-vuc-yen-tinh-thoang-mat.html,2026-05-15T11:09:35
phongtro123,Cho thuê phòng đẹp - mới xây dựng - sạch sẽ,3.5 triệu/tháng,30,"Thanh Khê, Đà Nẵng","Cho thuê phòng đẹp - mới xây dựng - sạch sẽ 3.5 triệu/tháng 30 m 2 Thanh Khê, Đà Nẵng Tòa nhà 4 tầng bao gồm 7 phòng, vừa mới xây dựng tại vị trí thuận lợi, cách sân bay chỉ 10' đi xe. Gần chợ, siêu thị Coop Mart, trường học, khu dân trí an… 6 năm trước",https://phongtro123.com/tinh-thanh/da-nang/cho-thue-phong-dep-moi-xay-dung-sach-se.html,2026-05-15T11:09:35
phongtro123,Cho thuê phòng trọ 2 mặt tiền đường 10m5 vs đường 5m5,2.3 triệu/tháng,2,"Liên Chiểu, Đà Nẵng","Cho thuê phòng trọ 2 mặt tiền đường 10m5 vs đường 5m5 2.3 triệu/tháng 35 m 2 Liên Chiểu, Đà Nẵng Phòng trọ 2 mặt tiền đường 10m5 vs đường 5m5 thoáng mát mới xây dựng nằm sau lưng bệnh viện ung bướu, gần trường học, đối diện là công viên xanh mát… 6 năm trước",https://phongtro123.com/tinh-thanh/da-nang/cho-thue-phong-tro-2-mat-tien-duong-10m5-vs-duong-5m5.html,2026-05-15T11:09:35
phongtro123,CHO THUÊ PHÒNG TRONG NHÀ NGUYÊN CĂN (CHỈ CHO NỮ THUÊ),1.3 triệu/tháng,18,"Liên Chiểu, Đà Nẵng","CHO THUÊ PHÒNG TRONG NHÀ NGUYÊN CĂN (CHỈ CHO NỮ THUÊ) 1.3 triệu/tháng 18 m 2 Liên Chiểu, Đà Nẵng Phòng ngủ tầng 2 vừa cho 1 người ở, có cửa sổ và ban công, sạch sẽ, thoáng mát.Bếp nấu ăn và nhà vệ sinh tầng trệt.Không chung chủ, giờ giấc tự… 6 năm trước",https://phongtro123.com/tinh-thanh/da-nang/cho-thue-phong-trong-nha-nguyen-can-chi-cho-nu-thue.html,2026-05-15T11:09:35
phongtro123,"Cho Thuê Phòng Trọ K82 Nguyễn Lương Bằng, Đà Nẵng",1.2 triệu/tháng,20,"Liên Chiểu, Đà Nẵng","Cho Thuê Phòng Trọ K82 Nguyễn Lương Bằng, Đà Nẵng 1.2 triệu/tháng 20 m 2 Liên Chiểu, Đà Nẵng Cho thuê phòng trọ kiệt 82 Nguyễn Lương Bằng ( Sau lưng Đại học bách khoa) ,Hòa KhánhGia phongf : 1.200.000/ 1 thángĐiện : 3k/ chữ. Nước: 25 - 30k.Không… 6 năm trước",https://phongtro123.com/tinh-thanh/da-nang/cho-thue-phong-tro-k82-nguyen-luong-bang-da-nang.html,2026-05-15T11:09:35
phongtro123,CHO THUÊ PHÒNG TRỌ 15M2 TRUNG TÂM THÀNH PHỐ,2.5 triệu/tháng,15,"Thanh Khê, Đà Nẵng","CHO THUÊ PHÒNG TRỌ 15M2 TRUNG TÂM THÀNH PHỐ 2.5 triệu/tháng 15 m 2 Thanh Khê, Đà Nẵng Phòng tầng 2, tầng 3, tầng 4.15 m2, có thể ở 2-3 người.Mới xây, sạch sẽ, thoáng mát.Có gác lửng, hành lang phơi quần áo.Có sân để xe, camera an… 6 năm trước",https://phongtro123.com/tinh-thanh/da-nang/cho-thue-phong-tro-15m2-trung-tam-thanh-pho.html,2026-05-15T11:09:35
phongtro123,Cho thuê nhà nguyên căn có điều hòa.,3 triệu/tháng,60,"Cẩm Lệ, Đà Nẵng","Cho thuê nhà nguyên căn có điều hòa. 3 triệu/tháng 60 m 2 Cẩm Lệ, Đà Nẵng Tổng diện tích 100m2 (nhà 60m2 , Phòng ngủ có máy lạnh doàng tiết kiệm điện inverter, tolet + bếp + một phòng trống 20m2). Gần trường Tiểu học Tôn Đức… 6 năm trước",https://phongtro123.com/tinh-thanh/da-nang/cho-thue-nha-nguyen-can-co-dieu-hoa.html,2026-05-15T11:09:35
phongtro123,"Cho thuê phòng trọ, gần bến xe trung tâm Đà Nẵng",1.8 triệu/tháng,20,"Cẩm Lệ, Đà Nẵng","Cho thuê phòng trọ, gần bến xe trung tâm Đà Nẵng 1.8 triệu/tháng 20 m 2 Cẩm Lệ, Đà Nẵng Cho thuê: Phòng trọ, 3 tầng mới xây. phù hợp cho đôi vợ chồng trẻ.Địa điểm: Số 81 Ngô Thế Lân, Phường Hoà An, Quận Cẩm Lệ, cách đại học Duy Tân… 6 năm trước",https://phongtro123.com/tinh-thanh/da-nang/cho-thue-phong-tro-tien-nghi-gan-ben-xe-trung-tam-da-nang.html,2026-05-15T11:09:35
phongtro123,Cho thuê phòng trọ cho sinh viên ở Đà Nẵng,1.8 triệu/tháng,15,"Thanh Khê, Đà Nẵng","Cho thuê phòng trọ cho sinh viên ở Đà Nẵng 1.8 triệu/tháng 15 m 2 Thanh Khê, Đà Nẵng Cho thuê phòng trọ cho sinh viên ở , gần trung tâm thành phố , gần trường đại học duy tân , gần chợ siêu thị , công viên 29/3 , ... rất tiện lợi ! Phòng… 7 năm trước",https://phongtro123.com/tinh-thanh/da-nang/cho-thue-phong-tro-cho-sinh-vien-o-da-nang.html,2026-05-15T11:09:35
phongtro123,"CHO THUÊ PHÒNG TỰ DO GIỜ GIẤC, TIỆN NGHI - GIÁ RẺ",2 triệu/tháng,20,"Cẩm Lệ, Đà Nẵng","CHO THUÊ PHÒNG TỰ DO GIỜ GIẤC, TIỆN NGHI - GIÁ RẺ 2 triệu/tháng 20 m 2 Cẩm Lệ, Đà Nẵng CHO THUÊ PHÒNG TỰ DO GIỜ GIẤC, TIỆN NGHI - GIÁ RẺBạn đang muốn một căn phòng tự do giờ giấc tiện nghi gần trung tâm Đà Nẵng. Hãy đến với chúng… 7 năm trước",https://phongtro123.com/tinh-thanh/da-nang/cho-thue-phong-tu-do-gio-giac-tien-nghi-gia-re.html,2026-05-15T11:09:35
phongtro123,Cho thuê phòng trọ mới xây trung tâm Quận Liên Chiểu,1.6 triệu/tháng,18,"Liên Chiểu, Đà Nẵng","Cho thuê phòng trọ mới xây trung tâm Quận Liên Chiểu 1.6 triệu/tháng 18 m 2 Liên Chiểu, Đà Nẵng Phòng trọ mới xây quận Liên Chiểu rộng 18 mét vuông chưa tính gác lửng. Tường ốp gạch men, nhà vệ sinh đẹp rộng. Gần UBND quận Liên Chiểu, trường… 7 năm trước",https://phongtro123.com/tinh-thanh/da-nang/cho-thue-phong-tro-moi-xay-trung-tam-quan-lien-chieu.html,2026-05-15T11:09:35
phongtro123,Cho thuê phòng trọ địa chỉ K204/7 đường Trường Chinh,2 triệu/tháng,20,"Cẩm Lệ, Đà Nẵng","Cho thuê phòng trọ địa chỉ K204/7 đường Trường Chinh 2 triệu/tháng 20 m 2 Cẩm Lệ, Đà Nẵng Cho thuê phòng trọ (chủ ở tầng dưới, phòng trọ ở tầng trên), địa chỉ K204/7 đường Trường Chinh (phía đường ray), kiệt rộng 2m. Nhà rộng 87 m2, nhà… 7 năm trước",https://phongtro123.com/tinh-thanh/da-nang/cho-thue-phong-tro-dia-chi-k204-7-duong-truong-chinh.html,2026-05-15T11:09:35
phongtro123,"Cho thuê phòng trọ chất lượng, giá tốt phường An Khê, quận Thanh Khê",2.5 triệu/tháng,40,"Thanh Khê, Đà Nẵng","Cho thuê phòng trọ chất lượng, giá tốt phường An Khê, quận Thanh Khê 2.5 triệu/tháng 40 m 2 Thanh Khê, Đà Nẵng Phòng trọ phường An Khê, Thanh Khê chất lượng, giá tốtCho thuê 2 phòng trọ: Diện tích: 30m2 + gác lửng gỗ 10m2Ốp gạch, sơn tường sáng bóng; tôn chống… 7 năm trước",https://phongtro123.com/tinh-thanh/da-nang/cho-thue-phong-tro-chat-luong-gia-tot-phuong-an-khe-quan-thanh-khe.html,2026-05-15T11:09:35
phongtro123,"Căn hộ full nội thất, Đường Võ Chí Công, Hòa Xuân, Cẩm Lệ, Đà Nẵng",4 triệu/tháng,20,"Cẩm Lệ, Đà Nẵng","Căn hộ full nội thất, Đường Võ Chí Công, Hòa Xuân, Cẩm Lệ, Đà Nẵng 4 triệu/tháng 20 m 2 Cẩm Lệ, Đà Nẵng - Vị trí: 16 Võ Chí Công ( Qua cầu Nguyễn Tri Phương là đến )-Thuận lợi: + Gần các trường Đại học ( ĐÔNG Á, KIẾN TRÚC, NGOẠI NGỮ ).+ Ngay cạnh… 7 năm trước",https://phongtro123.com/tinh-thanh/da-nang/can-ho-full-noi-that-duong-vo-chi-cong-hoa-xuan-cam-le-da-nang.html,2026-05-15T11:09:35
phongtro123,34m2 Phòng Trọ Trung Tâm Đà Nẵng - Đầy đủ Tiện Nghi,5 triệu/tháng,34,"Hải Châu, Đà Nẵng","34m2 Phòng Trọ Trung Tâm Đà Nẵng - Đầy đủ Tiện Nghi 5 triệu/tháng 34 m 2 Hải Châu, Đà Nẵng - Khu trung tâm: K113 đường Nguyễn Chí Tranh, Q.Hải Châu - Gần Trung tâm hành chính và đại học Duy Tân. - Đầy đủ tiện nghi: Wifi, tủ lạnh, máy giặt, máy… 7 năm trước",https://phongtro123.com/tinh-thanh/da-nang/34m2-phong-tro-trung-tam-da-nang-day-du-tien-nghi.html,2026-05-15T11:09:39
phongtro123,"Cho thuê phòng trọ giá rẻ tại số 09 Trần Đức Thảo, Hải Châu, Đà Nẵng",1.5 triệu/tháng,15,"Hải Châu, Đà Nẵng","Cho thuê phòng trọ giá rẻ tại số 09 Trần Đức Thảo, Hải Châu, Đà Nẵng 1.5 triệu/tháng 15 m 2 Hải Châu, Đà Nẵng Phòng trọ giá rẻ, gần trường kiến trúc, khu trung tâm, có nhu cầu liên hệ: 0914197255 - chú ThanhĐịa chỉ: Đường Trần Đức Thảo, Phường Hòa Cường… 7 năm trước",https://phongtro123.com/tinh-thanh/da-nang/cho-thue-phong-tro-gia-re-tai-so-09-tran-duc-thao-hai-chau-da-nang.html,2026-05-15T11:09:39
phongtro123,Cho thuê phòng trọ mới xây quận Liên Chiểu,1.6 triệu/tháng,18,"Liên Chiểu, Đà Nẵng","Cho thuê phòng trọ mới xây quận Liên Chiểu 1.6 triệu/tháng 18 m 2 Liên Chiểu, Đà Nẵng Phòng trọ mới xây, đẹp rộng 18 mét vuông chưa tính diện tích gác lửng. Tường ốp gạch, nhà vệ sinh sạch, thiết bị hiện đại. Không Ở chung với chủ.… 7 năm trước",https://phongtro123.com/tinh-thanh/da-nang/cho-thue-phong-tro-moi-xay-quan-lien-chieu.html,2026-05-15T11:09:39
phongtro123,"CHO THUÊ CĂN HỘ MINI CAO CẤP TẠI 142/8 LÊ VĂN HIẾN, QUẬN NGŨ HÀNH SƠN, ĐÀ NẴNG",6 triệu/tháng,40,"NGŨ HÀNH SƠN, ĐÀ NẴNG","CHO THUÊ CĂN HỘ MINI CAO CẤP TẠI 142/8 LÊ VĂN HIẾN, QUẬN NGŨ HÀNH SƠN, ĐÀ NẴNG 6 triệu/tháng 40 m 2 Ngũ Hành Sơn, Đà Nẵng Nhà mới , đẹp, hiện đại, thoáng mát, không gian riêng tư. Khu vực an ninh, yên tĩnh. Vị trí gần cầu Tuyên Sơn, gần biển, gần chợ, lotte mart, sát trường… 7 năm trước",https://phongtro123.com/tinh-thanh/da-nang/cho-thue-can-ho-mini-cao-cap-tai-142-8-le-van-hien-quan-ngu-hanh-son-da-nang.html,2026-05-15T11:09:39
phongtro123,Cần cho thuê phòng trọ mới xây đường Trường Chinh,2 triệu/tháng,20,"Cẩm Lệ, Đà Nẵng","Cần cho thuê phòng trọ mới xây đường Trường Chinh 2 triệu/tháng 20 m 2 Cẩm Lệ, Đà Nẵng Cần cho thuê phòng trọ mơi xây k204 trường chinh gần cầu vượt ngã ba huế,trung tâm thuận lợi tiện đi lại,phòng thoáng mát có cửa sổ riêng,có gác để… 7 năm trước",https://phongtro123.com/tinh-thanh/da-nang/can-cho-thue-phong-tro-moi-xay-duong-truong-chinh.html,2026-05-15T11:09:39
phongtro123,Cho Nữ Thuê Phòng Cao Cấp Gía Rẻ,2.5 triệu/tháng,20,"Hải Châu, Đà Nẵng","Cho Nữ Thuê Phòng Cao Cấp Gía Rẻ 2.5 triệu/tháng 20 m 2 Hải Châu, Đà Nẵng Cho Nữ Thuê Phòng Cao Cấp Gía Rẻ . Tầng 1 rất rộng rãi, dùng để xe máy Phòng trọ này trên tầng 2 của căn nhà 3 tầng Gồm cửa chính . WC riêng sạch sẽ,… 7 năm trước",https://phongtro123.com/tinh-thanh/da-nang/cho-nu-thue-phong-cao-cap-gia-re.html,2026-05-15T11:09:39
phongtro123,"Cho thuê phòng trọ tại 87 Thành Thái,Khuê Trung, Cẩm Lệ , Đà Nẵng",1.7 triệu/tháng,16,"Cẩm Lệ, Đà Nẵng","Cho thuê phòng trọ tại 87 Thành Thái,Khuê Trung, Cẩm Lệ , Đà Nẵng 1.7 triệu/tháng 16 m 2 Cẩm Lệ, Đà Nẵng Cho thuê phòng ở Hộ gia đình tại 87 Thành Thái - Cẩm Lệ - Đà Nẵng A.Diện tích: 1.Vị trí :Phòng số 2 theo đường luồn 2.Diện tích mặt nền 16 mét… 7 năm trước",https://phongtro123.com/tinh-thanh/da-nang/cho-thue-phong-tro-tai-87-thanh-thaikhue-trung-cam-le-da-nang.html,2026-05-15T11:09:39
phongtro123,Cho thuê phòng trọ theo mô hình ký túc xá tại Đà Nẵng,1.3 triệu/tháng,40,"Ngũ Hành Sơn, Đà Nẵng","Cho thuê phòng trọ theo mô hình ký túc xá tại Đà Nẵng 1.3 triệu/tháng 40 m 2 Ngũ Hành Sơn, Đà Nẵng Cho thuê phòng trọ dạng Ký Túc Xá Cao CấpDiện tích 45 m2Giường 2 tầng cao cấpPhòng ở 6 - 8 ngườiCó tủ quần áo riêng, wifi miễn phíThiết bị vệ… 7 năm trước",https://phongtro123.com/tinh-thanh/da-nang/cho-thue-phong-tro-theo-mo-hinh-ky-tuc-xa-tai-da-nang.html,2026-05-15T11:09:39
phongtro123,Cho thuê phòng trọ mô hình ký túc xá,1.3 triệu/tháng,45,"Ngũ Hành Sơn, Đà Nẵng","Cho thuê phòng trọ mô hình ký túc xá 1.3 triệu/tháng 45 m 2 Ngũ Hành Sơn, Đà Nẵng Cho thuê phòng trọ dạng Ký Túc Xá Cao CấpDiện tích 45 m2Giường 2 tầng cao cấpPhòng ở 6 - 8 ngườiCó tủ quần áo riêng, wifi miễn phíThiết bị vệ… 7 năm trước",https://phongtro123.com/tinh-thanh/da-nang/cho-thue-phong-tro-mo-hinh-ky-tuc-xa.html,2026-05-15T11:09:39
phongtro123,Cho thuê phòng trọ mới xây giá rẻ kiệt 80 Tôn Đức Thắng,2 triệu/tháng,24,"Liên Chiểu, Đà Nẵng","Cho thuê phòng trọ mới xây giá rẻ kiệt 80 Tôn Đức Thắng 2 triệu/tháng 24 m 2 Liên Chiểu, Đà Nẵng Cho thuê nhà mới xây xong. Vị trí trung tâm, thuận tiện đi lại, gần nhiều trường đại học, khu tập thể cán bộ công nhân viên chức, yên tĩnh, an ninh… 7 năm trước",https://phongtro123.com/tinh-thanh/da-nang/cho-thue-phong-tro-moi-xay-gia-re-kiet-80-ton-duc-thang.html,2026-05-15T11:09:39
phongtro123,Cho thuê trọ quận Cẩm Lệ,2.2 triệu/tháng,20,"Cẩm Lệ, Đà Nẵng","Cho thuê trọ quận Cẩm Lệ 2.2 triệu/tháng 20 m 2 Cẩm Lệ, Đà Nẵng Phòng rộng 20m2 ,ở tầng hai rất thoáng mát. Ở được 3 -4 người.Wf miễn phí, nước 35k/ người, điện 3k/ 1 chữ.Có nhà để xe rộng, sân phơi đồ… 7 năm trước",https://phongtro123.com/tinh-thanh/da-nang/cho-thue-tro-quan-cam-le.html,2026-05-15T11:09:39
phongtro123,"Cho thuê phòng trọ mới xây nhà đẹp, giá hợp lý ở quận Ngũ Hành Sơn",2.3 triệu/tháng,23,"Ngũ Hành Sơn, Đà Nẵng","Cho thuê phòng trọ mới xây nhà đẹp, giá hợp lý ở quận Ngũ Hành Sơn 2.3 triệu/tháng 23 m 2 Ngũ Hành Sơn, Đà Nẵng Cần cho thuê 1 phòng trọ mới xây, sạch đẹp, thoáng mát-Có gác lửng đúc lát đá -Bếp và nhà vệ sinh khép kín cho từng phòng. -Điện nước có công… 7 năm trước",https://phongtro123.com/tinh-thanh/da-nang/cho-thue-phong-tro-moi-xay-nha-dep-gia-hop-ly-o-quan-ngu-hanh-son.html,2026-05-15T11:09:39
phongtro123,"Có thuê phòng mới, thoáng mát, sạch sẽ",3.3 triệu/tháng,20,"Hải Châu, Đà Nẵng","Có thuê phòng mới, thoáng mát, sạch sẽ 3.3 triệu/tháng 20 m 2 Hải Châu, Đà Nẵng Phòng Thuê Hiện tại tầng 2 còn dư 1 phòng trống vừa mới trả..(như hình)đảm bảo phòng mới, thoáng mát, sạch sẽ..Giá phòng: 3,3 triệu/ tháng( ko bao… 7 năm trước",https://phongtro123.com/tinh-thanh/da-nang/co-thue-phong-moi-thoang-mat-sach-se.html,2026-05-15T11:09:39
phongtro123,Cho thuê phòng trọ tầng 2,1.5 triệu/tháng,13,"Thanh Khê, Đà Nẵng","Cho thuê phòng trọ tầng 2 1.5 triệu/tháng 13 m 2 Thanh Khê, Đà Nẵng Cho thuê phòng trọ đầu hẽm, ở tầng 2, vị trí thuận lợi gần chợ, xóm an ninh, có đèn đường. Hẽm ô tô có thể vào. Có nhà tắm, vệ sinh, hành lang phơi… 7 năm trước",https://phongtro123.com/tinh-thanh/da-nang/cho-thue-phong-tro-tang-2-2.html,2026-05-15T11:09:39
phongtro123,Cho thuê phòng tại 40 Châu Văn Liêm - Đà Nẵng,1.7 triệu/tháng,22,"Hải Châu, Đà Nẵng","Cho thuê phòng tại 40 Châu Văn Liêm - Đà Nẵng 1.7 triệu/tháng 22 m 2 Hải Châu, Đà Nẵng Cho thuê phòng khu vực trung tâm tp Đà Nẵng.Địa chỉ: 40 Châu Văn Liêm Diện tích: 22m2Có sân phơi riêng, sân để xe rộng rải, camera an ninhGiá thuê:… 7 năm trước",https://phongtro123.com/tinh-thanh/da-nang/cho-thue-phong-tai-40-chau-van-liem-da-nang.html,2026-05-15T11:09:39
phongtro123,"Phòng trọ Đà Nẵng, quận Hải Châu",2.5 triệu/tháng,20,"Hải Châu, Đà Nẵng","Phòng trọ Đà Nẵng, quận Hải Châu 2.5 triệu/tháng 20 m 2 Hải Châu, Đà Nẵng Phòng 20m2,có gác lửng,nhà vệ sinh riêng,có nhà để xe.Trang bị hệ thống chờ của điều hòa,nước nóng lạnh,máy giặt...Có camera an ninh,wifi,phòng gần… 7 năm trước",https://phongtro123.com/tinh-thanh/da-nang/phong-tro-da-nang-quan-hai-chai.html,2026-05-15T11:09:39
phongtro123,"Phòng trọ cao cấp 25m2 đường Trường Chinh, Thanh Khê",3 triệu/tháng,25,"Thanh Khê, Đà Nẵng","Phòng trọ cao cấp 25m2 đường Trường Chinh, Thanh Khê 3 triệu/tháng 25 m 2 Thanh Khê, Đà Nẵng SL HOME phòng trọ cao cấp đà nẵng. Với nhiều kiểu phòng bạn tha hồ lựa chọn!!!!!!!!! Hệ thống KTX - Phòng trọ cho Sinh viên - Người đi làm tại các Quận… 7 năm trước",https://phongtro123.com/tinh-thanh/da-nang/phong-tro-cao-cap-25m2-duong-truong-chinh-thanh-khe.html,2026-05-15T11:09:39
phongtro123,"Nhà trọ có trật tự an ninh, điện, nước nóng đầy đủ, gần chợ, trường rất tiện lợi. Có gác…",2 triệu/tháng,16,"Liên Chiểu, Đà Nẵng","Nhà trọ có trật tự an ninh, điện, nước nóng đầy đủ, gần chợ, trường rất tiện lợi. Có gác… 2 triệu/tháng 16 m 2 Liên Chiểu, Đà Nẵng Nhà trọ có trật tự an ninh, điện, nước nóng đầy đủ, gần chợ, trường rất tiện lợi. Có gác lửng, bếp+toilét riêng.Địa chỉ: 16 Đường Nguyễn Minh… 7 năm trước",https://phongtro123.com/tinh-thanh/da-nang/nha-tro-co-trat-tu-an-ninhdiennuoc-nong-day-dugan-chotruong-rat-tien-loi-co-gac-lungbeptoilet-rieng.html,2026-05-15T11:09:39
phongtro123,nhà nghỉ cho thuê phòng dài hạn đầy đủ tiện nghi,2 triệu/tháng,20,"Cẩm Lệ, Đà Nẵng","nhà nghỉ cho thuê phòng dài hạn đầy đủ tiện nghi 2 triệu/tháng 20 m 2 Cẩm Lệ, Đà Nẵng Nhà nghỉ Hồng Ngọc cho thuê phòng dài hạnGiá từ 2 triệu/1 thángHiện tại còn 3 phòng trống, phòng đầy đủ tiện nghi (tủ quần áo, máy lạnh, máy… 7 năm trước",https://phongtro123.com/tinh-thanh/da-nang/nha-nghi-cho-thue-phong-dai-han-day-du-tien-nghi.html,2026-05-15T11:09:39
phongtro123,"Cho thuê phòng trọ có đầy đủ tiện nghi, Wi-Fi miễn phí, gần chợ Bắc Mỹ An",2.5 triệu/tháng,18,"Ngũ Hành Sơn, Đà Nẵng","Cho thuê phòng trọ có đầy đủ tiện nghi, Wi-Fi miễn phí, gần chợ Bắc Mỹ An 2.5 triệu/tháng 18 m 2 Ngũ Hành Sơn, Đà Nẵng Phòng có đầy đủ tiện nghi, wc riêng, khu vực an ninh, gần chợ Bắc Mỹ an, vào ở không cần mua sắm đồ dùng, Wi-Fi miễn phí 7 năm trước",https://phongtro123.com/tinh-thanh/da-nang/cho-thue-phong-tro-co-day-du-tien-nghi-wi-fi-mien-phi-gan-cho-bac-my-an.html,2026-05-15T11:09:39
phongtro123,CHO THUÊ PHÒNG GIÁ TỐT - ĐÀ NẴNG (GẦN BIỂN),7.5 triệu/tháng,30,"Sơn Trà, Đà Nẵng","CHO THUÊ PHÒNG GIÁ TỐT - ĐÀ NẴNG (GẦN BIỂN) 7.5 triệu/tháng 30 m 2 Sơn Trà, Đà Nẵng - Khu nhà có vị trí thuận lợi- Gần biển, Vincom, cầu sông Hàn- Xung quanh có các siêu thị, quán ăn Hàn Quốc- Dân cư thân thiện 7 năm trước",https://phongtro123.com/tinh-thanh/da-nang/cho-thue-phong-gia-tot-da-nang-gan-bien.html,2026-05-15T11:09:43
phongtro123,Cho thuê phòng trọ tại đường Núi Thành,2.3 triệu/tháng,15,"Hải Châu, Đà Nẵng","Cho thuê phòng trọ tại đường Núi Thành 2.3 triệu/tháng 15 m 2 Hải Châu, Đà Nẵng Cho thuê phòng trọ tại K386/22 Núi Thành sau lưng UBND phường Hòa Cường bắc và trường cao đẳng Phương Đông khu vực an ninh, gần các Trường cao đẳng và… 7 năm trước",https://phongtro123.com/tinh-thanh/da-nang/cho-thue-phong-tro-tai-duong-nui-thanh.html,2026-05-15T11:09:43
phongtro123,Phòng trọ. Đẹp mới xây,3.5 triệu/tháng,30,"Ngũ Hành Sơn, Đà Nẵng","Phòng trọ. Đẹp mới xây 3.5 triệu/tháng 30 m 2 Ngũ Hành Sơn, Đà Nẵng Phòng trọ có gác lửng. Diện tích 30m vuôngThuận tiện cho v/c trẻ. K22/102 trần Hoành * gần trường cấp 1,2,3 * gần chợ Khuê Mỹ * gần đường chính… 7 năm trước",https://phongtro123.com/tinh-thanh/da-nang/phong-tro-dep-moi-xay.html,2026-05-15T11:09:43
phongtro123,"Cho thuê phòng trọ ở Nguyễn Chánh, Liên Chiểu",1.4 triệu/tháng,20,"Liên Chiểu, Đà Nẵng","Cho thuê phòng trọ ở Nguyễn Chánh, Liên Chiểu 1.4 triệu/tháng 20 m 2 Liên Chiểu, Đà Nẵng Khu nhà trọ 2 tầng mới xây, có gác lửng, nhà vệ sinh khép kín, thoáng mát, sạch sẽ, giao thông đi lại thuận tiện, gần chợ. Có Camera an ninh. 7 năm trước",https://phongtro123.com/tinh-thanh/da-nang/cho-thue-phong-tro-o-nguyen-chanh-lien-chieu.html,2026-05-15T11:09:43
phongtro123,Cho thuê phòng trọ mặt tiền làm Văn Phòng,3.2 triệu/tháng,30,"Cẩm Lệ, Đà Nẵng","Cho thuê phòng trọ mặt tiền làm Văn Phòng 3.2 triệu/tháng 30 m 2 Cẩm Lệ, Đà Nẵng Cho thuê phòng trọ mặt tiền làm Văn Phòng, gần đh Ngoại Ngữ, giá 3tr2. 7 năm trước",https://phongtro123.com/tinh-thanh/da-nang/cho-thue-phong-tro-mat-tien-lam-van-phong.html,2026-05-15T11:09:43
phongtro123,Cho thuê Phòng trọ khu vực Hòa Cường,2.2 triệu/tháng,20,"Hải Châu, Đà Nẵng","Cho thuê Phòng trọ khu vực Hòa Cường 2.2 triệu/tháng 20 m 2 Hải Châu, Đà Nẵng Cho thuê phòng trọ mới xây, vị trí ngay gần trung tâm thành phố, rất sạch sẽ, wifi, camera an ninh, nhà để xe rộng rãi, có wc, kệ bếp khép kín. Không chung… 7 năm trước",https://phongtro123.com/tinh-thanh/da-nang/cho-thue-phong-tro-khu-vuc-hoa-cuong.html,2026-05-15T11:09:43
phongtro123,"cho thuê phòng trọ mới xây 2 mặt tiền, đường 10m5, sau lưng bệnh viện ung bướu, gần trường học",2 triệu/tháng,2,"Liên Chiểu, Đà Nẵng","cho thuê phòng trọ mới xây 2 mặt tiền, đường 10m5, sau lưng bệnh viện ung bướu, gần trường học 2 triệu/tháng 20 m 2 Liên Chiểu, Đà Nẵng nhà trọ mới xây, 2 mặt tiền, đường chơn tâm 6 và đường 10m5, đối diện là công viên thoáng mát, gần bệnh viện, trường học. 7 năm trước",https://phongtro123.com/tinh-thanh/da-nang/cho-thue-phong-tro-moi-xay-2-mat-tien-duong-10m5-sau-lung-benh-vien-ung-buou-gan-truong-hoc.html,2026-05-15T11:09:43
phongtro123,Dãy trọ mới xây 2 tầng gần KCN Hòa Khánh,1.5 triệu/tháng,20,"Liên Chiểu, Đà Nẵng","Dãy trọ mới xây 2 tầng gần KCN Hòa Khánh 1.5 triệu/tháng 20 m 2 Liên Chiểu, Đà Nẵng Dãy trọ 2 tầng luôn tràn ngập ánh sáng, thoáng, gió thổi mát từ sáng tới chiềuGiá thuê: 1.5tr-1.7trGiá thuê: - Giá thuê 1.7tr: đối với phòng mặt tiền… 7 năm trước",https://phongtro123.com/tinh-thanh/da-nang/day-tro-moi-xay-2-tang-gan-kcn-hoa-khanh.html,2026-05-15T11:09:43
phongtro123,CHO THUÊ PHÒNG TRỌ CAO CẤP - ĐẦY ĐỦ TIỆN NGHI - 25M² - GIÁ 3.5 TRIỆU/THÁNG,3.5 TRIỆU/THÁNG,25,"Hải Châu, Đà Nẵng","CHO THUÊ PHÒNG TRỌ CAO CẤP - ĐẦY ĐỦ TIỆN NGHI - 25M² - GIÁ 3.5 TRIỆU/THÁNG 3.5 triệu/tháng 25 m 2 Hải Châu, Đà Nẵng - Gần trung tâm thành phố: cách chợ Hòa Cường 50m, cách sân bay Quốc Tế 5 phút, nằm ngay khu ẩm thực Lê Thanh NghịPHÒNG ĐẦY NẮNG & GIÓ- Diện tích: 20 -… 7 năm trước",https://phongtro123.com/tinh-thanh/da-nang/cho-thue-phong-tro-cao-cap-day-du-tien-nghi-25m%c2%b2-gia-3-5trd-thang.html,2026-05-15T11:09:43
phongtro123,"Cho thuê phòng trọ tại Cẩm Lệ, Đà Nẵng",2.2 triệu/tháng,25,"Cẩm Lệ, Đà Nẵng","Cho thuê phòng trọ tại Cẩm Lệ, Đà Nẵng 2.2 triệu/tháng 25 m 2 Cẩm Lệ, Đà Nẵng Nhà mói xây đường 5,5, khu dân cư an ninh tốt.gần chợ,gần trường học,.diện tích 25m .ưu tiên vc trẻ,bạn nữ đv,bạn nữ đi làm 7 năm trước",https://phongtro123.com/tinh-thanh/da-nang/cho-thue-phong-tro-tai-cam-le-da-nang.html,2026-05-15T11:09:43
phongtro123,Cho thuê phòng trọ khu vực Khuê Mỹ,2.5 triệu/tháng,24,"Ngũ Hành Sơn, Đà Nẵng","Cho thuê phòng trọ khu vực Khuê Mỹ 2.5 triệu/tháng 24 m 2 Ngũ Hành Sơn, Đà Nẵng Cho thuê phòng trọ diện tích 22-24m2, gác lửng 10m2 , nhà 3 tầng kiên cố mới xây, đường kiệt bê tông ô tô trần hoành thông bùi tá hán, nguyễn đình… 7 năm trước",https://phongtro123.com/tinh-thanh/da-nang/cho-thue-phong-tro-khu-vuc-khue-my.html,2026-05-15T11:09:43
phongtro123,"Cần cho thuê phòng trọ gần cầu Sông Hàn - đường Trần Nhân Tông, Sơn Trà",,20,"Sơn Trà, Đà Nẵng","Cần cho thuê phòng trọ gần cầu Sông Hàn - đường Trần Nhân Tông, Sơn Trà 2 đồng/tháng 20 m 2 Sơn Trà, Đà Nẵng Cho thuê phòng trị đường trần nhân tông phòng có gác lửng khu vực trung tâm, thoáng , sạch sẽ. Địa chỉ: Đường Trần Nhân Tông, Phường An Hải Bắc,… 7 năm trước",https://phongtro123.com/tinh-thanh/da-nang/can-cho-thue-phong-tro-gan-cau-song-han-duong-tran-nhan-tong-son-tra.html,2026-05-15T11:09:43
phongtro123,Phòng trọ chất lượng tại Đà Nẵng,1.6 triệu/tháng,16,"Cẩm Lệ, Đà Nẵng","Phòng trọ chất lượng tại Đà Nẵng 1.6 triệu/tháng 16 m 2 Cẩm Lệ, Đà Nẵng Cho thuê phòng trọ chất lượng tại Đà Nẵng:Địa chỉ : 67 Lương Định Của, phường Khuê trung, Cẩm Lệ, Đà NẵngNhà ở mặt tiền đường 10m5, khu vực… 7 năm trước",https://phongtro123.com/tinh-thanh/da-nang/phong-tro-chat-luong-tai-da-nang.html,2026-05-15T11:09:43
phongtro123,"Cho thuê phòng trọ tại K404/H20/05 Trần Cao Vân, Liên Hệ : 0905.329.321",1.2 triệu/tháng,20,"Thanh Khê, Đà Nẵng","Cho thuê phòng trọ tại K404/H20/05 Trần Cao Vân, Liên Hệ : 0905.329.321 1.2 triệu/tháng 20 m 2 Thanh Khê, Đà Nẵng Cho thuê phòng trọ Tại K404/H20/05 Trần cao Vân, Phường Xuân Hà, Quận Thanh KhêDiện Tích :20m2Gần chợ, gần trường họcCó sân phơi đồ, chổ để xeCó… 7 năm trước",https://phongtro123.com/tinh-thanh/da-nang/cho-thue-phong-tro-tai-k404-h20-05-tran-cao-van-lien-he-0905-329-321.html,2026-05-15T11:09:43
phongtro123,Cho thuê phòng trọ tại K404/H20/05 Trần Cao Vân,1.2 triệu/tháng,20,"Thanh Khê, Đà Nẵng","Cho thuê phòng trọ tại K404/H20/05 Trần Cao Vân 1.2 triệu/tháng 20 m 2 Thanh Khê, Đà Nẵng Cho thuê phòng trọ Tại K404/H20/05 Trần cao VânDiện Tích :20m2Gần chợ, gần trường họcCó sân phơi, thoáng mát, yên tịnh, phù hợp cho sinh viênGiá… 7 năm trước",https://phongtro123.com/tinh-thanh/da-nang/cho-thue-phong-tro-tai-k404-h20-05-tran-cao-van.html,2026-05-15T11:09:43
phongtro123,Cho Nữ Thuê Phòng Đẹp 20m2 Giá Rẻ Trung Tâm Đà Nẵng,2.5 triệu/tháng,20,"Hải Châu, Đà Nẵng","Cho Nữ Thuê Phòng Đẹp 20m2 Giá Rẻ Trung Tâm Đà Nẵng 2.5 triệu/tháng 20 m 2 Hải Châu, Đà Nẵng Cho NỮ thuê phòng Trọ đường Ngô Gia Tự nằm ở Trung Tâm Quận Hải Châu gần ngay trung tâm hành chính Thành Phố Đà Nẵng thuận tiện cho việc đi học hay đi… 7 năm trước",https://phongtro123.com/tinh-thanh/da-nang/cho-nu-thue-phong-dep-20-m2-gia-re-trung-tam-da-nang.html,2026-05-15T11:09:43
phongtro123,"Cho thuê căn hộ mini 1PN và 2PN xinh xắn đường Trần Cao Vân giá 2tr4, trung tâm thành phố",2.4 triệu/tháng,25,"Thanh Khê, Đà Nẵng","Cho thuê căn hộ mini 1PN và 2PN xinh xắn đường Trần Cao Vân giá 2tr4, trung tâm thành phố 2.4 triệu/tháng 25 m 2 Thanh Khê, Đà Nẵng Căn hộ mini xinh xắn mới xây cho thuê, ưu tiên gia đình, có bảo vệ an ninh, nhà xe rộng thoáng, hệ thống PCCC đầy đủ, đường mặt tiền Trần Cao Vân, Thanh… 7 năm trước",https://phongtro123.com/tinh-thanh/da-nang/cho-thue-can-ho-mini-1pn-va-2pn-xinh-xan-duong-tran-cao-van-gia-2tr4-trung-tam-thanh-pho.html,2026-05-15T11:09:43
phongtro123,Phòng trọ mới xây Đẹp như KS 5 sao,4.2 triệu/tháng,37,"Thanh Khê, Đà Nẵng","Phòng trọ mới xây Đẹp như KS 5 sao 4.2 triệu/tháng 37 m 2 Thanh Khê, Đà Nẵng TRỌ MỚI XÂY ĐẸP NHƯ KHÁCH SẠN 5 SAO♥️ Chỉ còn một phòng♥️ DT: 37m2, tiện nghi: tủ lạnh, điều hòa, nóng lạnh, quạt, tivi,truyền hình cáp, wifi,… 7 năm trước",https://phongtro123.com/tinh-thanh/da-nang/phong-tro-moi-xay-dep-nhu-ks-5-sao.html,2026-05-15T11:09:43
phongtro123,"Cho thuê phòng trọ mới, thuận tiện giá rẻ tại Đà Nẵng",1.5 triệu/tháng,15,"Cẩm Lệ, Đà Nẵng","Cho thuê phòng trọ mới, thuận tiện giá rẻ tại Đà Nẵng 1.5 triệu/tháng 15 m 2 Cẩm Lệ, Đà Nẵng Nhà trọ mới xây khép kín, có gác lửng, toàn bộ tường ốp gạch men sạch sẽ, có lối đi, chỗ để xe riêng. Khu trọ riêng biệt an ninh tốt. Nằm trên mặt… 7 năm trước",https://phongtro123.com/tinh-thanh/da-nang/cho-thue-phong-tro-moi-thuan-tien-gia-re-tai-da-nang.html,2026-05-15T11:09:43
phongtro123,"Homestay Sala cho thuê trọ ở ghép lâu dà 149 Nguyễn Công Trứ, quận Sơn Trà",1.7 triệu/tháng,125,"Sơn Trà, Đà Nẵng","Homestay Sala cho thuê trọ ở ghép lâu dà 149 Nguyễn Công Trứ, quận Sơn Trà 1.7 triệu/tháng 125 m 2 Sơn Trà, Đà Nẵng Homestay SALACho thuê trọ lâu dàiPhòng 3 - 4 giường1 người 1 giường riêng ( gồm chăn, màn, nệm, gối),tủ quần áo bàn làm việc riêngGIÁ: 1.700.000vnd/ 1… 7 năm trước",https://phongtro123.com/tinh-thanh/da-nang/homestay-sala-cho-thue-tro-o-ghep-lau-da-149-nguyen-cong-tru-quan-son-tra.html,2026-05-15T11:09:43
phongtro123,"Cho thuê phòng, Sơn Thủy Đông 1, Ngũ Hành Sơn có thang máy, mới 100%",7 triệu/tháng,40,"Ngũ Hành Sơn, Đà Nẵng","Cho thuê phòng, Sơn Thủy Đông 1, Ngũ Hành Sơn có thang máy, mới 100% 7 triệu/tháng 40 m 2 Ngũ Hành Sơn, Đà Nẵng Cho thuê căn hộ Apartment. Mới 100%.Vị trí đường sơn thủy đông 1, gần trung tâm hành chính quận Ngũ Hành Sơn, cách biển 300m, khu vực tập trung đông đúc,… 7 năm trước",https://phongtro123.com/tinh-thanh/da-nang/cho-thue-phong-son-thuy-dong-1-ngu-hanh-son-co-thang-may-moi-100.html,2026-05-15T11:09:47
phongtro123,PHÒNG TRỌ ĐẦY ĐỦ TIỆN NGHI – NGAY TTTP ĐÀ NẴNG,2.2 triệu/tháng,20,"Thanh Khê, Đà Nẵng","PHÒNG TRỌ ĐẦY ĐỦ TIỆN NGHI – NGAY TTTP ĐÀ NẴNG 2.2 triệu/tháng 20 m 2 Thanh Khê, Đà Nẵng Cho thuê phòng trọ cao cấp, full nội thất, đầy đủ tiện nghi (wifi, máy nước nóng, tủ, bàn, ghế, giường, nệm, nhà để xe,…)Phòng ở không chung chủ,… 7 năm trước",https://phongtro123.com/tinh-thanh/da-nang/phong-tro-day-du-tien-nghi-ngay-tttp-da-nang.html,2026-05-15T11:09:47
phongtro123,CẦN CHO THUÊ PHÒNG ĐẸP TTTP,3.5 triệu/tháng,25,"Thanh Khê, Đà Nẵng","CẦN CHO THUÊ PHÒNG ĐẸP TTTP 3.5 triệu/tháng 25 m 2 Thanh Khê, Đà Nẵng Nhà nằm ngay mặt tiền Huỳnh Ngọc Huệ, khu dân cư văn hóa.Đối diện Vinmart, gần nhiều tiệm thuốc tây , quán cà phê đẹp, quán ăn ngon chất lượng giá… 7 năm trước",https://phongtro123.com/tinh-thanh/da-nang/can-cho-thue-phong-dep-tttp.html,2026-05-15T11:09:47
phongtro123,Cho thuê phòng trọ gần khu Công Nghiệp Hòa Khánh,1.4 triệu/tháng,17,"Liên Chiểu, Đà Nẵng","Cho thuê phòng trọ gần khu Công Nghiệp Hòa Khánh 1.4 triệu/tháng 17 m 2 Liên Chiểu, Đà Nẵng Phòng trọ mới xây - Gần trục đường Âu Cơ - Khu CN Hòa Khánh- Đầy đủ tiện nghi, gác lửng, bếp, rửa bát, bệ xí bệt, giường có sẵn.- Gần chợ,… 7 năm trước",https://phongtro123.com/tinh-thanh/da-nang/cho-thue-phong-tro-gan-khu-cong-nghiep-hoa-khanh.html,2026-05-15T11:09:47
phongtro123,"Phòng trọ 30m2 đường Nguyễn Xuân Hữu, Cẩm Lệ",3 triệu/tháng,30,"Cẩm Lệ, Đà Nẵng","Phòng trọ 30m2 đường Nguyễn Xuân Hữu, Cẩm Lệ 3 triệu/tháng 30 m 2 Cẩm Lệ, Đà Nẵng Cho thuê dãy nhà trọ14 phòng mới xây dựng tại đường Nguyễn Xuân Hữu, phường Hòa Thọ Đông, quận Cẩm Lệ, TP. Đà Nẵng (đối diện quán cà phê An, lô 12,… 7 năm trước",https://phongtro123.com/tinh-thanh/da-nang/phong-tro-30m2-duong-nguyen-xuan-huu-cam-le.html,2026-05-15T11:09:47
phongtro123,"Cho thuê phòng trọ ở Hòa Hải, Ngũ Hành Sơn, 25m2 (có gác lửng) giá từ 1,5 tr -2tr/thg",2 triệu/tháng,25,"Ngũ Hành Sơn, Đà Nẵng","Cho thuê phòng trọ ở Hòa Hải, Ngũ Hành Sơn, 25m2 (có gác lửng) giá từ 1,5 tr -2tr/thg 2 triệu/tháng 25 m 2 Ngũ Hành Sơn, Đà Nẵng Cho thuê lâu dài nhà trọ khép kín, 25m2 (có gác lửng), nhiều cửa sổ lớn, thoáng mát, an ninh tốt, gần bãi tắm Tân Trà, resort ven biển, khu FPT, sân Golf qt,… 7 năm trước",https://phongtro123.com/tinh-thanh/da-nang/cho-thue-phong-tro-o-hoa-hai-ngu-hanh-son-25m2-co-gac-lung-gia-tu-15-tr-2tr-thg.html,2026-05-15T11:09:47
phongtro123,Cần nhượng lại trọ kv bến xe,1.8 triệu/tháng,18,"Cẩm Lệ, Đà Nẵng","Cần nhượng lại trọ kv bến xe 1.8 triệu/tháng 18 m 2 Cẩm Lệ, Đà Nẵng Mình cần nhượng lại phòng trọ . Đúng hơn là phòng khách sạn ở đường Cao Sơn Pháo Gần bến xe đà nẵngGiá thuê là 1tr8/thang (trả 3th/lần)Hiện tại… 7 năm trước",https://phongtro123.com/tinh-thanh/da-nang/can-nhuong-lai-tro-kv-ben-xe.html,2026-05-15T11:09:47
phongtro123,"Nhà trọ hiện đại trung tâm ĐH Ngoại ngữ, Kiến Trúc, Đông Á",2.8 triệu/tháng,18,"Cẩm Lệ, Đà Nẵng","Nhà trọ hiện đại trung tâm ĐH Ngoại ngữ, Kiến Trúc, Đông Á 2.8 triệu/tháng 18 m 2 Cẩm Lệ, Đà Nẵng Khu vực trung tâm giữa các trường Đại học Ngoại ngữ, Kiến Trúc, Đông Á, cách Công viên Châu Á 5 phút di chuyển.Phòng thuê trọ hiện đại, giờ giấc… 7 năm trước",https://phongtro123.com/tinh-thanh/da-nang/nha-tro-hien-dai-trung-tam-dh-ngoai-ngu-kien-truc-dong-a.html,2026-05-15T11:09:47
phongtro123,"CHO THUÊ PHÒNG TRỌ 15M2, NÚI THÀNH, HẢI CHÂU, ĐÀ NẴNG",2.5 triệu/tháng,15,"HẢI CHÂU, ĐÀ NẴNG","CHO THUÊ PHÒNG TRỌ 15M2, NÚI THÀNH, HẢI CHÂU, ĐÀ NẴNG 2.5 triệu/tháng 15 m 2 Hải Châu, Đà Nẵng Phòng tầng 2, tầng 3, tầng 4 ( phòng tầng 4 giá 2triệu3/tháng).15 m2, có thể ở 2-3 người. Mới xây, sạch sẽ, thoáng mát. Có gác lửng, hành lang phơi… 7 năm trước",https://phongtro123.com/tinh-thanh/da-nang/cho-thue-phong-tro-15m2-nui-thanh-hai-chau-da-nang.html,2026-05-15T11:09:47
phongtro123,"Cho thuê phòng đường Nguyễn Sắc Kim, Hòa Xuân, đối diện trường Chú ếch con, Võ Chí Công",2 triệu/tháng,20,"Cẩm Lệ, Đà Nẵng","Cho thuê phòng đường Nguyễn Sắc Kim, Hòa Xuân, đối diện trường Chú ếch con, Võ Chí Công 2 triệu/tháng 20 m 2 Cẩm Lệ, Đà Nẵng Tôi mới xây căn nhà 2 tầng, rất đẹp. Do nhu cầu sử dụng không hết. Muốn cho 1 bạn Nữ thuê 1 phòng. Phòng đẹp, hiện đại, thoáng mát. Vị trí:… 7 năm trước",https://phongtro123.com/tinh-thanh/da-nang/cho-thue-phong-duong-nguyen-sac-kim-hoa-xuan-doi-dien-truong-chu-ech-con-vo-chi-cong.html,2026-05-15T11:09:47
phongtro123,"phòng trọ gần Đại học Kiến trúc, Đông Á Đà Nẵng",2.5 triệu/tháng,20,"Hải Châu, Đà Nẵng","phòng trọ gần Đại học Kiến trúc, Đông Á Đà Nẵng 2.5 triệu/tháng 20 m 2 Hải Châu, Đà Nẵng Phòng trọ gần trường Đông Á, Kiến Trúc Đà Nẵng, phòng rộng, thoáng mát, có gác lững rộng ở được 3-4 người, gần chợ đầu mối Hòa Cường, vào ở… 7 năm trước",https://phongtro123.com/tinh-thanh/da-nang/phong-tro-gan-dai-hoc-kien-truc-dong-a-da-nang.html,2026-05-15T11:09:47
phongtro123,Căn hộ cao cấp 107 Hoàng Thúc Trâm gần trung tâm TP Đà Nẵng,3 triệu/tháng,16,"Hải Châu, Đà Nẵng","Căn hộ cao cấp 107 Hoàng Thúc Trâm gần trung tâm TP Đà Nẵng 3 triệu/tháng 16 m 2 Hải Châu, Đà Nẵng Căn hộ 107 Hoàng Thúc Trâm, còn 1 phòng đẹp thoáng mát mới xây, có thể ở ngay, điều hòa, nóng lạnh thang máy bảo vệ 24/24, giờ giấc thoải mái, 7 năm trước",https://phongtro123.com/tinh-thanh/da-nang/can-ho-cao-cap-107-hoang-thuc-tram-gan-trung-tam-tp-da-nang.html,2026-05-15T11:09:47
phongtro123,"Cho thuê phòng trọ mới xây full nội thất Hòa Cường Bắc, quận Hải Châu",4 triệu/tháng,25,"Hải Châu, Đà Nẵng","Cho thuê phòng trọ mới xây full nội thất Hòa Cường Bắc, quận Hải Châu 4 triệu/tháng 25 m 2 Hải Châu, Đà Nẵng Còn 01 căn phòng trọ mới xây cho thuêDiện tích sử dụng: 25 m2, gồm 01 phòng ngủ trên gác lửng sàn gỗ, bếp, WC . Được trang bị đầy đủ tiện nghi… 7 năm trước",https://phongtro123.com/tinh-thanh/da-nang/cho-thue-phong-tro-moi-xay-full-noi-that-hoa-cuong-bac-quan-hai-chau.html,2026-05-15T11:09:47
phongtro123,Cho thuê phòng trọ trong nhà đường Trưng Nữ Vương,1 triệu/tháng,100,"Hải Châu, Đà Nẵng","Cho thuê phòng trọ trong nhà đường Trưng Nữ Vương 1 triệu/tháng 100 m 2 Hải Châu, Đà Nẵng Phòng rộng rãi, thoáng mát, sạch sẽĐịa chỉ: 664 Đường Trưng Nữ Vương, Phường Hòa Thuận Tây, Quận Hải Châu, Đà Nẵngcó chỗ để xe, phơi quần… 7 năm trước",https://phongtro123.com/tinh-thanh/da-nang/cho-thue-phong-tro-trong-nha-duong-trung-nu-vuong.html,2026-05-15T11:09:47
phongtro123,"Phòng trọ gác lửng 585 Lê Văn Hiến, giờ giấc tự do",2.5 triệu/tháng,15,"Ngũ Hành Sơn, Đà Nẵng","Phòng trọ gác lửng 585 Lê Văn Hiến, giờ giấc tự do 2.5 triệu/tháng 15 m 2 Ngũ Hành Sơn, Đà Nẵng Phòng có gác lửng thoáng mát sạch sẽ, gần chợ, gần các trường Đại học, khu resort, an ninh tốtĐịa chỉ: 585 Đường Lê Văn Hiến, Phường Hòa Hải,… 7 năm trước",https://phongtro123.com/tinh-thanh/da-nang/phong-tro-gac-lung-585-le-van-hien-gio-giac-tu-do.html,2026-05-15T11:09:47
phongtro123,Cho thuê phòng trọ cao cấp mới xây tại đường Khuê Mỹ 7 gần Đường Hồ Xuân Hương,2.6 triệu/tháng,26,"Ngũ Hành Sơn, Đà Nẵng","Cho thuê phòng trọ cao cấp mới xây tại đường Khuê Mỹ 7 gần Đường Hồ Xuân Hương 2.6 triệu/tháng 26 m 2 Ngũ Hành Sơn, Đà Nẵng Cho thuê Phòng trọ cao cấp mới xây tại đường KHUÊ MỸ ĐÔNG 7 gần Đường hồ xuân hương.*** Vị trí; nằm mặt tiền đường Khuê mỹ đông 7 (đường 7.5m… 7 năm trước",https://phongtro123.com/tinh-thanh/da-nang/cho-thue-phong-tro-cao-cap-moi-xay-tai-duong-khue-my-dong-7-gan-duong-ho-xuan-huong.html,2026-05-15T11:09:47
phongtro123,"PHÒNG Ở DÀI HẠN KV AN HẢI BẮC, GẦN ĐH FPT, KCN AN ĐỒN",3.9 triệu/tháng,25,"Sơn Trà, Đà Nẵng","PHÒNG Ở DÀI HẠN KV AN HẢI BẮC, GẦN ĐH FPT, KCN AN ĐỒN 3.9 triệu/tháng 25 m 2 Sơn Trà, Đà Nẵng - Phòng 1 giường lớn, 15m2 (1-2 người ở), giá 3.900.000 đ/tháng- Phòng 2 giường lớn, 25m2 (2-4 người ở), giá 4.000.000 - 6.000.000 đ/thángGiá thuê đã bao gồm:… 7 năm trước",https://phongtro123.com/tinh-thanh/da-nang/phong-o-dai-han-kv-an-hai-bac-gan-dh-fpt-kcn-an-don.html,2026-05-15T11:09:47
phongtro123,Phòng tiện nghi- có gác lửng- gần chợ Mai,3.95 triệu/tháng,40,"Sơn Trà, Đà Nẵng","Phòng tiện nghi- có gác lửng- gần chợ Mai 3.95 triệu/tháng 40 m 2 Sơn Trà, Đà Nẵng Cho thuê phòng cao cấp- tiện nghi có gác3.950.000 ₫Đà NẵngCòn 1 phòng trống từ ngày 6/11/20181. Vị trí: Gần đường Nguyễn Phan Vinh, Sơn Trà.- Phòng… 7 năm trước",https://phongtro123.com/tinh-thanh/da-nang/phong-tien-nghi-co-gac-lung-gan-cho-mai.html,2026-05-15T11:09:47
phongtro123,Cho thuê nhà đường Mê Linh (đường số 5 cũ),1.5 triệu/tháng,30,"Liên Chiểu, Đà Nẵng","Cho thuê nhà đường Mê Linh (đường số 5 cũ) 1.5 triệu/tháng 30 m 2 Liên Chiểu, Đà Nẵng Nhà rộng 30m2, cách khu công nghiệp Hòa Khánh 600m, cách trường học các cấp dưới 1km, gần chợ Nam Ô. Nhà khép kín, chủ nhà tốt và thân thiện. 7 năm trước",https://phongtro123.com/tinh-thanh/da-nang/cho-thue-nha-duong-me-linh-duong-so-5-cu.html,2026-05-15T11:09:47
phongtro123,Phòng trọ đẹp mới 16 Dương Văn An,3 triệu/tháng,20,"Sơn Trà, Đà Nẵng","Phòng trọ đẹp mới 16 Dương Văn An 3 triệu/tháng 20 m 2 Sơn Trà, Đà Nẵng Cần cho thuê phòng trọ đẹp, sạch sẽ, thoáng mát 16 Dương Văn AnPhòng rộng 20m2, có wc Vip khép kín, có giường tủ bằng gỗ mới, có nóng lạnh, điều hòa,… 7 năm trước",https://phongtro123.com/tinh-thanh/da-nang/phong-tro-dep-moi-16-duong-van-an.html,2026-05-15T11:09:47
phongtro123,Phòng trọ đẹp mới xây cho nữ thuê giá tốt,2.5 triệu/tháng,22,"Hải Châu, Đà Nẵng","Phòng trọ đẹp mới xây cho nữ thuê giá tốt 2.5 triệu/tháng 22 m 2 Hải Châu, Đà Nẵng Phòng Trọ đẹp mới xây diện tích 22 m2 ở khu vực trung tâm Quận Hải Châu gần Cầu Sông Hàn cho Nữ Thuê Gía Tốt , phòng có diện tích lớn nên có thể ở… 7 năm trước",https://phongtro123.com/tinh-thanh/da-nang/phong-tro-dep-moi-xay-cho-nu-thue-gia-tot.html,2026-05-15T11:09:50
phongtro123,"Phòng trọ Hải Châu 25m2, gần các Trường Đại Học",2.5 triệu/tháng,25,"Hải Châu, Đà Nẵng","Phòng trọ Hải Châu 25m2, gần các Trường Đại Học 2.5 triệu/tháng 25 m 2 Hải Châu, Đà Nẵng Khu nhà có vị trí thuận lợi: Gần công viên, gần trường học ... Tổng diện tích 25m2, gần chợ đầu mối, gần các trường đại học, phòng rộng rãi thoáng… 7 năm trước",https://phongtro123.com/tinh-thanh/da-nang/phong-tro-hai-chau-25m2-gan-cac-truong-dai-hoc.html,2026-05-15T11:09:50
phongtro123,Cho thuê phòng trọ đầy đủ tiện nghi gần CĐ Thương Mại,1.8 triệu/tháng,22,"Thanh Khê, Đà Nẵng","Cho thuê phòng trọ đầy đủ tiện nghi gần CĐ Thương Mại 1.8 triệu/tháng 22 m 2 Thanh Khê, Đà Nẵng Cho thuê phòng trọ đầy đủ tiện nghi, giờ giấc tự do, vệ sinh trong, có sẵn điều hoà, nước nóng, quạt, giường gỗ, nệm, tivi, có cửa sổ thoáng mát,… 7 năm trước",https://phongtro123.com/tinh-thanh/da-nang/cho-thue-phong-tro-day-du-tien-nghi-gan-cd-thuong-mai.html,2026-05-15T11:09:50
phongtro123,Nhà trọ 5 tầng với nhiều phòng cho thuê,3.4 triệu/tháng,50,"Sơn Trà, Đà Nẵng","Nhà trọ 5 tầng với nhiều phòng cho thuê 3.4 triệu/tháng 50 m 2 Sơn Trà, Đà Nẵng Tất cả phòng Lớn Nhỏ đều bao tiền nước, internet, truyền hình cáp, máy giặt chung sân phơi tầng 5, chỗ để xe rộng rãi tầng 1. Wc riêng, nước nóng lạnh… 7 năm trước",https://phongtro123.com/tinh-thanh/da-nang/nha-tro-5-tang-voi-nhieu-phong-cho-thue.html,2026-05-15T11:09:50
phongtro123,Cho nữ thuê phòng trọ đẹp giá tốt ở trung tâm Đà Nẵng,2.5 triệu/tháng,20,"Hải Châu, Đà Nẵng","Cho nữ thuê phòng trọ đẹp giá tốt ở trung tâm Đà Nẵng 2.5 triệu/tháng 20 m 2 Hải Châu, Đà Nẵng Cho NỮ thuê phòng trọ Đẹp giá Tốt ở trung tâm Quận Hải Châu , Thành Phố Đà Nẵng . Ưu điểm là phòng có diện tích lớn , sạch sẽ , mới , thoáng mát ,… 7 năm trước",https://phongtro123.com/tinh-thanh/da-nang/cho-nu-thue-phong-tro-dep-gia-tot-o-trung-tam-da-nang.html,2026-05-15T11:09:50
phongtro123,"Phòng nghỉ cho thuê trọ gần khu công nghiệp Hòa Cầm, Cẩm Lệ, Đà Nẵng",2 triệu/tháng,25,"Cẩm Lệ, Đà Nẵng","Phòng nghỉ cho thuê trọ gần khu công nghiệp Hòa Cầm, Cẩm Lệ, Đà Nẵng 2 triệu/tháng 25 m 2 Cẩm Lệ, Đà Nẵng Phòng trong nhà ở nguyên cănPhòng được thiết kế như căn hộ với đầy đủ các tiện ích sinh hoạt: giường.bếp.nhà vệ sinh.ban côngCó nước nóng năng… 7 năm trước",https://phongtro123.com/tinh-thanh/da-nang/phong-nghi-cho-thue-tro-gan-khu-cong-nghiep-hoa-cam-cam-le-da-nang.html,2026-05-15T11:09:50
phongtro123,Cho thuê phòng giá cả hợp lý 2tr4 tháng bao gồm tiền điện nước,,20,"Sơn Trà, Đà Nẵng","Cho thuê phòng giá cả hợp lý 2tr4 tháng bao gồm tiền điện nước 2.4 tỷ/tháng 20 m 2 Sơn Trà, Đà Nẵng Cho thuê phòng đường an cư 6 gần đường hồ nghinh khu dân trí cao an ninh tốt . Giá phòng hợp lý 2tr4 một phòng bao gồm tiền điện nước. Ai có nhu cầu xin… 7 năm trước",https://phongtro123.com/tinh-thanh/da-nang/cho-thue-phong-gia-ca-hop-ly-2tr4-thang-bao-gom-tien-dien-nuoc.html,2026-05-15T11:09:50
phongtro123,Cho thuê tầng 3 trong nhà trọ 3 tầng kiệt 294/26 Điện Biên Phủ,4.2 triệu/tháng,70,"Thanh Khê, Đà Nẵng","Cho thuê tầng 3 trong nhà trọ 3 tầng kiệt 294/26 Điện Biên Phủ 4.2 triệu/tháng 70 m 2 Thanh Khê, Đà Nẵng cho thuê phòng trong nhà trọ 3 tầng kiẹt 294/26 đường Điện Biên Phủ. Phòng rộng, sạch sẽ, thoáng mát.Diện tích: 70m2, có thể ở đc 4-5 người. Phù hợp… 7 năm trước",https://phongtro123.com/tinh-thanh/da-nang/cho-thue-tang-3-trong-nha-tro-3-tang-kiet-294-26-dien-bien-phu.html,2026-05-15T11:09:50
phongtro123,"Phòng trọ cho người đi làm, chỉ việc dọn vào ở, đã đầy đủ tiện nghi-0917875659",2.5 triệu/tháng,32,"Sơn Trà, Đà Nẵng","Phòng trọ cho người đi làm, chỉ việc dọn vào ở, đã đầy đủ tiện nghi-0917875659 2.5 triệu/tháng 32 m 2 Sơn Trà, Đà Nẵng Phòng đã đầy đủ tiện nghi như máy lạnh, tủ đồ, quạt, ti vi, giường nêm, gối.....Địa chỉ: Phường Phước Mỹ, Quận Sơn Trà, Đà NẵngChỉ cần… 7 năm trước",https://phongtro123.com/tinh-thanh/da-nang/phong-tro-cho-nguoi-di-lam-chi-viec-don-vao-o-da-day-du-tien-nghi-0917875659.html,2026-05-15T11:09:50
phongtro123,Phòng Trọ Trong Nhà Nguyên Căn mới xây dựng,2 triệu/tháng,40,"Liên Chiểu, Đà Nẵng","Phòng Trọ Trong Nhà Nguyên Căn mới xây dựng 2 triệu/tháng 40 m 2 Liên Chiểu, Đà Nẵng Phòng Trọ Trong Nhà Nguyên Căn mới xây cực đẹp này, ở Kiệt 1, Hẽm 29 đường Hoàng Văn Thái. Ngay ngã ba Hoàng Văn Thái - Tôn Đức Thắng, gần trường Duy… 7 năm trước",https://phongtro123.com/tinh-thanh/da-nang/phong-tro-trong-nha-nguyen-can-moi-xay-dung.html,2026-05-15T11:09:50
phongtro123,Cho thuê phòng trọ đường Ngô Xuân Thu (phía bắc cầu Nam Ô),,16,"Liên Chiểu, Đà Nẵng","Cho thuê phòng trọ đường Ngô Xuân Thu (phía bắc cầu Nam Ô) 600.000 đồng/tháng 16 m 2 Liên Chiểu, Đà Nẵng Còn phòng trọ cho thuêĐịa chỉ: Đường Ngô Xuân Thu, (phía bắc cầu Nam Ô)Phòng có gác lửng, vệ sinh trong, sạch sẽ, yên tĩnhƯu tiên cho sinh viên hoặc… 7 năm trước",https://phongtro123.com/tinh-thanh/da-nang/cho-thue-phong-tro-duong-ngo-xuan-thu-phia-bac-cau-nam-o.html,2026-05-15T11:09:50
phongtro123,Cho thuê phòng mới tại đường Núi Thành,2.7 triệu/tháng,17,"Hải Châu, Đà Nẵng","Cho thuê phòng mới tại đường Núi Thành 2.7 triệu/tháng 17 m 2 Hải Châu, Đà Nẵng Địa chỉ : K - Núi Thành (gần đường 30-4, tượng đài 2-9, helio, nhà văn hóa thiếu nhi) , kiệt ngắn thông đường chính 2/9, Phan Đăng Lưu, Lưu Quý Kỳ. Gần… 7 năm trước",https://phongtro123.com/tinh-thanh/da-nang/cho-thue-phong-tro-moi-xay-can-ho-mini.html,2026-05-15T11:09:50
phongtro123,Khách sạn Sea Hải Yến cho thuê phòng lưu trú,4.5 triệu/tháng,20,"Sơn Trà, Đà Nẵng","Khách sạn Sea Hải Yến cho thuê phòng lưu trú 4.5 triệu/tháng 20 m 2 Sơn Trà, Đà Nẵng Khách sạn Sea Hải Yến cho thuê phòng lưu trúGiá cả từ 4.500.000 đồng đến 6.000.000 đồng/thángBao điện nước.Khách sạn gần tòa nhà Sơn Trà Ocean View,… 7 năm trước",https://phongtro123.com/tinh-thanh/da-nang/khach-san-sea-hai-yen-cho-thue-phong-luu-tru.html,2026-05-15T11:09:50
phongtro123,Phòng nhà nghỉ cho thuê trọ dài hạn,2.3 triệu/tháng,15,"Cẩm Lệ, Đà Nẵng","Phòng nhà nghỉ cho thuê trọ dài hạn 2.3 triệu/tháng 15 m 2 Cẩm Lệ, Đà Nẵng Nhà nghỉ cho thuê trọ dài hạnPhòng đầy đủ tiện nghi (tivi, tủ lạnh, điều hoà, máy giặt, máy nóng lạnh, tủ quần áo,...)Giá từ 2,3 triệu/1 tháng… 7 năm trước",https://phongtro123.com/tinh-thanh/da-nang/phong-nha-nghi-cho-thue-tro-dai-han.html,2026-05-15T11:09:50
phongtro123,CHO THUÊ PHÒNG TRỌ ĐẦY ĐỦ TIỆN NGHI-119 PHẠM HÙNG,2.7 triệu/tháng,25,"Cẩm Lệ, Đà Nẵng","CHO THUÊ PHÒNG TRỌ ĐẦY ĐỦ TIỆN NGHI-119 PHẠM HÙNG 2.7 triệu/tháng 25 m 2 Cẩm Lệ, Đà Nẵng Nhà trọ Hồng Ngọc -119 Phạm Hùng, Cẩm Lệ, Đà Nẵng.- Cho thuê phòng đầy đủ tiện nghi (Máy lạnh, nước nóng, máy giặt, giường, nệm, tủ ...)- Chỉ… 7 năm trước",https://phongtro123.com/tinh-thanh/da-nang/cho-thue-phong-tro-day-du-tien-nghi-119-pham-hung.html,2026-05-15T11:09:50
phongtro123,Mình muốn tìm phòng trọ ở quận Hải Châu. Mình tới Đà Nẵng học nên lạ nước lạ cái. Cảm ơn…,2 triệu/tháng,15,"Hải Châu, Đà Nẵng","Mình muốn tìm phòng trọ ở quận Hải Châu. Mình tới Đà Nẵng học nên lạ nước lạ cái. Cảm ơn… 2 triệu/tháng 15 m 2 Hải Châu, Đà Nẵng Mong mọi người giúp đỡ mình với ạ. Đang cần phòng gấp lắm ạ. Ai giúp mình mình hứa có hậu tạ. Địa chỉ: Phường Hòa Thuận Đông, Quận Hải Châu,… 7 năm trước",https://phongtro123.com/tinh-thanh/da-nang/minh-muon-tim-phong-tro-o-quan-hai-chau-minh-toi-da-nang-hoc-nen-la-nuoc-la-cai-cam-on-a-%e2%98%98%ef%b8%8f.html,2026-05-15T11:09:50
phongtro123,Cho thuê phòng trọ tại kiệt 408/h47 Hoàng Diệu,2.2 triệu/tháng,20,"Hải Châu, Đà Nẵng","Cho thuê phòng trọ tại kiệt 408/h47 Hoàng Diệu 2.2 triệu/tháng 20 m 2 Hải Châu, Đà Nẵng Kiệt 408 Hoàng Diệu, s= 20m2, còn mới, có tolet riêng, phòng ở độc lập, gần trường Đông á, trường Đại học Y dược đường Hùng Vương, giá… 7 năm trước",https://phongtro123.com/tinh-thanh/da-nang/cho-thue-phong-tro-tai-kiet-408-h47-hoang-dieu.html,2026-05-15T11:09:50
phongtro123,"CHO THUÊ PHÒNG TRỌ QUẬN LIÊN CHIỂU, ĐÀ NẴNG, GIÁ BAO GỒM ĐIỆN NƯỚC",3 triệu/tháng,25,"LIÊN CHIỂU, ĐÀ NẴNG","CHO THUÊ PHÒNG TRỌ QUẬN LIÊN CHIỂU, ĐÀ NẴNG, GIÁ BAO GỒM ĐIỆN NƯỚC 3 triệu/tháng 25 m 2 Liên Chiểu, Đà Nẵng - Địa chỉ: Nguyễn xí, Hòa Minh, Liên Chiểu.- Gần cầu vượt Ngã ba Huế, gần các trường ĐH, cách ĐH Sư Phạm 3km, ĐH Bách Khoa 3km, ĐH FPT 900m, Cao Đẳng… 7 năm trước",https://phongtro123.com/tinh-thanh/da-nang/cho-thue-phong-tro-quan-lien-chieu-da-nang-gia-bao-gom-dien-nuoc.html,2026-05-15T11:09:50
phongtro123,Kiếm trọ cho 3 người. Giá 2tr5 ok ạ,2 triệu/tháng,20,"Cẩm Lệ, Đà Nẵng","Kiếm trọ cho 3 người. Giá 2tr5 ok ạ 2 triệu/tháng 20 m 2 Cẩm Lệ, Đà Nẵng Có liên hệ . Cho tụi e thuê với ạ . Tụi e đang cần gấp để đi học . Tụi em sinh viên . Mong mọi người giúp đỡ cho e ạ 7 năm trước",https://phongtro123.com/tinh-thanh/da-nang/kiem-tro-cho-3-nguoi-gia-2tr5-ok-a.html,2026-05-15T11:09:50
phongtro123,Cho thuê phòng trọ đường Ngô Xuân Thu,,18,"Liên Chiểu, Đà Nẵng","Cho thuê phòng trọ đường Ngô Xuân Thu 600.000 đồng/tháng 18 m 2 Liên Chiểu, Đà Nẵng Cho thuê phòng trọ giá bình dân- phòng sạch sẽ, thoáng mát, có gác lửng, toilet trong, an ninh tốt, giờ giấc tự do- thích hợp sinh viên hoặc gđ trẻ- địa… 7 năm trước",https://phongtro123.com/tinh-thanh/da-nang/cho-thue-phong-tro-duong-ngo-xuan-thu.html,2026-05-15T11:09:50
phongtro123,Phòng trọ cho thuê có máy lạnh đầy đủ tiện nghi (chỉ việc vào ở),2.5 triệu/tháng,20,"Sơn Trà, Đà Nẵng","Phòng trọ cho thuê có máy lạnh đầy đủ tiện nghi (chỉ việc vào ở) 2.5 triệu/tháng 20 m 2 Sơn Trà, Đà Nẵng Phòng đầy đủ tiện nghi chỉ việc vào ở, giờ giấc tự do, rất phù hợp với ng đi công tác xa hoặc đi làm. có thể ở ghép thì chi phí nhỏ hơn 7 năm trước",https://phongtro123.com/tinh-thanh/da-nang/phong-tro-cho-thue-co-may-lanh-day-du-tien-nghi-chi-viec-vao-o.html,2026-05-15T11:09:54
phongtro123,Em cần kiếm phòng trọ hoặc nhà ở 3 người,2.5 triệu/tháng,25,"Hải Châu, Đà Nẵng","Em cần kiếm phòng trọ hoặc nhà ở 3 người 2.5 triệu/tháng 25 m 2 Hải Châu, Đà Nẵng Ở giữa trường đại học kỹ thuật y dược và trường cao đẳng giao thông vận tải trung ương V cơ sở 2 7 năm trước",https://phongtro123.com/tinh-thanh/da-nang/em-can-kiem-phong-tro-hoac-nha-o-3-nguoi.html,2026-05-15T11:09:54
phongtro123,CHO THUÊ PHÒNG TRỌ KHU VỰC GẦN TRUNG TÂM,2.4 triệu/tháng,20,"Hải Châu, Đà Nẵng","CHO THUÊ PHÒNG TRỌ KHU VỰC GẦN TRUNG TÂM 2.4 triệu/tháng 20 m 2 Hải Châu, Đà Nẵng Phòng trọ mới xây, rất thoáng mát, diện tích 20m2, WC sạch sẽ, có máy nước nóng, khu vực an ninh vì đa số là người đi làm, giờ giấc tự do, wifi miễn… 7 năm trước",https://phongtro123.com/tinh-thanh/da-nang/cho-thue-phong-tro-khu-vuc-gan-trung-tam.html,2026-05-15T11:09:54
phongtro123,Cho thuê liền 4 phòng trọ máy lạnh giá từ 1tr7 - Phòng trọ nhà biệt thự cấp 3 gần ĐH Duy Tân -…,1.7 triệu/tháng,16,"Liên Chiểu, Đà Nẵng","Cho thuê liền 4 phòng trọ máy lạnh giá từ 1tr7 - Phòng trọ nhà biệt thự cấp 3 gần ĐH Duy Tân -… 1.7 triệu/tháng 16 m 2 Liên Chiểu, Đà Nẵng Cho thuê liền 4 phòng trọ máy lạnh giá từ 1tr7 - Phòng trọ nhà biệt thự cấp 3 số 157c Hoàng Văn Thái - gần ĐH Duy Tân - Quận Liên ChiểuKiệt an ninh - yên… 7 năm trước",https://phongtro123.com/tinh-thanh/da-nang/cho-thue-lien-4-phong-tro-may-lanh-gia-tu-1tr7-phong-tro-nha-biet-thu-cap-3-gan-dh-duy-tan-quan-lien-chieu.html,2026-05-15T11:09:54
phongtro123,Cho thuê phòng ngay trung tâm thành phố Đà Nẵng,4 triệu/tháng,20,"Hải Châu, Đà Nẵng","Cho thuê phòng ngay trung tâm thành phố Đà Nẵng 4 triệu/tháng 20 m 2 Hải Châu, Đà Nẵng Cần cho thuê phòng đẹp, đầy đủ nội thất!Vị trí ngay trung tâm thành phố, gần cầu sông Hàn, trung tâm hành chính, chợ Đống Đa, bệnh viện và trường… 7 năm trước",https://phongtro123.com/tinh-thanh/da-nang/cho-thue-phong-ngay-trung-tam-thanh-pho-da-nang.html,2026-05-15T11:09:54
phongtro123,PHÒNG TRỌ ĐẦY ĐỦ TIỆN NGHI-119 PHẠM HÙNG,2.2 triệu/tháng,20,"Cẩm Lệ, Đà Nẵng","PHÒNG TRỌ ĐẦY ĐỦ TIỆN NGHI-119 PHẠM HÙNG 2.2 triệu/tháng 20 m 2 Cẩm Lệ, Đà Nẵng Phòng cho thuê đẹp, mới, sạch sẽ, đầy đủ tiện nghi ( tivi, tủ lạnh, máy giặt, máy lạnh) Diện tích 20m2, mặt tiền Phạm Hùng, cách cầu cẩm lệ… 7 năm trước",https://phongtro123.com/tinh-thanh/da-nang/phong-tro-day-du-tien-nghi-119-pham-hung.html,2026-05-15T11:09:54
phongtro123,"Cần thuê phòng trọ tại Hải Châu, Đà Nẵng có wc riêng 2 người ở",1 triệu/tháng,20,"Hải Châu, Đà Nẵng","Cần thuê phòng trọ tại Hải Châu, Đà Nẵng có wc riêng 2 người ở 1 triệu/tháng 20 m 2 Hải Châu, Đà Nẵng Phòng thoáng mát có chỗ phơi đồ ,chỗ để xe wc riêng k chung chủ… 7 năm trước",https://phongtro123.com/tinh-thanh/da-nang/can-theu-phong-tro-tai-hai-chau-da-nang-co-wc-rieng-2-ng-o.html,2026-05-15T11:09:54
phongtro123,Còn 3 phòng trọ chung chủ cần cho thuê,1.5 triệu/tháng,25,"Hải Châu, Đà Nẵng","Còn 3 phòng trọ chung chủ cần cho thuê 1.5 triệu/tháng 25 m 2 Hải Châu, Đà Nẵng Nhà trọ ở trên lầu 2, chủ ở lầu 1. Lối đi lên phòng không ảnh hưởng gì tới chủ. Giờ giấc tự do, có chìa khóa mở cửa riêng. Gần tiệm tạp hóa .… 7 năm trước",https://phongtro123.com/tinh-thanh/da-nang/con-3-phong-tro-chung-chu-can-cho-thue.html,2026-05-15T11:09:54
phongtro123,Cho thuê phòng trọ tháng mát độc lập trung tâm thành phố,2.5 triệu/tháng,30,"Thanh Khê, Đà Nẵng","Cho thuê phòng trọ tháng mát độc lập trung tâm thành phố 2.5 triệu/tháng 30 m 2 Thanh Khê, Đà Nẵng Nhà trọ độc lập, gần công viên 29/3, gần siêu thị Nguyễn Kim, gần bệnh viện đà nẵng, bệnh viện bình dân, gần chợ tam thuận 7 năm trước",https://phongtro123.com/tinh-thanh/da-nang/cho-thue-phong-tro-thang-mat-doc-lap-trung-tam-thanh-pho.html,2026-05-15T11:09:54
phongtro123,Cho thuê phòng trọ ngay trung tâm thành phố Đà Nẵng,2 triệu/tháng,25,"Hải Châu, Đà Nẵng","Cho thuê phòng trọ ngay trung tâm thành phố Đà Nẵng 2 triệu/tháng 25 m 2 Hải Châu, Đà Nẵng Cho thuê phòng trọ ngay trung tâm thành phố đà nẵng, rộng rãi thoáng mát,riêng biệt, phòng mới sửa sang mới toanh, phòng có hiên để phơi áo quần, rộng… 7 năm trước",https://phongtro123.com/tinh-thanh/da-nang/cho-thue-phong-tro-ngay-trung-tam-thanh-pho-da-nang.html,2026-05-15T11:09:54
phongtro123,"Cho thuê phòng trọ tiện nghi, trung tâm 329 Nguyễn Hữu Thọ",3.5 triệu/tháng,32,"Hải Châu, Đà Nẵng","Cho thuê phòng trọ tiện nghi, trung tâm 329 Nguyễn Hữu Thọ 3.5 triệu/tháng 32 m 2 Hải Châu, Đà Nẵng Phòng như hình, chỉ dọn đến ở.Vị trí trung tâm, gần bv quốc tế VINMEC, gân dh ngoại ngữ, Gần tuyến đường 30/4,2/9... Phòng trước là khách sạn nên… 8 năm trước",https://phongtro123.com/tinh-thanh/da-nang/cho-thue-phong-tro-tien-nghi-trung-tam-329-nguyen-huu-tho.html,2026-05-15T11:09:54
phongtro123,Cho thuê nhà trọ mini gần bến xe trung tâm Đà Nẵng,2.3 triệu/tháng,15,"Liên Chiểu, Đà Nẵng","Cho thuê nhà trọ mini gần bến xe trung tâm Đà Nẵng 2.3 triệu/tháng 15 m 2 Liên Chiểu, Đà Nẵng Cho thuê nhà trọ mini cho gđ nhỏ, 2 vợ chồng và con nhỏĐường Thanh Tịnh, gần bến xeLiên hệ : 0935354658 8 năm trước",https://phongtro123.com/tinh-thanh/da-nang/cho-thue-nha-tro-mini-gan-ben-xe-trung-tam-da-nang.html,2026-05-15T11:09:54
phongtro123,Em cần tìm trọ gần khu vực Sơn Trà và Hải Châu,2 triệu/tháng,20,"Hải Châu, Đà Nẵng","Em cần tìm trọ gần khu vực Sơn Trà và Hải Châu 2 triệu/tháng 20 m 2 Hải Châu, Đà Nẵng Em cần tìm trọ gần khu vực sơn trà và hải châu để tiện đi làm anh chị nào có thì gọi hoặc liên lạc facebook em sẽ đến ngay.cảm ở nhiều. Đang cần… 8 năm trước",https://phongtro123.com/tinh-thanh/da-nang/em-can-tim-tro-gan-khu-vuc-son-tra-va-hai-chau.html,2026-05-15T11:09:54
phongtro123,"Cho thuê phòng trọ ở tầng 2, sạch sẽ, thoáng mát, có lối đi riêng, có sân để xe",1.8 triệu/tháng,20,"Cẩm Lệ, Đà Nẵng","Cho thuê phòng trọ ở tầng 2, sạch sẽ, thoáng mát, có lối đi riêng, có sân để xe 1.8 triệu/tháng 20 m 2 Cẩm Lệ, Đà Nẵng Phòng ơ tầng 2’ sạch sẽ thoang mát, có sân để xe, có cầu thang đi riêngTại số nhà 18 Phạm sư mạnh, phường Khuê trung, quận cẩm. Lệ, Đà NẵngLiên… 8 năm trước",https://phongtro123.com/tinh-thanh/da-nang/cho-thue-phong-tro-o-tang-2-sach-se-thoang-mat-co-loi-di-rieng-co-san-de-xe.html,2026-05-15T11:09:54
phongtro123,CHO THUÊ PHÒNG TRỌ CAO CẤP GIÁ RẺ - TIỆN NGHI - NHÀ MỚI 100%,3.5 triệu/tháng,20,"Ngũ Hành Sơn, Đà Nẵng","CHO THUÊ PHÒNG TRỌ CAO CẤP GIÁ RẺ - TIỆN NGHI - NHÀ MỚI 100% 3.5 triệu/tháng 20 m 2 Ngũ Hành Sơn, Đà Nẵng *****MÔ TẢ CHI TIẾT: - Diện tích 15-20m2, có cửa sổ riêng, hành lang riêng *- Mỗi phòng đều có bếp nấu ăn riêng, chỗ phơi đồ riêng, WC cũng riêng tư… 8 năm trước",https://phongtro123.com/tinh-thanh/da-nang/cho-thue-phong-tro-cao-cap-gia-re-tien-nghi-nha-moi-100.html,2026-05-15T11:09:54
phongtro123,Cần thuê phòng trọ cho nữ ở lâu dài,1 triệu/tháng,20,"Hải Châu, Đà Nẵng","Cần thuê phòng trọ cho nữ ở lâu dài 1 triệu/tháng 20 m 2 Hải Châu, Đà Nẵng phòng có nhà vệ sinh riênggần chợ, gần công viên càng tốtkhông ở chung với chủcó chỗ để xeĐ/C: Quận Hải Châu, Đà Nẵng 8 năm trước",https://phongtro123.com/tinh-thanh/da-nang/can-thue-phong-tro-cho-nu-o-lau-dai.html,2026-05-15T11:09:54
phongtro123,"Cho thuê phòng mới xây cực đẹp, vị trí trung tâm",2 triệu/tháng,18,"Hải Châu, Đà Nẵng","Cho thuê phòng mới xây cực đẹp, vị trí trung tâm 2 triệu/tháng 18 m 2 Hải Châu, Đà Nẵng Cho thuê phòng trọ mới xây 100% tại 19 Hàn Thuyên, vị trí trung tâm, chỉ cách cầu Rồng 2km, rất gần và các trường ĐH lớn Ngoại ngữ, Kiến Trúc, Đông Á,… 8 năm trước",https://phongtro123.com/tinh-thanh/da-nang/cho-thue-phong-moi-xay-cuc-dep-vi-tri-trung-tam.html,2026-05-15T11:09:54
phongtro123,Em là sinh viên muốn tìm 1 phòng trọ hoặc là phòng nhà nguyên căn ở tầm 4 người,2 triệu/tháng,25,"Hải Châu, Đà Nẵng","Em là sinh viên muốn tìm 1 phòng trọ hoặc là phòng nhà nguyên căn ở tầm 4 người 2 triệu/tháng 25 m 2 Hải Châu, Đà Nẵng Em cần tìm trọ gần khu vực sơn trà và hải châu để tiện đi làm anh chị nào có thì gọi hoặc liên lạc facebook em sẽ đến ngay.cảm ở nhiều. 8 năm trước",https://phongtro123.com/tinh-thanh/da-nang/em-la-sinh-vien-muon-tim-1-phong-tro-hoac-la-phong-nha-nguyen-can-o-tam-4-nguoi.html,2026-05-15T11:09:54
phongtro123,Cho thuê căn hộ mini hạng sang giá rẻ tại Hòa Khánh,1.6 triệu/tháng,30,"Liên Chiểu, Đà Nẵng","Cho thuê căn hộ mini hạng sang giá rẻ tại Hòa Khánh 1.6 triệu/tháng 30 m 2 Liên Chiểu, Đà Nẵng Còn Lại 5 căn hộ mini hạng sạng, trong 20 căn hộ giá rẻ, vị trí số 85A phan văn định, Phường hòa khánh, Quận liên chiểu ngay sát ngã 3 phan văn định và… 8 năm trước",https://phongtro123.com/tinh-thanh/da-nang/cho-thue-can-ho-mini-hang-sang-gia-re-tai-hoa-khanh.html,2026-05-15T11:09:54
phongtro123,"Cho thuê phòng trọ tiện nghi, an toàn , gần chợ,trường học",1 triệu/tháng,20,"Cẩm Lệ, Đà Nẵng","Cho thuê phòng trọ tiện nghi, an toàn , gần chợ,trường học 1 triệu/tháng 20 m 2 Cẩm Lệ, Đà Nẵng Còn 2 phòng trống cần cho thuêNhà có vị trí thuận lợi, gần bến xe, chợ, trường họcMặt tiền đường Đinh liệt ( ngay nhà xe Thái Sơn)LH: 0917238507 8 năm trước",https://phongtro123.com/tinh-thanh/da-nang/cho-thue-phong-tro-tien-nghi-an-toan-gan-chotruong-hoc.html,2026-05-15T11:09:54
